solid spiral_ribbon
  facet normal  0.000000e+00 -0.000000e+00 -1.000000e+00
    outer loop
      vertex  4.753026e-06  1.004977e-02  0.000000e+00
      vertex  2.701219e-04  1.002472e-02  0.000000e+00
      vertex -4.753026e-06  9.950226e-03  0.000000e+00
    endloop
  endfacet
  facet normal  0.000000e+00  0.000000e+00 -1.000000e+00
    outer loop
      vertex  2.701219e-04  1.002472e-02  0.000000e+00
      vertex  2.608179e-04  9.925154e-03  0.000000e+00
      vertex -4.753026e-06  9.950226e-03  0.000000e+00
    endloop
  endfacet
  facet normal  0.000000e+00  0.000000e+00  1.000000e+00
    outer loop
      vertex  4.753026e-06  1.004977e-02 -0.000000e+00
      vertex -4.753026e-06  9.950226e-03 -0.000000e+00
      vertex  2.701219e-04  1.002472e-02 -0.000000e+00
    endloop
  endfacet
  facet normal  0.000000e+00  0.000000e+00  1.000000e+00
    outer loop
      vertex  2.701219e-04  1.002472e-02 -0.000000e+00
      vertex -4.753026e-06  9.950226e-03 -0.000000e+00
      vertex  2.608179e-04  9.925154e-03 -0.000000e+00
    endloop
  endfacet
  facet normal  0.000000e+00  0.000000e+00  0.000000e+00
    outer loop
      vertex  4.753026e-06  1.004977e-02  0.000000e+00
      vertex  4.753026e-06  1.004977e-02 -0.000000e+00
      vertex  2.701219e-04  1.002472e-02 -0.000000e+00
    endloop
  endfacet
  facet normal  0.000000e+00  0.000000e+00  0.000000e+00
    outer loop
      vertex  4.753026e-06  1.004977e-02  0.000000e+00
      vertex  2.701219e-04  1.002472e-02 -0.000000e+00
      vertex  2.701219e-04  1.002472e-02  0.000000e+00
    endloop
  endfacet
  facet normal  0.000000e+00  0.000000e+00  0.000000e+00
    outer loop
      vertex -4.753026e-06  9.950226e-03  0.000000e+00
      vertex  2.608179e-04  9.925154e-03  0.000000e+00
      vertex -4.753026e-06  9.950226e-03 -0.000000e+00
    endloop
  endfacet
  facet normal  0.000000e+00  0.000000e+00  0.000000e+00
    outer loop
      vertex  2.608179e-04  9.925154e-03  0.000000e+00
      vertex  2.608179e-04  9.925154e-03 -0.000000e+00
      vertex -4.753026e-06  9.950226e-03 -0.000000e+00
    endloop
  endfacet
  facet normal  0.000000e+00 -0.000000e+00 -1.000000e+00
    outer loop
      vertex  2.701219e-04  1.002472e-02  0.000000e+00
      vertex  5.404291e-04  9.999664e-03  0.000000e+00
      vertex  2.608179e-04  9.925154e-03  0.000000e+00
    endloop
  endfacet
  facet normal  0.000000e+00  0.000000e+00 -1.000000e+00
    outer loop
      vertex  5.404291e-04  9.999664e-03  0.000000e+00
      vertex  5.312623e-04  9.900085e-03  0.000000e+00
      vertex  2.608179e-04  9.925154e-03  0.000000e+00
    endloop
  endfacet
  facet normal  0.000000e+00  0.000000e+00  1.000000e+00
    outer loop
      vertex  2.701219e-04  1.002472e-02 -0.000000e+00
      vertex  2.608179e-04  9.925154e-03 -0.000000e+00
      vertex  5.404291e-04  9.999664e-03 -0.000000e+00
    endloop
  endfacet
  facet normal  0.000000e+00  0.000000e+00  1.000000e+00
    outer loop
      vertex  5.404291e-04  9.999664e-03 -0.000000e+00
      vertex  2.608179e-04  9.925154e-03 -0.000000e+00
      vertex  5.312623e-04  9.900085e-03 -0.000000e+00
    endloop
  endfacet
  facet normal  0.000000e+00  0.000000e+00  0.000000e+00
    outer loop
      vertex  2.701219e-04  1.002472e-02  0.000000e+00
      vertex  2.701219e-04  1.002472e-02 -0.000000e+00
      vertex  5.404291e-04  9.999664e-03 -0.000000e+00
    endloop
  endfacet
  facet normal  0.000000e+00  0.000000e+00  0.000000e+00
    outer loop
      vertex  2.701219e-04  1.002472e-02  0.000000e+00
      vertex  5.404291e-04  9.999664e-03 -0.000000e+00
      vertex  5.404291e-04  9.999664e-03  0.000000e+00
    endloop
  endfacet
  facet normal  0.000000e+00  0.000000e+00  0.000000e+00
    outer loop
      vertex  2.608179e-04  9.925154e-03  0.000000e+00
      vertex  5.312623e-04  9.900085e-03  0.000000e+00
      vertex  2.608179e-04  9.925154e-03 -0.000000e+00
    endloop
  endfacet
  facet normal  0.000000e+00  0.000000e+00  0.000000e+00
    outer loop
      vertex  5.312623e-04  9.900085e-03  0.000000e+00
      vertex  5.312623e-04  9.900085e-03 -0.000000e+00
      vertex  2.608179e-04  9.925154e-03 -0.000000e+00
    endloop
  endfacet
  facet normal  0.000000e+00 -0.000000e+00 -1.000000e+00
    outer loop
      vertex  5.404291e-04  9.999664e-03  0.000000e+00
      vertex  8.139365e-04  9.974605e-03  0.000000e+00
      vertex  5.312623e-04  9.900085e-03  0.000000e+00
    endloop
  endfacet
  facet normal  0.000000e+00  0.000000e+00 -1.000000e+00
    outer loop
      vertex  8.139365e-04  9.974605e-03  0.000000e+00
      vertex  8.048452e-04  9.875019e-03  0.000000e+00
      vertex  5.312623e-04  9.900085e-03  0.000000e+00
    endloop
  endfacet
  facet normal  0.000000e+00  0.000000e+00  1.000000e+00
    outer loop
      vertex  5.404291e-04  9.999664e-03 -0.000000e+00
      vertex  5.312623e-04  9.900085e-03 -0.000000e+00
      vertex  8.139365e-04  9.974605e-03 -0.000000e+00
    endloop
  endfacet
  facet normal  0.000000e+00  0.000000e+00  1.000000e+00
    outer loop
      vertex  8.139365e-04  9.974605e-03 -0.000000e+00
      vertex  5.312623e-04  9.900085e-03 -0.000000e+00
      vertex  8.048452e-04  9.875019e-03 -0.000000e+00
    endloop
  endfacet
  facet normal  0.000000e+00  0.000000e+00  0.000000e+00
    outer loop
      vertex  5.404291e-04  9.999664e-03  0.000000e+00
      vertex  5.404291e-04  9.999664e-03 -0.000000e+00
      vertex  8.139365e-04  9.974605e-03 -0.000000e+00
    endloop
  endfacet
  facet normal  0.000000e+00  0.000000e+00  0.000000e+00
    outer loop
      vertex  5.404291e-04  9.999664e-03  0.000000e+00
      vertex  8.139365e-04  9.974605e-03 -0.000000e+00
      vertex  8.139365e-04  9.974605e-03  0.000000e+00
    endloop
  endfacet
  facet normal  0.000000e+00  0.000000e+00  0.000000e+00
    outer loop
      vertex  5.312623e-04  9.900085e-03  0.000000e+00
      vertex  8.048452e-04  9.875019e-03  0.000000e+00
      vertex  5.312623e-04  9.900085e-03 -0.000000e+00
    endloop
  endfacet
  facet normal  0.000000e+00  0.000000e+00  0.000000e+00
    outer loop
      vertex  8.048452e-04  9.875019e-03  0.000000e+00
      vertex  8.048452e-04  9.875019e-03 -0.000000e+00
      vertex  5.312623e-04  9.900085e-03 -0.000000e+00
    endloop
  endfacet
  facet normal  0.000000e+00 -0.000000e+00 -1.000000e+00
    outer loop
      vertex  8.139365e-04  9.974605e-03  0.000000e+00
      vertex  1.088848e-03  9.949543e-03  0.000000e+00
      vertex  8.048452e-04  9.875019e-03  0.000000e+00
    endloop
  endfacet
  facet normal  0.000000e+00  0.000000e+00 -1.000000e+00
    outer loop
      vertex  1.088848e-03  9.949543e-03  0.000000e+00
      vertex  1.079771e-03  9.849956e-03  0.000000e+00
      vertex  8.048452e-04  9.875019e-03  0.000000e+00
    endloop
  endfacet
  facet normal  0.000000e+00  0.000000e+00  1.000000e+00
    outer loop
      vertex  8.139365e-04  9.974605e-03 -0.000000e+00
      vertex  8.048452e-04  9.875019e-03 -0.000000e+00
      vertex  1.088848e-03  9.949543e-03 -0.000000e+00
    endloop
  endfacet
  facet normal  0.000000e+00  0.000000e+00  1.000000e+00
    outer loop
      vertex  1.088848e-03  9.949543e-03 -0.000000e+00
      vertex  8.048452e-04  9.875019e-03 -0.000000e+00
      vertex  1.079771e-03  9.849956e-03 -0.000000e+00
    endloop
  endfacet
  facet normal  0.000000e+00  0.000000e+00  0.000000e+00
    outer loop
      vertex  8.139365e-04  9.974605e-03  0.000000e+00
      vertex  8.139365e-04  9.974605e-03 -0.000000e+00
      vertex  1.088848e-03  9.949543e-03 -0.000000e+00
    endloop
  endfacet
  facet normal  0.000000e+00  0.000000e+00  0.000000e+00
    outer loop
      vertex  8.139365e-04  9.974605e-03  0.000000e+00
      vertex  1.088848e-03  9.949543e-03 -0.000000e+00
      vertex  1.088848e-03  9.949543e-03  0.000000e+00
    endloop
  endfacet
  facet normal  0.000000e+00  0.000000e+00  0.000000e+00
    outer loop
      vertex  8.048452e-04  9.875019e-03  0.000000e+00
      vertex  1.079771e-03  9.849956e-03  0.000000e+00
      vertex  8.048452e-04  9.875019e-03 -0.000000e+00
    endloop
  endfacet
  facet normal  0.000000e+00  0.000000e+00  0.000000e+00
    outer loop
      vertex  1.079771e-03  9.849956e-03  0.000000e+00
      vertex  1.079771e-03  9.849956e-03 -0.000000e+00
      vertex  8.048452e-04  9.875019e-03 -0.000000e+00
    endloop
  endfacet
  facet normal  0.000000e+00 -0.000000e+00 -1.000000e+00
    outer loop
      vertex  1.088848e-03  9.949543e-03  0.000000e+00
      vertex  1.363318e-03  9.924478e-03  0.000000e+00
      vertex  1.079771e-03  9.849956e-03  0.000000e+00
    endloop
  endfacet
  facet normal  0.000000e+00  0.000000e+00 -1.000000e+00
    outer loop
      vertex  1.363318e-03  9.924478e-03  0.000000e+00
      vertex  1.354196e-03  9.824895e-03  0.000000e+00
      vertex  1.079771e-03  9.849956e-03  0.000000e+00
    endloop
  endfacet
  facet normal  0.000000e+00  0.000000e+00  1.000000e+00
    outer loop
      vertex  1.088848e-03  9.949543e-03 -0.000000e+00
      vertex  1.079771e-03  9.849956e-03 -0.000000e+00
      vertex  1.363318e-03  9.924478e-03 -0.000000e+00
    endloop
  endfacet
  facet normal  0.000000e+00  0.000000e+00  1.000000e+00
    outer loop
      vertex  1.363318e-03  9.924478e-03 -0.000000e+00
      vertex  1.079771e-03  9.849956e-03 -0.000000e+00
      vertex  1.354196e-03  9.824895e-03 -0.000000e+00
    endloop
  endfacet
  facet normal  0.000000e+00  0.000000e+00  0.000000e+00
    outer loop
      vertex  1.088848e-03  9.949543e-03  0.000000e+00
      vertex  1.088848e-03  9.949543e-03 -0.000000e+00
      vertex  1.363318e-03  9.924478e-03 -0.000000e+00
    endloop
  endfacet
  facet normal  0.000000e+00  0.000000e+00  0.000000e+00
    outer loop
      vertex  1.088848e-03  9.949543e-03  0.000000e+00
      vertex  1.363318e-03  9.924478e-03 -0.000000e+00
      vertex  1.363318e-03  9.924478e-03  0.000000e+00
    endloop
  endfacet
  facet normal  0.000000e+00  0.000000e+00  0.000000e+00
    outer loop
      vertex  1.079771e-03  9.849956e-03  0.000000e+00
      vertex  1.354196e-03  9.824895e-03  0.000000e+00
      vertex  1.079771e-03  9.849956e-03 -0.000000e+00
    endloop
  endfacet
  facet normal  0.000000e+00  0.000000e+00  0.000000e+00
    outer loop
      vertex  1.354196e-03  9.824895e-03  0.000000e+00
      vertex  1.354196e-03  9.824895e-03 -0.000000e+00
      vertex  1.079771e-03  9.849956e-03 -0.000000e+00
    endloop
  endfacet
  facet normal  0.000000e+00 -0.000000e+00 -1.000000e+00
    outer loop
      vertex  1.363318e-03  9.924478e-03  0.000000e+00
      vertex  1.635471e-03  9.899410e-03  0.000000e+00
      vertex  1.354196e-03  9.824895e-03  0.000000e+00
    endloop
  endfacet
  facet normal  0.000000e+00  0.000000e+00 -1.000000e+00
    outer loop
      vertex  1.635471e-03  9.899410e-03  0.000000e+00
      vertex  1.626238e-03  9.799838e-03  0.000000e+00
      vertex  1.354196e-03  9.824895e-03  0.000000e+00
    endloop
  endfacet
  facet normal  0.000000e+00  0.000000e+00  1.000000e+00
    outer loop
      vertex  1.363318e-03  9.924478e-03 -0.000000e+00
      vertex  1.354196e-03  9.824895e-03 -0.000000e+00
      vertex  1.635471e-03  9.899410e-03 -0.000000e+00
    endloop
  endfacet
  facet normal  0.000000e+00  0.000000e+00  1.000000e+00
    outer loop
      vertex  1.635471e-03  9.899410e-03 -0.000000e+00
      vertex  1.354196e-03  9.824895e-03 -0.000000e+00
      vertex  1.626238e-03  9.799838e-03 -0.000000e+00
    endloop
  endfacet
  facet normal  0.000000e+00  0.000000e+00  0.000000e+00
    outer loop
      vertex  1.363318e-03  9.924478e-03  0.000000e+00
      vertex  1.363318e-03  9.924478e-03 -0.000000e+00
      vertex  1.635471e-03  9.899410e-03 -0.000000e+00
    endloop
  endfacet
  facet normal  0.000000e+00  0.000000e+00  0.000000e+00
    outer loop
      vertex  1.363318e-03  9.924478e-03  0.000000e+00
      vertex  1.635471e-03  9.899410e-03 -0.000000e+00
      vertex  1.635471e-03  9.899410e-03  0.000000e+00
    endloop
  endfacet
  facet normal  0.000000e+00  0.000000e+00  0.000000e+00
    outer loop
      vertex  1.354196e-03  9.824895e-03  0.000000e+00
      vertex  1.626238e-03  9.799838e-03  0.000000e+00
      vertex  1.354196e-03  9.824895e-03 -0.000000e+00
    endloop
  endfacet
  facet normal  0.000000e+00  0.000000e+00  0.000000e+00
    outer loop
      vertex  1.626238e-03  9.799838e-03  0.000000e+00
      vertex  1.626238e-03  9.799838e-03 -0.000000e+00
      vertex  1.354196e-03  9.824895e-03 -0.000000e+00
    endloop
  endfacet
  facet normal  0.000000e+00 -0.000000e+00 -1.000000e+00
    outer loop
      vertex  1.635471e-03  9.899410e-03  0.000000e+00
      vertex  1.903404e-03  9.874339e-03  0.000000e+00
      vertex  1.626238e-03  9.799838e-03  0.000000e+00
    endloop
  endfacet
  facet normal  0.000000e+00  0.000000e+00 -1.000000e+00
    outer loop
      vertex  1.903404e-03  9.874339e-03  0.000000e+00
      vertex  1.893991e-03  9.774783e-03  0.000000e+00
      vertex  1.626238e-03  9.799838e-03  0.000000e+00
    endloop
  endfacet
  facet normal  0.000000e+00  0.000000e+00  1.000000e+00
    outer loop
      vertex  1.635471e-03  9.899410e-03 -0.000000e+00
      vertex  1.626238e-03  9.799838e-03 -0.000000e+00
      vertex  1.903404e-03  9.874339e-03 -0.000000e+00
    endloop
  endfacet
  facet normal  0.000000e+00  0.000000e+00  1.000000e+00
    outer loop
      vertex  1.903404e-03  9.874339e-03 -0.000000e+00
      vertex  1.626238e-03  9.799838e-03 -0.000000e+00
      vertex  1.893991e-03  9.774783e-03 -0.000000e+00
    endloop
  endfacet
  facet normal  0.000000e+00  0.000000e+00  0.000000e+00
    outer loop
      vertex  1.635471e-03  9.899410e-03  0.000000e+00
      vertex  1.635471e-03  9.899410e-03 -0.000000e+00
      vertex  1.903404e-03  9.874339e-03 -0.000000e+00
    endloop
  endfacet
  facet normal  0.000000e+00  0.000000e+00  0.000000e+00
    outer loop
      vertex  1.635471e-03  9.899410e-03  0.000000e+00
      vertex  1.903404e-03  9.874339e-03 -0.000000e+00
      vertex  1.903404e-03  9.874339e-03  0.000000e+00
    endloop
  endfacet
  facet normal  0.000000e+00  0.000000e+00  0.000000e+00
    outer loop
      vertex  1.626238e-03  9.799838e-03  0.000000e+00
      vertex  1.893991e-03  9.774783e-03  0.000000e+00
      vertex  1.626238e-03  9.799838e-03 -0.000000e+00
    endloop
  endfacet
  facet normal  0.000000e+00  0.000000e+00  0.000000e+00
    outer loop
      vertex  1.893991e-03  9.774783e-03  0.000000e+00
      vertex  1.893991e-03  9.774783e-03 -0.000000e+00
      vertex  1.626238e-03  9.799838e-03 -0.000000e+00
    endloop
  endfacet
  facet normal  0.000000e+00 -0.000000e+00 -1.000000e+00
    outer loop
      vertex  1.903404e-03  9.874339e-03  0.000000e+00
      vertex  2.165208e-03  9.849264e-03  0.000000e+00
      vertex  1.893991e-03  9.774783e-03  0.000000e+00
    endloop
  endfacet
  facet normal  0.000000e+00  0.000000e+00 -1.000000e+00
    outer loop
      vertex  2.165208e-03  9.849264e-03  0.000000e+00
      vertex  2.155538e-03  9.749733e-03  0.000000e+00
      vertex  1.893991e-03  9.774783e-03  0.000000e+00
    endloop
  endfacet
  facet normal  0.000000e+00  0.000000e+00  1.000000e+00
    outer loop
      vertex  1.903404e-03  9.874339e-03 -0.000000e+00
      vertex  1.893991e-03  9.774783e-03 -0.000000e+00
      vertex  2.165208e-03  9.849264e-03 -0.000000e+00
    endloop
  endfacet
  facet normal  0.000000e+00  0.000000e+00  1.000000e+00
    outer loop
      vertex  2.165208e-03  9.849264e-03 -0.000000e+00
      vertex  1.893991e-03  9.774783e-03 -0.000000e+00
      vertex  2.155538e-03  9.749733e-03 -0.000000e+00
    endloop
  endfacet
  facet normal  0.000000e+00  0.000000e+00  0.000000e+00
    outer loop
      vertex  1.903404e-03  9.874339e-03  0.000000e+00
      vertex  1.903404e-03  9.874339e-03 -0.000000e+00
      vertex  2.165208e-03  9.849264e-03 -0.000000e+00
    endloop
  endfacet
  facet normal  0.000000e+00  0.000000e+00  0.000000e+00
    outer loop
      vertex  1.903404e-03  9.874339e-03  0.000000e+00
      vertex  2.165208e-03  9.849264e-03 -0.000000e+00
      vertex  2.165208e-03  9.849264e-03  0.000000e+00
    endloop
  endfacet
  facet normal  0.000000e+00  0.000000e+00  0.000000e+00
    outer loop
      vertex  1.893991e-03  9.774783e-03  0.000000e+00
      vertex  2.155538e-03  9.749733e-03  0.000000e+00
      vertex  1.893991e-03  9.774783e-03 -0.000000e+00
    endloop
  endfacet
  facet normal  0.000000e+00  0.000000e+00  0.000000e+00
    outer loop
      vertex  2.155538e-03  9.749733e-03  0.000000e+00
      vertex  2.155538e-03  9.749733e-03 -0.000000e+00
      vertex  1.893991e-03  9.774783e-03 -0.000000e+00
    endloop
  endfacet
  facet normal  0.000000e+00 -0.000000e+00 -1.000000e+00
    outer loop
      vertex  2.165208e-03  9.849264e-03  0.000000e+00
      vertex  2.418982e-03  9.824185e-03  0.000000e+00
      vertex  2.155538e-03  9.749733e-03  0.000000e+00
    endloop
  endfacet
  facet normal  0.000000e+00  0.000000e+00 -1.000000e+00
    outer loop
      vertex  2.418982e-03  9.824185e-03  0.000000e+00
      vertex  2.408964e-03  9.724688e-03  0.000000e+00
      vertex  2.155538e-03  9.749733e-03  0.000000e+00
    endloop
  endfacet
  facet normal  0.000000e+00  0.000000e+00  1.000000e+00
    outer loop
      vertex  2.165208e-03  9.849264e-03 -0.000000e+00
      vertex  2.155538e-03  9.749733e-03 -0.000000e+00
      vertex  2.418982e-03  9.824185e-03 -0.000000e+00
    endloop
  endfacet
  facet normal  0.000000e+00  0.000000e+00  1.000000e+00
    outer loop
      vertex  2.418982e-03  9.824185e-03 -0.000000e+00
      vertex  2.155538e-03  9.749733e-03 -0.000000e+00
      vertex  2.408964e-03  9.724688e-03 -0.000000e+00
    endloop
  endfacet
  facet normal  0.000000e+00  0.000000e+00  0.000000e+00
    outer loop
      vertex  2.165208e-03  9.849264e-03  0.000000e+00
      vertex  2.165208e-03  9.849264e-03 -0.000000e+00
      vertex  2.418982e-03  9.824185e-03 -0.000000e+00
    endloop
  endfacet
  facet normal  0.000000e+00  0.000000e+00  0.000000e+00
    outer loop
      vertex  2.165208e-03  9.849264e-03  0.000000e+00
      vertex  2.418982e-03  9.824185e-03 -0.000000e+00
      vertex  2.418982e-03  9.824185e-03  0.000000e+00
    endloop
  endfacet
  facet normal  0.000000e+00  0.000000e+00  0.000000e+00
    outer loop
      vertex  2.155538e-03  9.749733e-03  0.000000e+00
      vertex  2.408964e-03  9.724688e-03  0.000000e+00
      vertex  2.155538e-03  9.749733e-03 -0.000000e+00
    endloop
  endfacet
  facet normal  0.000000e+00  0.000000e+00  0.000000e+00
    outer loop
      vertex  2.408964e-03  9.724688e-03  0.000000e+00
      vertex  2.408964e-03  9.724688e-03 -0.000000e+00
      vertex  2.155538e-03  9.749733e-03 -0.000000e+00
    endloop
  endfacet
  facet normal  0.000000e+00 -0.000000e+00 -1.000000e+00
    outer loop
      vertex  2.418982e-03  9.824185e-03  0.000000e+00
      vertex  2.662841e-03  9.799099e-03  0.000000e+00
      vertex  2.408964e-03  9.724688e-03  0.000000e+00
    endloop
  endfacet
  facet normal  0.000000e+00  0.000000e+00 -1.000000e+00
    outer loop
      vertex  2.662841e-03  9.799099e-03  0.000000e+00
      vertex  2.652369e-03  9.699648e-03  0.000000e+00
      vertex  2.408964e-03  9.724688e-03  0.000000e+00
    endloop
  endfacet
  facet normal  0.000000e+00  0.000000e+00  1.000000e+00
    outer loop
      vertex  2.418982e-03  9.824185e-03 -0.000000e+00
      vertex  2.408964e-03  9.724688e-03 -0.000000e+00
      vertex  2.662841e-03  9.799099e-03 -0.000000e+00
    endloop
  endfacet
  facet normal  0.000000e+00  0.000000e+00  1.000000e+00
    outer loop
      vertex  2.662841e-03  9.799099e-03 -0.000000e+00
      vertex  2.408964e-03  9.724688e-03 -0.000000e+00
      vertex  2.652369e-03  9.699648e-03 -0.000000e+00
    endloop
  endfacet
  facet normal  0.000000e+00  0.000000e+00  0.000000e+00
    outer loop
      vertex  2.418982e-03  9.824185e-03  0.000000e+00
      vertex  2.418982e-03  9.824185e-03 -0.000000e+00
      vertex  2.662841e-03  9.799099e-03 -0.000000e+00
    endloop
  endfacet
  facet normal  0.000000e+00  0.000000e+00  0.000000e+00
    outer loop
      vertex  2.418982e-03  9.824185e-03  0.000000e+00
      vertex  2.662841e-03  9.799099e-03 -0.000000e+00
      vertex  2.662841e-03  9.799099e-03  0.000000e+00
    endloop
  endfacet
  facet normal  0.000000e+00  0.000000e+00  0.000000e+00
    outer loop
      vertex  2.408964e-03  9.724688e-03  0.000000e+00
      vertex  2.652369e-03  9.699648e-03  0.000000e+00
      vertex  2.408964e-03  9.724688e-03 -0.000000e+00
    endloop
  endfacet
  facet normal  0.000000e+00  0.000000e+00  0.000000e+00
    outer loop
      vertex  2.652369e-03  9.699648e-03  0.000000e+00
      vertex  2.652369e-03  9.699648e-03 -0.000000e+00
      vertex  2.408964e-03  9.724688e-03 -0.000000e+00
    endloop
  endfacet
  facet normal  0.000000e+00 -0.000000e+00 -1.000000e+00
    outer loop
      vertex  2.662841e-03  9.799099e-03  0.000000e+00
      vertex  2.894935e-03  9.774004e-03  0.000000e+00
      vertex  2.652369e-03  9.699648e-03  0.000000e+00
    endloop
  endfacet
  facet normal  0.000000e+00  0.000000e+00 -1.000000e+00
    outer loop
      vertex  2.894935e-03  9.774004e-03  0.000000e+00
      vertex  2.883878e-03  9.674617e-03  0.000000e+00
      vertex  2.652369e-03  9.699648e-03  0.000000e+00
    endloop
  endfacet
  facet normal  0.000000e+00  0.000000e+00  1.000000e+00
    outer loop
      vertex  2.662841e-03  9.799099e-03 -0.000000e+00
      vertex  2.652369e-03  9.699648e-03 -0.000000e+00
      vertex  2.894935e-03  9.774004e-03 -0.000000e+00
    endloop
  endfacet
  facet normal  0.000000e+00  0.000000e+00  1.000000e+00
    outer loop
      vertex  2.894935e-03  9.774004e-03 -0.000000e+00
      vertex  2.652369e-03  9.699648e-03 -0.000000e+00
      vertex  2.883878e-03  9.674617e-03 -0.000000e+00
    endloop
  endfacet
  facet normal  0.000000e+00  0.000000e+00  0.000000e+00
    outer loop
      vertex  2.662841e-03  9.799099e-03  0.000000e+00
      vertex  2.662841e-03  9.799099e-03 -0.000000e+00
      vertex  2.894935e-03  9.774004e-03 -0.000000e+00
    endloop
  endfacet
  facet normal  0.000000e+00  0.000000e+00  0.000000e+00
    outer loop
      vertex  2.662841e-03  9.799099e-03  0.000000e+00
      vertex  2.894935e-03  9.774004e-03 -0.000000e+00
      vertex  2.894935e-03  9.774004e-03  0.000000e+00
    endloop
  endfacet
  facet normal  0.000000e+00  0.000000e+00  0.000000e+00
    outer loop
      vertex  2.652369e-03  9.699648e-03  0.000000e+00
      vertex  2.883878e-03  9.674617e-03  0.000000e+00
      vertex  2.652369e-03  9.699648e-03 -0.000000e+00
    endloop
  endfacet
  facet normal  0.000000e+00  0.000000e+00  0.000000e+00
    outer loop
      vertex  2.883878e-03  9.674617e-03  0.000000e+00
      vertex  2.883878e-03  9.674617e-03 -0.000000e+00
      vertex  2.652369e-03  9.699648e-03 -0.000000e+00
    endloop
  endfacet
  facet normal  0.000000e+00 -0.000000e+00 -1.000000e+00
    outer loop
      vertex  2.894935e-03  9.774004e-03  0.000000e+00
      vertex  3.113466e-03  9.748898e-03  0.000000e+00
      vertex  2.883878e-03  9.674617e-03  0.000000e+00
    endloop
  endfacet
  facet normal  0.000000e+00  0.000000e+00 -1.000000e+00
    outer loop
      vertex  3.113466e-03  9.748898e-03  0.000000e+00
      vertex  3.101656e-03  9.649598e-03  0.000000e+00
      vertex  2.883878e-03  9.674617e-03  0.000000e+00
    endloop
  endfacet
  facet normal  0.000000e+00  0.000000e+00  1.000000e+00
    outer loop
      vertex  2.894935e-03  9.774004e-03 -0.000000e+00
      vertex  2.883878e-03  9.674617e-03 -0.000000e+00
      vertex  3.113466e-03  9.748898e-03 -0.000000e+00
    endloop
  endfacet
  facet normal  0.000000e+00  0.000000e+00  1.000000e+00
    outer loop
      vertex  3.113466e-03  9.748898e-03 -0.000000e+00
      vertex  2.883878e-03  9.674617e-03 -0.000000e+00
      vertex  3.101656e-03  9.649598e-03 -0.000000e+00
    endloop
  endfacet
  facet normal  0.000000e+00  0.000000e+00  0.000000e+00
    outer loop
      vertex  2.894935e-03  9.774004e-03  0.000000e+00
      vertex  2.894935e-03  9.774004e-03 -0.000000e+00
      vertex  3.113466e-03  9.748898e-03 -0.000000e+00
    endloop
  endfacet
  facet normal  0.000000e+00  0.000000e+00  0.000000e+00
    outer loop
      vertex  2.894935e-03  9.774004e-03  0.000000e+00
      vertex  3.113466e-03  9.748898e-03 -0.000000e+00
      vertex  3.113466e-03  9.748898e-03  0.000000e+00
    endloop
  endfacet
  facet normal  0.000000e+00  0.000000e+00  0.000000e+00
    outer loop
      vertex  2.883878e-03  9.674617e-03  0.000000e+00
      vertex  3.101656e-03  9.649598e-03  0.000000e+00
      vertex  2.883878e-03  9.674617e-03 -0.000000e+00
    endloop
  endfacet
  facet normal  0.000000e+00  0.000000e+00  0.000000e+00
    outer loop
      vertex  3.101656e-03  9.649598e-03  0.000000e+00
      vertex  3.101656e-03  9.649598e-03 -0.000000e+00
      vertex  2.883878e-03  9.674617e-03 -0.000000e+00
    endloop
  endfacet
  facet normal  0.000000e+00 -0.000000e+00 -1.000000e+00
    outer loop
      vertex  3.113466e-03  9.748898e-03  0.000000e+00
      vertex  3.316701e-03  9.723775e-03  0.000000e+00
      vertex  3.101656e-03  9.649598e-03  0.000000e+00
    endloop
  endfacet
  facet normal  0.000000e+00  0.000000e+00 -1.000000e+00
    outer loop
      vertex  3.316701e-03  9.723775e-03  0.000000e+00
      vertex  3.303919e-03  9.624596e-03  0.000000e+00
      vertex  3.101656e-03  9.649598e-03  0.000000e+00
    endloop
  endfacet
  facet normal  0.000000e+00  0.000000e+00  1.000000e+00
    outer loop
      vertex  3.113466e-03  9.748898e-03 -0.000000e+00
      vertex  3.101656e-03  9.649598e-03 -0.000000e+00
      vertex  3.316701e-03  9.723775e-03 -0.000000e+00
    endloop
  endfacet
  facet normal  0.000000e+00  0.000000e+00  1.000000e+00
    outer loop
      vertex  3.316701e-03  9.723775e-03 -0.000000e+00
      vertex  3.101656e-03  9.649598e-03 -0.000000e+00
      vertex  3.303919e-03  9.624596e-03 -0.000000e+00
    endloop
  endfacet
  facet normal  0.000000e+00  0.000000e+00  0.000000e+00
    outer loop
      vertex  3.113466e-03  9.748898e-03  0.000000e+00
      vertex  3.113466e-03  9.748898e-03 -0.000000e+00
      vertex  3.316701e-03  9.723775e-03 -0.000000e+00
    endloop
  endfacet
  facet normal  0.000000e+00  0.000000e+00  0.000000e+00
    outer loop
      vertex  3.113466e-03  9.748898e-03  0.000000e+00
      vertex  3.316701e-03  9.723775e-03 -0.000000e+00
      vertex  3.316701e-03  9.723775e-03  0.000000e+00
    endloop
  endfacet
  facet normal  0.000000e+00  0.000000e+00  0.000000e+00
    outer loop
      vertex  3.101656e-03  9.649598e-03  0.000000e+00
      vertex  3.303919e-03  9.624596e-03  0.000000e+00
      vertex  3.101656e-03  9.649598e-03 -0.000000e+00
    endloop
  endfacet
  facet normal  0.000000e+00  0.000000e+00  0.000000e+00
    outer loop
      vertex  3.303919e-03  9.624596e-03  0.000000e+00
      vertex  3.303919e-03  9.624596e-03 -0.000000e+00
      vertex  3.101656e-03  9.649598e-03 -0.000000e+00
    endloop
  endfacet
  facet normal  0.000000e+00 -0.000000e+00 -1.000000e+00
    outer loop
      vertex  3.316701e-03  9.723775e-03  0.000000e+00
      vertex  3.502994e-03  9.698627e-03  0.000000e+00
      vertex  3.303919e-03  9.624596e-03  0.000000e+00
    endloop
  endfacet
  facet normal  0.000000e+00  0.000000e+00 -1.000000e+00
    outer loop
      vertex  3.502994e-03  9.698627e-03  0.000000e+00
      vertex  3.488940e-03  9.599619e-03  0.000000e+00
      vertex  3.303919e-03  9.624596e-03  0.000000e+00
    endloop
  endfacet
  facet normal  0.000000e+00  0.000000e+00  1.000000e+00
    outer loop
      vertex  3.316701e-03  9.723775e-03 -0.000000e+00
      vertex  3.303919e-03  9.624596e-03 -0.000000e+00
      vertex  3.502994e-03  9.698627e-03 -0.000000e+00
    endloop
  endfacet
  facet normal  0.000000e+00  0.000000e+00  1.000000e+00
    outer loop
      vertex  3.502994e-03  9.698627e-03 -0.000000e+00
      vertex  3.303919e-03  9.624596e-03 -0.000000e+00
      vertex  3.488940e-03  9.599619e-03 -0.000000e+00
    endloop
  endfacet
  facet normal  0.000000e+00  0.000000e+00  0.000000e+00
    outer loop
      vertex  3.316701e-03  9.723775e-03  0.000000e+00
      vertex  3.316701e-03  9.723775e-03 -0.000000e+00
      vertex  3.502994e-03  9.698627e-03 -0.000000e+00
    endloop
  endfacet
  facet normal  0.000000e+00  0.000000e+00  0.000000e+00
    outer loop
      vertex  3.316701e-03  9.723775e-03  0.000000e+00
      vertex  3.502994e-03  9.698627e-03 -0.000000e+00
      vertex  3.502994e-03  9.698627e-03  0.000000e+00
    endloop
  endfacet
  facet normal  0.000000e+00  0.000000e+00  0.000000e+00
    outer loop
      vertex  3.303919e-03  9.624596e-03  0.000000e+00
      vertex  3.488940e-03  9.599619e-03  0.000000e+00
      vertex  3.303919e-03  9.624596e-03 -0.000000e+00
    endloop
  endfacet
  facet normal  0.000000e+00  0.000000e+00  0.000000e+00
    outer loop
      vertex  3.488940e-03  9.599619e-03  0.000000e+00
      vertex  3.488940e-03  9.599619e-03 -0.000000e+00
      vertex  3.303919e-03  9.624596e-03 -0.000000e+00
    endloop
  endfacet
  facet normal  0.000000e+00 -0.000000e+00 -1.000000e+00
    outer loop
      vertex  3.502994e-03  9.698627e-03  0.000000e+00
      vertex  3.670806e-03  9.673436e-03  0.000000e+00
      vertex  3.488940e-03  9.599619e-03  0.000000e+00
    endloop
  endfacet
  facet normal  0.000000e+00  0.000000e+00 -1.000000e+00
    outer loop
      vertex  3.670806e-03  9.673436e-03  0.000000e+00
      vertex  3.655052e-03  9.574684e-03  0.000000e+00
      vertex  3.488940e-03  9.599619e-03  0.000000e+00
    endloop
  endfacet
  facet normal  0.000000e+00  0.000000e+00  1.000000e+00
    outer loop
      vertex  3.502994e-03  9.698627e-03 -0.000000e+00
      vertex  3.488940e-03  9.599619e-03 -0.000000e+00
      vertex  3.670806e-03  9.673436e-03 -0.000000e+00
    endloop
  endfacet
  facet normal  0.000000e+00  0.000000e+00  1.000000e+00
    outer loop
      vertex  3.670806e-03  9.673436e-03 -0.000000e+00
      vertex  3.488940e-03  9.599619e-03 -0.000000e+00
      vertex  3.655052e-03  9.574684e-03 -0.000000e+00
    endloop
  endfacet
  facet normal  0.000000e+00  0.000000e+00  0.000000e+00
    outer loop
      vertex  3.502994e-03  9.698627e-03  0.000000e+00
      vertex  3.502994e-03  9.698627e-03 -0.000000e+00
      vertex  3.670806e-03  9.673436e-03 -0.000000e+00
    endloop
  endfacet
  facet normal  0.000000e+00  0.000000e+00  0.000000e+00
    outer loop
      vertex  3.502994e-03  9.698627e-03  0.000000e+00
      vertex  3.670806e-03  9.673436e-03 -0.000000e+00
      vertex  3.670806e-03  9.673436e-03  0.000000e+00
    endloop
  endfacet
  facet normal  0.000000e+00  0.000000e+00  0.000000e+00
    outer loop
      vertex  3.488940e-03  9.599619e-03  0.000000e+00
      vertex  3.655052e-03  9.574684e-03  0.000000e+00
      vertex  3.488940e-03  9.599619e-03 -0.000000e+00
    endloop
  endfacet
  facet normal  0.000000e+00  0.000000e+00  0.000000e+00
    outer loop
      vertex  3.655052e-03  9.574684e-03  0.000000e+00
      vertex  3.655052e-03  9.574684e-03 -0.000000e+00
      vertex  3.488940e-03  9.599619e-03 -0.000000e+00
    endloop
  endfacet
  facet normal  0.000000e+00 -0.000000e+00 -1.000000e+00
    outer loop
      vertex  3.670806e-03  9.673436e-03  0.000000e+00
      vertex  3.818740e-03  9.648172e-03  0.000000e+00
      vertex  3.655052e-03  9.574684e-03  0.000000e+00
    endloop
  endfacet
  facet normal  0.000000e+00  0.000000e+00 -1.000000e+00
    outer loop
      vertex  3.818740e-03  9.648172e-03  0.000000e+00
      vertex  3.800641e-03  9.549823e-03  0.000000e+00
      vertex  3.655052e-03  9.574684e-03  0.000000e+00
    endloop
  endfacet
  facet normal  0.000000e+00  0.000000e+00  1.000000e+00
    outer loop
      vertex  3.670806e-03  9.673436e-03 -0.000000e+00
      vertex  3.655052e-03  9.574684e-03 -0.000000e+00
      vertex  3.818740e-03  9.648172e-03 -0.000000e+00
    endloop
  endfacet
  facet normal  0.000000e+00  0.000000e+00  1.000000e+00
    outer loop
      vertex  3.818740e-03  9.648172e-03 -0.000000e+00
      vertex  3.655052e-03  9.574684e-03 -0.000000e+00
      vertex  3.800641e-03  9.549823e-03 -0.000000e+00
    endloop
  endfacet
  facet normal  0.000000e+00  0.000000e+00  0.000000e+00
    outer loop
      vertex  3.670806e-03  9.673436e-03  0.000000e+00
      vertex  3.670806e-03  9.673436e-03 -0.000000e+00
      vertex  3.818740e-03  9.648172e-03 -0.000000e+00
    endloop
  endfacet
  facet normal  0.000000e+00  0.000000e+00  0.000000e+00
    outer loop
      vertex  3.670806e-03  9.673436e-03  0.000000e+00
      vertex  3.818740e-03  9.648172e-03 -0.000000e+00
      vertex  3.818740e-03  9.648172e-03  0.000000e+00
    endloop
  endfacet
  facet normal  0.000000e+00  0.000000e+00  0.000000e+00
    outer loop
      vertex  3.655052e-03  9.574684e-03  0.000000e+00
      vertex  3.800641e-03  9.549823e-03  0.000000e+00
      vertex  3.655052e-03  9.574684e-03 -0.000000e+00
    endloop
  endfacet
  facet normal  0.000000e+00  0.000000e+00  0.000000e+00
    outer loop
      vertex  3.800641e-03  9.549823e-03  0.000000e+00
      vertex  3.800641e-03  9.549823e-03 -0.000000e+00
      vertex  3.655052e-03  9.574684e-03 -0.000000e+00
    endloop
  endfacet
  facet normal  0.000000e+00 -0.000000e+00 -1.000000e+00
    outer loop
      vertex  3.818740e-03  9.648172e-03  0.000000e+00
      vertex  3.945600e-03  9.622767e-03  0.000000e+00
      vertex  3.800641e-03  9.549823e-03  0.000000e+00
    endloop
  endfacet
  facet normal  0.000000e+00  0.000000e+00 -1.000000e+00
    outer loop
      vertex  3.945600e-03  9.622767e-03  0.000000e+00
      vertex  3.924116e-03  9.525102e-03  0.000000e+00
      vertex  3.800641e-03  9.549823e-03  0.000000e+00
    endloop
  endfacet
  facet normal  0.000000e+00  0.000000e+00  1.000000e+00
    outer loop
      vertex  3.818740e-03  9.648172e-03 -0.000000e+00
      vertex  3.800641e-03  9.549823e-03 -0.000000e+00
      vertex  3.945600e-03  9.622767e-03 -0.000000e+00
    endloop
  endfacet
  facet normal  0.000000e+00  0.000000e+00  1.000000e+00
    outer loop
      vertex  3.945600e-03  9.622767e-03 -0.000000e+00
      vertex  3.800641e-03  9.549823e-03 -0.000000e+00
      vertex  3.924116e-03  9.525102e-03 -0.000000e+00
    endloop
  endfacet
  facet normal  0.000000e+00  0.000000e+00  0.000000e+00
    outer loop
      vertex  3.818740e-03  9.648172e-03  0.000000e+00
      vertex  3.818740e-03  9.648172e-03 -0.000000e+00
      vertex  3.945600e-03  9.622767e-03 -0.000000e+00
    endloop
  endfacet
  facet normal  0.000000e+00  0.000000e+00  0.000000e+00
    outer loop
      vertex  3.818740e-03  9.648172e-03  0.000000e+00
      vertex  3.945600e-03  9.622767e-03 -0.000000e+00
      vertex  3.945600e-03  9.622767e-03  0.000000e+00
    endloop
  endfacet
  facet normal  0.000000e+00  0.000000e+00  0.000000e+00
    outer loop
      vertex  3.800641e-03  9.549823e-03  0.000000e+00
      vertex  3.924116e-03  9.525102e-03  0.000000e+00
      vertex  3.800641e-03  9.549823e-03 -0.000000e+00
    endloop
  endfacet
  facet normal  0.000000e+00  0.000000e+00  0.000000e+00
    outer loop
      vertex  3.924116e-03  9.525102e-03  0.000000e+00
      vertex  3.924116e-03  9.525102e-03 -0.000000e+00
      vertex  3.800641e-03  9.549823e-03 -0.000000e+00
    endloop
  endfacet
  facet normal  0.000000e+00 -0.000000e+00 -1.000000e+00
    outer loop
      vertex  3.945600e-03  9.622767e-03  0.000000e+00
      vertex  4.050505e-03  9.597057e-03  0.000000e+00
      vertex  3.924116e-03  9.525102e-03  0.000000e+00
    endloop
  endfacet
  facet normal  0.000000e+00  0.000000e+00 -1.000000e+00
    outer loop
      vertex  4.050505e-03  9.597057e-03  0.000000e+00
      vertex  4.023808e-03  9.500687e-03  0.000000e+00
      vertex  3.924116e-03  9.525102e-03  0.000000e+00
    endloop
  endfacet
  facet normal  0.000000e+00  0.000000e+00  1.000000e+00
    outer loop
      vertex  3.945600e-03  9.622767e-03 -0.000000e+00
      vertex  3.924116e-03  9.525102e-03 -0.000000e+00
      vertex  4.050505e-03  9.597057e-03 -0.000000e+00
    endloop
  endfacet
  facet normal  0.000000e+00  0.000000e+00  1.000000e+00
    outer loop
      vertex  4.050505e-03  9.597057e-03 -0.000000e+00
      vertex  3.924116e-03  9.525102e-03 -0.000000e+00
      vertex  4.023808e-03  9.500687e-03 -0.000000e+00
    endloop
  endfacet
  facet normal  0.000000e+00  0.000000e+00  0.000000e+00
    outer loop
      vertex  3.945600e-03  9.622767e-03  0.000000e+00
      vertex  3.945600e-03  9.622767e-03 -0.000000e+00
      vertex  4.050505e-03  9.597057e-03 -0.000000e+00
    endloop
  endfacet
  facet normal  0.000000e+00  0.000000e+00  0.000000e+00
    outer loop
      vertex  3.945600e-03  9.622767e-03  0.000000e+00
      vertex  4.050505e-03  9.597057e-03 -0.000000e+00
      vertex  4.050505e-03  9.597057e-03  0.000000e+00
    endloop
  endfacet
  facet normal  0.000000e+00  0.000000e+00  0.000000e+00
    outer loop
      vertex  3.924116e-03  9.525102e-03  0.000000e+00
      vertex  4.023808e-03  9.500687e-03  0.000000e+00
      vertex  3.924116e-03  9.525102e-03 -0.000000e+00
    endloop
  endfacet
  facet normal  0.000000e+00  0.000000e+00  0.000000e+00
    outer loop
      vertex  4.023808e-03  9.500687e-03  0.000000e+00
      vertex  4.023808e-03  9.500687e-03 -0.000000e+00
      vertex  3.924116e-03  9.525102e-03 -0.000000e+00
    endloop
  endfacet
  facet normal  0.000000e+00 -0.000000e+00 -1.000000e+00
    outer loop
      vertex  4.050505e-03  9.597057e-03  0.000000e+00
      vertex  4.133209e-03  9.570547e-03  0.000000e+00
      vertex  4.023808e-03  9.500687e-03  0.000000e+00
    endloop
  endfacet
  facet normal  0.000000e+00  0.000000e+00 -1.000000e+00
    outer loop
      vertex  4.133209e-03  9.570547e-03  0.000000e+00
      vertex  4.097679e-03  9.477072e-03  0.000000e+00
      vertex  4.023808e-03  9.500687e-03  0.000000e+00
    endloop
  endfacet
  facet normal  0.000000e+00  0.000000e+00  1.000000e+00
    outer loop
      vertex  4.050505e-03  9.597057e-03 -0.000000e+00
      vertex  4.023808e-03  9.500687e-03 -0.000000e+00
      vertex  4.133209e-03  9.570547e-03 -0.000000e+00
    endloop
  endfacet
  facet normal  0.000000e+00  0.000000e+00  1.000000e+00
    outer loop
      vertex  4.133209e-03  9.570547e-03 -0.000000e+00
      vertex  4.023808e-03  9.500687e-03 -0.000000e+00
      vertex  4.097679e-03  9.477072e-03 -0.000000e+00
    endloop
  endfacet
  facet normal  0.000000e+00  0.000000e+00  0.000000e+00
    outer loop
      vertex  4.050505e-03  9.597057e-03  0.000000e+00
      vertex  4.050505e-03  9.597057e-03 -0.000000e+00
      vertex  4.133209e-03  9.570547e-03 -0.000000e+00
    endloop
  endfacet
  facet normal  0.000000e+00  0.000000e+00  0.000000e+00
    outer loop
      vertex  4.050505e-03  9.597057e-03  0.000000e+00
      vertex  4.133209e-03  9.570547e-03 -0.000000e+00
      vertex  4.133209e-03  9.570547e-03  0.000000e+00
    endloop
  endfacet
  facet normal  0.000000e+00  0.000000e+00  0.000000e+00
    outer loop
      vertex  4.023808e-03  9.500687e-03  0.000000e+00
      vertex  4.097679e-03  9.477072e-03  0.000000e+00
      vertex  4.023808e-03  9.500687e-03 -0.000000e+00
    endloop
  endfacet
  facet normal  0.000000e+00  0.000000e+00  0.000000e+00
    outer loop
      vertex  4.097679e-03  9.477072e-03  0.000000e+00
      vertex  4.097679e-03  9.477072e-03 -0.000000e+00
      vertex  4.023808e-03  9.500687e-03 -0.000000e+00
    endloop
  endfacet
  facet normal  0.000000e+00 -0.000000e+00 -1.000000e+00
    outer loop
      vertex  4.133209e-03  9.570547e-03  0.000000e+00
      vertex  4.195044e-03  9.541258e-03  0.000000e+00
      vertex  4.097679e-03  9.477072e-03  0.000000e+00
    endloop
  endfacet
  facet normal  0.000000e+00  0.000000e+00 -1.000000e+00
    outer loop
      vertex  4.195044e-03  9.541258e-03  0.000000e+00
      vertex  4.142402e-03  9.456236e-03  0.000000e+00
      vertex  4.097679e-03  9.477072e-03  0.000000e+00
    endloop
  endfacet
  facet normal  0.000000e+00  0.000000e+00  1.000000e+00
    outer loop
      vertex  4.133209e-03  9.570547e-03 -0.000000e+00
      vertex  4.097679e-03  9.477072e-03 -0.000000e+00
      vertex  4.195044e-03  9.541258e-03 -0.000000e+00
    endloop
  endfacet
  facet normal  0.000000e+00  0.000000e+00  1.000000e+00
    outer loop
      vertex  4.195044e-03  9.541258e-03 -0.000000e+00
      vertex  4.097679e-03  9.477072e-03 -0.000000e+00
      vertex  4.142402e-03  9.456236e-03 -0.000000e+00
    endloop
  endfacet
  facet normal  0.000000e+00  0.000000e+00  0.000000e+00
    outer loop
      vertex  4.133209e-03  9.570547e-03  0.000000e+00
      vertex  4.133209e-03  9.570547e-03 -0.000000e+00
      vertex  4.195044e-03  9.541258e-03 -0.000000e+00
    endloop
  endfacet
  facet normal  0.000000e+00  0.000000e+00  0.000000e+00
    outer loop
      vertex  4.133209e-03  9.570547e-03  0.000000e+00
      vertex  4.195044e-03  9.541258e-03 -0.000000e+00
      vertex  4.195044e-03  9.541258e-03  0.000000e+00
    endloop
  endfacet
  facet normal  0.000000e+00  0.000000e+00  0.000000e+00
    outer loop
      vertex  4.097679e-03  9.477072e-03  0.000000e+00
      vertex  4.142402e-03  9.456236e-03  0.000000e+00
      vertex  4.097679e-03  9.477072e-03 -0.000000e+00
    endloop
  endfacet
  facet normal  0.000000e+00  0.000000e+00  0.000000e+00
    outer loop
      vertex  4.142402e-03  9.456236e-03  0.000000e+00
      vertex  4.142402e-03  9.456236e-03 -0.000000e+00
      vertex  4.097679e-03  9.477072e-03 -0.000000e+00
    endloop
  endfacet
  facet normal  0.000000e+00 -0.000000e+00 -1.000000e+00
    outer loop
      vertex  4.195044e-03  9.541258e-03  0.000000e+00
      vertex  4.239610e-03  9.498400e-03  0.000000e+00
      vertex  4.142402e-03  9.456236e-03  0.000000e+00
    endloop
  endfacet
  facet normal  0.000000e+00  0.000000e+00 -1.000000e+00
    outer loop
      vertex  4.239610e-03  9.498400e-03  0.000000e+00
      vertex  4.152681e-03  9.448969e-03  0.000000e+00
      vertex  4.142402e-03  9.456236e-03  0.000000e+00
    endloop
  endfacet
  facet normal  0.000000e+00  0.000000e+00  1.000000e+00
    outer loop
      vertex  4.195044e-03  9.541258e-03 -0.000000e+00
      vertex  4.142402e-03  9.456236e-03 -0.000000e+00
      vertex  4.239610e-03  9.498400e-03 -0.000000e+00
    endloop
  endfacet
  facet normal  0.000000e+00  0.000000e+00  1.000000e+00
    outer loop
      vertex  4.239610e-03  9.498400e-03 -0.000000e+00
      vertex  4.142402e-03  9.456236e-03 -0.000000e+00
      vertex  4.152681e-03  9.448969e-03 -0.000000e+00
    endloop
  endfacet
  facet normal  0.000000e+00  0.000000e+00  0.000000e+00
    outer loop
      vertex  4.195044e-03  9.541258e-03  0.000000e+00
      vertex  4.195044e-03  9.541258e-03 -0.000000e+00
      vertex  4.239610e-03  9.498400e-03 -0.000000e+00
    endloop
  endfacet
  facet normal  0.000000e+00  0.000000e+00  0.000000e+00
    outer loop
      vertex  4.195044e-03  9.541258e-03  0.000000e+00
      vertex  4.239610e-03  9.498400e-03 -0.000000e+00
      vertex  4.239610e-03  9.498400e-03  0.000000e+00
    endloop
  endfacet
  facet normal  0.000000e+00  0.000000e+00  0.000000e+00
    outer loop
      vertex  4.142402e-03  9.456236e-03  0.000000e+00
      vertex  4.152681e-03  9.448969e-03  0.000000e+00
      vertex  4.142402e-03  9.456236e-03 -0.000000e+00
    endloop
  endfacet
  facet normal  0.000000e+00  0.000000e+00  0.000000e+00
    outer loop
      vertex  4.152681e-03  9.448969e-03  0.000000e+00
      vertex  4.152681e-03  9.448969e-03 -0.000000e+00
      vertex  4.142402e-03  9.456236e-03 -0.000000e+00
    endloop
  endfacet
  facet normal  0.000000e+00 -0.000000e+00 -1.000000e+00
    outer loop
      vertex  4.239610e-03  9.498400e-03  0.000000e+00
      vertex  4.241711e-03  9.426192e-03  0.000000e+00
      vertex  4.152681e-03  9.448969e-03  0.000000e+00
    endloop
  endfacet
  facet normal  0.000000e+00  0.000000e+00  1.000000e+00
    outer loop
      vertex  4.241711e-03  9.426192e-03  0.000000e+00
      vertex  4.152338e-03  9.471051e-03  0.000000e+00
      vertex  4.152681e-03  9.448969e-03  0.000000e+00
    endloop
  endfacet
  facet normal  0.000000e+00  0.000000e+00  1.000000e+00
    outer loop
      vertex  4.239610e-03  9.498400e-03 -0.000000e+00
      vertex  4.152681e-03  9.448969e-03 -0.000000e+00
      vertex  4.241711e-03  9.426192e-03 -0.000000e+00
    endloop
  endfacet
  facet normal  0.000000e+00  0.000000e+00 -1.000000e+00
    outer loop
      vertex  4.241711e-03  9.426192e-03 -0.000000e+00
      vertex  4.152681e-03  9.448969e-03 -0.000000e+00
      vertex  4.152338e-03  9.471051e-03 -0.000000e+00
    endloop
  endfacet
  facet normal  0.000000e+00  0.000000e+00  0.000000e+00
    outer loop
      vertex  4.239610e-03  9.498400e-03  0.000000e+00
      vertex  4.239610e-03  9.498400e-03 -0.000000e+00
      vertex  4.241711e-03  9.426192e-03 -0.000000e+00
    endloop
  endfacet
  facet normal  0.000000e+00  0.000000e+00  0.000000e+00
    outer loop
      vertex  4.239610e-03  9.498400e-03  0.000000e+00
      vertex  4.241711e-03  9.426192e-03 -0.000000e+00
      vertex  4.241711e-03  9.426192e-03  0.000000e+00
    endloop
  endfacet
  facet normal  0.000000e+00  0.000000e+00  0.000000e+00
    outer loop
      vertex  4.152681e-03  9.448969e-03  0.000000e+00
      vertex  4.152338e-03  9.471051e-03  0.000000e+00
      vertex  4.152681e-03  9.448969e-03 -0.000000e+00
    endloop
  endfacet
  facet normal  0.000000e+00  0.000000e+00  0.000000e+00
    outer loop
      vertex  4.152338e-03  9.471051e-03  0.000000e+00
      vertex  4.152338e-03  9.471051e-03 -0.000000e+00
      vertex  4.152681e-03  9.448969e-03 -0.000000e+00
    endloop
  endfacet
  facet normal -0.000000e+00  0.000000e+00 -1.000000e+00
    outer loop
      vertex  4.241711e-03  9.426192e-03  0.000000e+00
      vertex  4.197464e-03  9.381236e-03  0.000000e+00
      vertex  4.152338e-03  9.471051e-03  0.000000e+00
    endloop
  endfacet
  facet normal  0.000000e+00  0.000000e+00 -1.000000e+00
    outer loop
      vertex  4.197464e-03  9.381236e-03  0.000000e+00
      vertex  4.144219e-03  9.465882e-03  0.000000e+00
      vertex  4.152338e-03  9.471051e-03  0.000000e+00
    endloop
  endfacet
  facet normal  0.000000e+00  0.000000e+00  1.000000e+00
    outer loop
      vertex  4.241711e-03  9.426192e-03 -0.000000e+00
      vertex  4.152338e-03  9.471051e-03 -0.000000e+00
      vertex  4.197464e-03  9.381236e-03 -0.000000e+00
    endloop
  endfacet
  facet normal  0.000000e+00  0.000000e+00  1.000000e+00
    outer loop
      vertex  4.197464e-03  9.381236e-03 -0.000000e+00
      vertex  4.152338e-03  9.471051e-03 -0.000000e+00
      vertex  4.144219e-03  9.465882e-03 -0.000000e+00
    endloop
  endfacet
  facet normal  0.000000e+00  0.000000e+00  0.000000e+00
    outer loop
      vertex  4.241711e-03  9.426192e-03  0.000000e+00
      vertex  4.241711e-03  9.426192e-03 -0.000000e+00
      vertex  4.197464e-03  9.381236e-03 -0.000000e+00
    endloop
  endfacet
  facet normal  0.000000e+00  0.000000e+00  0.000000e+00
    outer loop
      vertex  4.241711e-03  9.426192e-03  0.000000e+00
      vertex  4.197464e-03  9.381236e-03 -0.000000e+00
      vertex  4.197464e-03  9.381236e-03  0.000000e+00
    endloop
  endfacet
  facet normal  0.000000e+00  0.000000e+00  0.000000e+00
    outer loop
      vertex  4.152338e-03  9.471051e-03  0.000000e+00
      vertex  4.144219e-03  9.465882e-03  0.000000e+00
      vertex  4.152338e-03  9.471051e-03 -0.000000e+00
    endloop
  endfacet
  facet normal  0.000000e+00  0.000000e+00  0.000000e+00
    outer loop
      vertex  4.144219e-03  9.465882e-03  0.000000e+00
      vertex  4.144219e-03  9.465882e-03 -0.000000e+00
      vertex  4.152338e-03  9.471051e-03 -0.000000e+00
    endloop
  endfacet
  facet normal -0.000000e+00  0.000000e+00 -1.000000e+00
    outer loop
      vertex  4.197464e-03  9.381236e-03  0.000000e+00
      vertex  4.134688e-03  9.351635e-03  0.000000e+00
      vertex  4.144219e-03  9.465882e-03  0.000000e+00
    endloop
  endfacet
  facet normal  0.000000e+00  0.000000e+00 -1.000000e+00
    outer loop
      vertex  4.134688e-03  9.351635e-03  0.000000e+00
      vertex  4.099818e-03  9.445358e-03  0.000000e+00
      vertex  4.144219e-03  9.465882e-03  0.000000e+00
    endloop
  endfacet
  facet normal  0.000000e+00  0.000000e+00  1.000000e+00
    outer loop
      vertex  4.197464e-03  9.381236e-03 -0.000000e+00
      vertex  4.144219e-03  9.465882e-03 -0.000000e+00
      vertex  4.134688e-03  9.351635e-03 -0.000000e+00
    endloop
  endfacet
  facet normal  0.000000e+00 -0.000000e+00  1.000000e+00
    outer loop
      vertex  4.134688e-03  9.351635e-03 -0.000000e+00
      vertex  4.144219e-03  9.465882e-03 -0.000000e+00
      vertex  4.099818e-03  9.445358e-03 -0.000000e+00
    endloop
  endfacet
  facet normal  0.000000e+00  0.000000e+00  0.000000e+00
    outer loop
      vertex  4.197464e-03  9.381236e-03  0.000000e+00
      vertex  4.197464e-03  9.381236e-03 -0.000000e+00
      vertex  4.134688e-03  9.351635e-03 -0.000000e+00
    endloop
  endfacet
  facet normal  0.000000e+00  0.000000e+00  0.000000e+00
    outer loop
      vertex  4.197464e-03  9.381236e-03  0.000000e+00
      vertex  4.134688e-03  9.351635e-03 -0.000000e+00
      vertex  4.134688e-03  9.351635e-03  0.000000e+00
    endloop
  endfacet
  facet normal  0.000000e+00  0.000000e+00  0.000000e+00
    outer loop
      vertex  4.144219e-03  9.465882e-03  0.000000e+00
      vertex  4.099818e-03  9.445358e-03  0.000000e+00
      vertex  4.144219e-03  9.465882e-03 -0.000000e+00
    endloop
  endfacet
  facet normal  0.000000e+00  0.000000e+00  0.000000e+00
    outer loop
      vertex  4.099818e-03  9.445358e-03  0.000000e+00
      vertex  4.099818e-03  9.445358e-03 -0.000000e+00
      vertex  4.144219e-03  9.465882e-03 -0.000000e+00
    endloop
  endfacet
  facet normal -0.000000e+00  0.000000e+00 -1.000000e+00
    outer loop
      vertex  4.134688e-03  9.351635e-03  0.000000e+00
      vertex  4.048852e-03  9.325089e-03  0.000000e+00
      vertex  4.099818e-03  9.445358e-03  0.000000e+00
    endloop
  endfacet
  facet normal  0.000000e+00  0.000000e+00 -1.000000e+00
    outer loop
      vertex  4.048852e-03  9.325089e-03  0.000000e+00
      vertex  4.023332e-03  9.421778e-03  0.000000e+00
      vertex  4.099818e-03  9.445358e-03  0.000000e+00
    endloop
  endfacet
  facet normal  0.000000e+00  0.000000e+00  1.000000e+00
    outer loop
      vertex  4.134688e-03  9.351635e-03 -0.000000e+00
      vertex  4.099818e-03  9.445358e-03 -0.000000e+00
      vertex  4.048852e-03  9.325089e-03 -0.000000e+00
    endloop
  endfacet
  facet normal  0.000000e+00 -0.000000e+00  1.000000e+00
    outer loop
      vertex  4.048852e-03  9.325089e-03 -0.000000e+00
      vertex  4.099818e-03  9.445358e-03 -0.000000e+00
      vertex  4.023332e-03  9.421778e-03 -0.000000e+00
    endloop
  endfacet
  facet normal  0.000000e+00  0.000000e+00  0.000000e+00
    outer loop
      vertex  4.134688e-03  9.351635e-03  0.000000e+00
      vertex  4.134688e-03  9.351635e-03 -0.000000e+00
      vertex  4.048852e-03  9.325089e-03 -0.000000e+00
    endloop
  endfacet
  facet normal  0.000000e+00  0.000000e+00  0.000000e+00
    outer loop
      vertex  4.134688e-03  9.351635e-03  0.000000e+00
      vertex  4.048852e-03  9.325089e-03 -0.000000e+00
      vertex  4.048852e-03  9.325089e-03  0.000000e+00
    endloop
  endfacet
  facet normal  0.000000e+00  0.000000e+00  0.000000e+00
    outer loop
      vertex  4.099818e-03  9.445358e-03  0.000000e+00
      vertex  4.023332e-03  9.421778e-03  0.000000e+00
      vertex  4.099818e-03  9.445358e-03 -0.000000e+00
    endloop
  endfacet
  facet normal  0.000000e+00  0.000000e+00  0.000000e+00
    outer loop
      vertex  4.023332e-03  9.421778e-03  0.000000e+00
      vertex  4.023332e-03  9.421778e-03 -0.000000e+00
      vertex  4.099818e-03  9.445358e-03 -0.000000e+00
    endloop
  endfacet
  facet normal -0.000000e+00  0.000000e+00 -1.000000e+00
    outer loop
      vertex  4.048852e-03  9.325089e-03  0.000000e+00
      vertex  3.937405e-03  9.299387e-03  0.000000e+00
      vertex  4.023332e-03  9.421778e-03  0.000000e+00
    endloop
  endfacet
  facet normal  0.000000e+00  0.000000e+00 -1.000000e+00
    outer loop
      vertex  3.937405e-03  9.299387e-03  0.000000e+00
      vertex  3.917351e-03  9.397355e-03  0.000000e+00
      vertex  4.023332e-03  9.421778e-03  0.000000e+00
    endloop
  endfacet
  facet normal  0.000000e+00  0.000000e+00  1.000000e+00
    outer loop
      vertex  4.048852e-03  9.325089e-03 -0.000000e+00
      vertex  4.023332e-03  9.421778e-03 -0.000000e+00
      vertex  3.937405e-03  9.299387e-03 -0.000000e+00
    endloop
  endfacet
  facet normal  0.000000e+00 -0.000000e+00  1.000000e+00
    outer loop
      vertex  3.937405e-03  9.299387e-03 -0.000000e+00
      vertex  4.023332e-03  9.421778e-03 -0.000000e+00
      vertex  3.917351e-03  9.397355e-03 -0.000000e+00
    endloop
  endfacet
  facet normal  0.000000e+00  0.000000e+00  0.000000e+00
    outer loop
      vertex  4.048852e-03  9.325089e-03  0.000000e+00
      vertex  4.048852e-03  9.325089e-03 -0.000000e+00
      vertex  3.937405e-03  9.299387e-03 -0.000000e+00
    endloop
  endfacet
  facet normal  0.000000e+00  0.000000e+00  0.000000e+00
    outer loop
      vertex  4.048852e-03  9.325089e-03  0.000000e+00
      vertex  3.937405e-03  9.299387e-03 -0.000000e+00
      vertex  3.937405e-03  9.299387e-03  0.000000e+00
    endloop
  endfacet
  facet normal  0.000000e+00  0.000000e+00  0.000000e+00
    outer loop
      vertex  4.023332e-03  9.421778e-03  0.000000e+00
      vertex  3.917351e-03  9.397355e-03  0.000000e+00
      vertex  4.023332e-03  9.421778e-03 -0.000000e+00
    endloop
  endfacet
  facet normal  0.000000e+00  0.000000e+00  0.000000e+00
    outer loop
      vertex  3.917351e-03  9.397355e-03  0.000000e+00
      vertex  3.917351e-03  9.397355e-03 -0.000000e+00
      vertex  4.023332e-03  9.421778e-03 -0.000000e+00
    endloop
  endfacet
  facet normal -0.000000e+00  0.000000e+00 -1.000000e+00
    outer loop
      vertex  3.937405e-03  9.299387e-03  0.000000e+00
      vertex  3.799576e-03  9.273995e-03  0.000000e+00
      vertex  3.917351e-03  9.397355e-03  0.000000e+00
    endloop
  endfacet
  facet normal  0.000000e+00  0.000000e+00 -1.000000e+00
    outer loop
      vertex  3.799576e-03  9.273995e-03  0.000000e+00
      vertex  3.783056e-03  9.372621e-03  0.000000e+00
      vertex  3.917351e-03  9.397355e-03  0.000000e+00
    endloop
  endfacet
  facet normal  0.000000e+00  0.000000e+00  1.000000e+00
    outer loop
      vertex  3.937405e-03  9.299387e-03 -0.000000e+00
      vertex  3.917351e-03  9.397355e-03 -0.000000e+00
      vertex  3.799576e-03  9.273995e-03 -0.000000e+00
    endloop
  endfacet
  facet normal  0.000000e+00 -0.000000e+00  1.000000e+00
    outer loop
      vertex  3.799576e-03  9.273995e-03 -0.000000e+00
      vertex  3.917351e-03  9.397355e-03 -0.000000e+00
      vertex  3.783056e-03  9.372621e-03 -0.000000e+00
    endloop
  endfacet
  facet normal  0.000000e+00  0.000000e+00  0.000000e+00
    outer loop
      vertex  3.937405e-03  9.299387e-03  0.000000e+00
      vertex  3.937405e-03  9.299387e-03 -0.000000e+00
      vertex  3.799576e-03  9.273995e-03 -0.000000e+00
    endloop
  endfacet
  facet normal  0.000000e+00  0.000000e+00  0.000000e+00
    outer loop
      vertex  3.937405e-03  9.299387e-03  0.000000e+00
      vertex  3.799576e-03  9.273995e-03 -0.000000e+00
      vertex  3.799576e-03  9.273995e-03  0.000000e+00
    endloop
  endfacet
  facet normal  0.000000e+00  0.000000e+00  0.000000e+00
    outer loop
      vertex  3.917351e-03  9.397355e-03  0.000000e+00
      vertex  3.783056e-03  9.372621e-03  0.000000e+00
      vertex  3.917351e-03  9.397355e-03 -0.000000e+00
    endloop
  endfacet
  facet normal  0.000000e+00  0.000000e+00  0.000000e+00
    outer loop
      vertex  3.783056e-03  9.372621e-03  0.000000e+00
      vertex  3.783056e-03  9.372621e-03 -0.000000e+00
      vertex  3.917351e-03  9.397355e-03 -0.000000e+00
    endloop
  endfacet
  facet normal -0.000000e+00  0.000000e+00 -1.000000e+00
    outer loop
      vertex  3.799576e-03  9.273995e-03  0.000000e+00
      vertex  3.635336e-03  9.248743e-03  0.000000e+00
      vertex  3.783056e-03  9.372621e-03  0.000000e+00
    endloop
  endfacet
  facet normal  0.000000e+00  0.000000e+00 -1.000000e+00
    outer loop
      vertex  3.635336e-03  9.248743e-03  0.000000e+00
      vertex  3.621262e-03  9.347748e-03  0.000000e+00
      vertex  3.783056e-03  9.372621e-03  0.000000e+00
    endloop
  endfacet
  facet normal  0.000000e+00  0.000000e+00  1.000000e+00
    outer loop
      vertex  3.799576e-03  9.273995e-03 -0.000000e+00
      vertex  3.783056e-03  9.372621e-03 -0.000000e+00
      vertex  3.635336e-03  9.248743e-03 -0.000000e+00
    endloop
  endfacet
  facet normal  0.000000e+00 -0.000000e+00  1.000000e+00
    outer loop
      vertex  3.635336e-03  9.248743e-03 -0.000000e+00
      vertex  3.783056e-03  9.372621e-03 -0.000000e+00
      vertex  3.621262e-03  9.347748e-03 -0.000000e+00
    endloop
  endfacet
  facet normal  0.000000e+00  0.000000e+00  0.000000e+00
    outer loop
      vertex  3.799576e-03  9.273995e-03  0.000000e+00
      vertex  3.799576e-03  9.273995e-03 -0.000000e+00
      vertex  3.635336e-03  9.248743e-03 -0.000000e+00
    endloop
  endfacet
  facet normal  0.000000e+00  0.000000e+00  0.000000e+00
    outer loop
      vertex  3.799576e-03  9.273995e-03  0.000000e+00
      vertex  3.635336e-03  9.248743e-03 -0.000000e+00
      vertex  3.635336e-03  9.248743e-03  0.000000e+00
    endloop
  endfacet
  facet normal  0.000000e+00  0.000000e+00  0.000000e+00
    outer loop
      vertex  3.783056e-03  9.372621e-03  0.000000e+00
      vertex  3.621262e-03  9.347748e-03  0.000000e+00
      vertex  3.783056e-03  9.372621e-03 -0.000000e+00
    endloop
  endfacet
  facet normal  0.000000e+00  0.000000e+00  0.000000e+00
    outer loop
      vertex  3.621262e-03  9.347748e-03  0.000000e+00
      vertex  3.621262e-03  9.347748e-03 -0.000000e+00
      vertex  3.783056e-03  9.372621e-03 -0.000000e+00
    endloop
  endfacet
  facet normal -0.000000e+00  0.000000e+00 -1.000000e+00
    outer loop
      vertex  3.635336e-03  9.248743e-03  0.000000e+00
      vertex  3.445055e-03  9.223562e-03  0.000000e+00
      vertex  3.621262e-03  9.347748e-03  0.000000e+00
    endloop
  endfacet
  facet normal  0.000000e+00  0.000000e+00 -1.000000e+00
    outer loop
      vertex  3.445055e-03  9.223562e-03  0.000000e+00
      vertex  3.432762e-03  9.322804e-03  0.000000e+00
      vertex  3.621262e-03  9.347748e-03  0.000000e+00
    endloop
  endfacet
  facet normal  0.000000e+00  0.000000e+00  1.000000e+00
    outer loop
      vertex  3.635336e-03  9.248743e-03 -0.000000e+00
      vertex  3.621262e-03  9.347748e-03 -0.000000e+00
      vertex  3.445055e-03  9.223562e-03 -0.000000e+00
    endloop
  endfacet
  facet normal  0.000000e+00 -0.000000e+00  1.000000e+00
    outer loop
      vertex  3.445055e-03  9.223562e-03 -0.000000e+00
      vertex  3.621262e-03  9.347748e-03 -0.000000e+00
      vertex  3.432762e-03  9.322804e-03 -0.000000e+00
    endloop
  endfacet
  facet normal  0.000000e+00  0.000000e+00  0.000000e+00
    outer loop
      vertex  3.635336e-03  9.248743e-03  0.000000e+00
      vertex  3.635336e-03  9.248743e-03 -0.000000e+00
      vertex  3.445055e-03  9.223562e-03 -0.000000e+00
    endloop
  endfacet
  facet normal  0.000000e+00  0.000000e+00  0.000000e+00
    outer loop
      vertex  3.635336e-03  9.248743e-03  0.000000e+00
      vertex  3.445055e-03  9.223562e-03 -0.000000e+00
      vertex  3.445055e-03  9.223562e-03  0.000000e+00
    endloop
  endfacet
  facet normal  0.000000e+00  0.000000e+00  0.000000e+00
    outer loop
      vertex  3.621262e-03  9.347748e-03  0.000000e+00
      vertex  3.432762e-03  9.322804e-03  0.000000e+00
      vertex  3.621262e-03  9.347748e-03 -0.000000e+00
    endloop
  endfacet
  facet normal  0.000000e+00  0.000000e+00  0.000000e+00
    outer loop
      vertex  3.432762e-03  9.322804e-03  0.000000e+00
      vertex  3.432762e-03  9.322804e-03 -0.000000e+00
      vertex  3.621262e-03  9.347748e-03 -0.000000e+00
    endloop
  endfacet
  facet normal -0.000000e+00  0.000000e+00 -1.000000e+00
    outer loop
      vertex  3.445055e-03  9.223562e-03  0.000000e+00
      vertex  3.229389e-03  9.198421e-03  0.000000e+00
      vertex  3.432762e-03  9.322804e-03  0.000000e+00
    endloop
  endfacet
  facet normal  0.000000e+00  0.000000e+00 -1.000000e+00
    outer loop
      vertex  3.229389e-03  9.198421e-03  0.000000e+00
      vertex  3.218438e-03  9.297820e-03  0.000000e+00
      vertex  3.432762e-03  9.322804e-03  0.000000e+00
    endloop
  endfacet
  facet normal  0.000000e+00  0.000000e+00  1.000000e+00
    outer loop
      vertex  3.445055e-03  9.223562e-03 -0.000000e+00
      vertex  3.432762e-03  9.322804e-03 -0.000000e+00
      vertex  3.229389e-03  9.198421e-03 -0.000000e+00
    endloop
  endfacet
  facet normal  0.000000e+00 -0.000000e+00  1.000000e+00
    outer loop
      vertex  3.229389e-03  9.198421e-03 -0.000000e+00
      vertex  3.432762e-03  9.322804e-03 -0.000000e+00
      vertex  3.218438e-03  9.297820e-03 -0.000000e+00
    endloop
  endfacet
  facet normal  0.000000e+00  0.000000e+00  0.000000e+00
    outer loop
      vertex  3.445055e-03  9.223562e-03  0.000000e+00
      vertex  3.445055e-03  9.223562e-03 -0.000000e+00
      vertex  3.229389e-03  9.198421e-03 -0.000000e+00
    endloop
  endfacet
  facet normal  0.000000e+00  0.000000e+00  0.000000e+00
    outer loop
      vertex  3.445055e-03  9.223562e-03  0.000000e+00
      vertex  3.229389e-03  9.198421e-03 -0.000000e+00
      vertex  3.229389e-03  9.198421e-03  0.000000e+00
    endloop
  endfacet
  facet normal  0.000000e+00  0.000000e+00  0.000000e+00
    outer loop
      vertex  3.432762e-03  9.322804e-03  0.000000e+00
      vertex  3.218438e-03  9.297820e-03  0.000000e+00
      vertex  3.432762e-03  9.322804e-03 -0.000000e+00
    endloop
  endfacet
  facet normal  0.000000e+00  0.000000e+00  0.000000e+00
    outer loop
      vertex  3.218438e-03  9.297820e-03  0.000000e+00
      vertex  3.218438e-03  9.297820e-03 -0.000000e+00
      vertex  3.432762e-03  9.322804e-03 -0.000000e+00
    endloop
  endfacet
  facet normal -0.000000e+00  0.000000e+00 -1.000000e+00
    outer loop
      vertex  3.229389e-03  9.198421e-03  0.000000e+00
      vertex  2.989225e-03  9.173304e-03  0.000000e+00
      vertex  3.218438e-03  9.297820e-03  0.000000e+00
    endloop
  endfacet
  facet normal  0.000000e+00  0.000000e+00 -1.000000e+00
    outer loop
      vertex  2.989225e-03  9.173304e-03  0.000000e+00
      vertex  2.979312e-03  9.272811e-03  0.000000e+00
      vertex  3.218438e-03  9.297820e-03  0.000000e+00
    endloop
  endfacet
  facet normal  0.000000e+00  0.000000e+00  1.000000e+00
    outer loop
      vertex  3.229389e-03  9.198421e-03 -0.000000e+00
      vertex  3.218438e-03  9.297820e-03 -0.000000e+00
      vertex  2.989225e-03  9.173304e-03 -0.000000e+00
    endloop
  endfacet
  facet normal  0.000000e+00 -0.000000e+00  1.000000e+00
    outer loop
      vertex  2.989225e-03  9.173304e-03 -0.000000e+00
      vertex  3.218438e-03  9.297820e-03 -0.000000e+00
      vertex  2.979312e-03  9.272811e-03 -0.000000e+00
    endloop
  endfacet
  facet normal  0.000000e+00  0.000000e+00  0.000000e+00
    outer loop
      vertex  3.229389e-03  9.198421e-03  0.000000e+00
      vertex  3.229389e-03  9.198421e-03 -0.000000e+00
      vertex  2.989225e-03  9.173304e-03 -0.000000e+00
    endloop
  endfacet
  facet normal  0.000000e+00  0.000000e+00  0.000000e+00
    outer loop
      vertex  3.229389e-03  9.198421e-03  0.000000e+00
      vertex  2.989225e-03  9.173304e-03 -0.000000e+00
      vertex  2.989225e-03  9.173304e-03  0.000000e+00
    endloop
  endfacet
  facet normal  0.000000e+00  0.000000e+00  0.000000e+00
    outer loop
      vertex  3.218438e-03  9.297820e-03  0.000000e+00
      vertex  2.979312e-03  9.272811e-03  0.000000e+00
      vertex  3.218438e-03  9.297820e-03 -0.000000e+00
    endloop
  endfacet
  facet normal  0.000000e+00  0.000000e+00  0.000000e+00
    outer loop
      vertex  2.979312e-03  9.272811e-03  0.000000e+00
      vertex  2.979312e-03  9.272811e-03 -0.000000e+00
      vertex  3.218438e-03  9.297820e-03 -0.000000e+00
    endloop
  endfacet
  facet normal -0.000000e+00  0.000000e+00 -1.000000e+00
    outer loop
      vertex  2.989225e-03  9.173304e-03  0.000000e+00
      vertex  2.725656e-03  9.148202e-03  0.000000e+00
      vertex  2.979312e-03  9.272811e-03  0.000000e+00
    endloop
  endfacet
  facet normal  0.000000e+00  0.000000e+00 -1.000000e+00
    outer loop
      vertex  2.725656e-03  9.148202e-03  0.000000e+00
      vertex  2.716563e-03  9.247788e-03  0.000000e+00
      vertex  2.979312e-03  9.272811e-03  0.000000e+00
    endloop
  endfacet
  facet normal  0.000000e+00  0.000000e+00  1.000000e+00
    outer loop
      vertex  2.989225e-03  9.173304e-03 -0.000000e+00
      vertex  2.979312e-03  9.272811e-03 -0.000000e+00
      vertex  2.725656e-03  9.148202e-03 -0.000000e+00
    endloop
  endfacet
  facet normal  0.000000e+00 -0.000000e+00  1.000000e+00
    outer loop
      vertex  2.725656e-03  9.148202e-03 -0.000000e+00
      vertex  2.979312e-03  9.272811e-03 -0.000000e+00
      vertex  2.716563e-03  9.247788e-03 -0.000000e+00
    endloop
  endfacet
  facet normal  0.000000e+00  0.000000e+00  0.000000e+00
    outer loop
      vertex  2.989225e-03  9.173304e-03  0.000000e+00
      vertex  2.989225e-03  9.173304e-03 -0.000000e+00
      vertex  2.725656e-03  9.148202e-03 -0.000000e+00
    endloop
  endfacet
  facet normal  0.000000e+00  0.000000e+00  0.000000e+00
    outer loop
      vertex  2.989225e-03  9.173304e-03  0.000000e+00
      vertex  2.725656e-03  9.148202e-03 -0.000000e+00
      vertex  2.725656e-03  9.148202e-03  0.000000e+00
    endloop
  endfacet
  facet normal  0.000000e+00  0.000000e+00  0.000000e+00
    outer loop
      vertex  2.979312e-03  9.272811e-03  0.000000e+00
      vertex  2.716563e-03  9.247788e-03  0.000000e+00
      vertex  2.979312e-03  9.272811e-03 -0.000000e+00
    endloop
  endfacet
  facet normal  0.000000e+00  0.000000e+00  0.000000e+00
    outer loop
      vertex  2.716563e-03  9.247788e-03  0.000000e+00
      vertex  2.716563e-03  9.247788e-03 -0.000000e+00
      vertex  2.979312e-03  9.272811e-03 -0.000000e+00
    endloop
  endfacet
  facet normal -0.000000e+00  0.000000e+00 -1.000000e+00
    outer loop
      vertex  2.725656e-03  9.148202e-03  0.000000e+00
      vertex  2.439969e-03  9.123111e-03  0.000000e+00
      vertex  2.716563e-03  9.247788e-03  0.000000e+00
    endloop
  endfacet
  facet normal  0.000000e+00  0.000000e+00 -1.000000e+00
    outer loop
      vertex  2.439969e-03  9.123111e-03  0.000000e+00
      vertex  2.431531e-03  9.222754e-03  0.000000e+00
      vertex  2.716563e-03  9.247788e-03  0.000000e+00
    endloop
  endfacet
  facet normal  0.000000e+00  0.000000e+00  1.000000e+00
    outer loop
      vertex  2.725656e-03  9.148202e-03 -0.000000e+00
      vertex  2.716563e-03  9.247788e-03 -0.000000e+00
      vertex  2.439969e-03  9.123111e-03 -0.000000e+00
    endloop
  endfacet
  facet normal  0.000000e+00 -0.000000e+00  1.000000e+00
    outer loop
      vertex  2.439969e-03  9.123111e-03 -0.000000e+00
      vertex  2.716563e-03  9.247788e-03 -0.000000e+00
      vertex  2.431531e-03  9.222754e-03 -0.000000e+00
    endloop
  endfacet
  facet normal  0.000000e+00  0.000000e+00  0.000000e+00
    outer loop
      vertex  2.725656e-03  9.148202e-03  0.000000e+00
      vertex  2.725656e-03  9.148202e-03 -0.000000e+00
      vertex  2.439969e-03  9.123111e-03 -0.000000e+00
    endloop
  endfacet
  facet normal  0.000000e+00  0.000000e+00  0.000000e+00
    outer loop
      vertex  2.725656e-03  9.148202e-03  0.000000e+00
      vertex  2.439969e-03  9.123111e-03 -0.000000e+00
      vertex  2.439969e-03  9.123111e-03  0.000000e+00
    endloop
  endfacet
  facet normal  0.000000e+00  0.000000e+00  0.000000e+00
    outer loop
      vertex  2.716563e-03  9.247788e-03  0.000000e+00
      vertex  2.431531e-03  9.222754e-03  0.000000e+00
      vertex  2.716563e-03  9.247788e-03 -0.000000e+00
    endloop
  endfacet
  facet normal  0.000000e+00  0.000000e+00  0.000000e+00
    outer loop
      vertex  2.431531e-03  9.222754e-03  0.000000e+00
      vertex  2.431531e-03  9.222754e-03 -0.000000e+00
      vertex  2.716563e-03  9.247788e-03 -0.000000e+00
    endloop
  endfacet
  facet normal -0.000000e+00  0.000000e+00 -1.000000e+00
    outer loop
      vertex  2.439969e-03  9.123111e-03  0.000000e+00
      vertex  2.133627e-03  9.098026e-03  0.000000e+00
      vertex  2.431531e-03  9.222754e-03  0.000000e+00
    endloop
  endfacet
  facet normal  0.000000e+00  0.000000e+00 -1.000000e+00
    outer loop
      vertex  2.133627e-03  9.098026e-03  0.000000e+00
      vertex  2.125718e-03  9.197713e-03  0.000000e+00
      vertex  2.431531e-03  9.222754e-03  0.000000e+00
    endloop
  endfacet
  facet normal  0.000000e+00  0.000000e+00  1.000000e+00
    outer loop
      vertex  2.439969e-03  9.123111e-03 -0.000000e+00
      vertex  2.431531e-03  9.222754e-03 -0.000000e+00
      vertex  2.133627e-03  9.098026e-03 -0.000000e+00
    endloop
  endfacet
  facet normal  0.000000e+00 -0.000000e+00  1.000000e+00
    outer loop
      vertex  2.133627e-03  9.098026e-03 -0.000000e+00
      vertex  2.431531e-03  9.222754e-03 -0.000000e+00
      vertex  2.125718e-03  9.197713e-03 -0.000000e+00
    endloop
  endfacet
  facet normal  0.000000e+00  0.000000e+00  0.000000e+00
    outer loop
      vertex  2.439969e-03  9.123111e-03  0.000000e+00
      vertex  2.439969e-03  9.123111e-03 -0.000000e+00
      vertex  2.133627e-03  9.098026e-03 -0.000000e+00
    endloop
  endfacet
  facet normal  0.000000e+00  0.000000e+00  0.000000e+00
    outer loop
      vertex  2.439969e-03  9.123111e-03  0.000000e+00
      vertex  2.133627e-03  9.098026e-03 -0.000000e+00
      vertex  2.133627e-03  9.098026e-03  0.000000e+00
    endloop
  endfacet
  facet normal  0.000000e+00  0.000000e+00  0.000000e+00
    outer loop
      vertex  2.431531e-03  9.222754e-03  0.000000e+00
      vertex  2.125718e-03  9.197713e-03  0.000000e+00
      vertex  2.431531e-03  9.222754e-03 -0.000000e+00
    endloop
  endfacet
  facet normal  0.000000e+00  0.000000e+00  0.000000e+00
    outer loop
      vertex  2.125718e-03  9.197713e-03  0.000000e+00
      vertex  2.125718e-03  9.197713e-03 -0.000000e+00
      vertex  2.431531e-03  9.222754e-03 -0.000000e+00
    endloop
  endfacet
  facet normal -0.000000e+00  0.000000e+00 -1.000000e+00
    outer loop
      vertex  2.133627e-03  9.098026e-03  0.000000e+00
      vertex  1.808265e-03  9.072947e-03  0.000000e+00
      vertex  2.125718e-03  9.197713e-03  0.000000e+00
    endloop
  endfacet
  facet normal  0.000000e+00  0.000000e+00 -1.000000e+00
    outer loop
      vertex  1.808265e-03  9.072947e-03  0.000000e+00
      vertex  1.800784e-03  9.172667e-03  0.000000e+00
      vertex  2.125718e-03  9.197713e-03  0.000000e+00
    endloop
  endfacet
  facet normal  0.000000e+00  0.000000e+00  1.000000e+00
    outer loop
      vertex  2.133627e-03  9.098026e-03 -0.000000e+00
      vertex  2.125718e-03  9.197713e-03 -0.000000e+00
      vertex  1.808265e-03  9.072947e-03 -0.000000e+00
    endloop
  endfacet
  facet normal  0.000000e+00 -0.000000e+00  1.000000e+00
    outer loop
      vertex  1.808265e-03  9.072947e-03 -0.000000e+00
      vertex  2.125718e-03  9.197713e-03 -0.000000e+00
      vertex  1.800784e-03  9.172667e-03 -0.000000e+00
    endloop
  endfacet
  facet normal  0.000000e+00  0.000000e+00  0.000000e+00
    outer loop
      vertex  2.133627e-03  9.098026e-03  0.000000e+00
      vertex  2.133627e-03  9.098026e-03 -0.000000e+00
      vertex  1.808265e-03  9.072947e-03 -0.000000e+00
    endloop
  endfacet
  facet normal  0.000000e+00  0.000000e+00  0.000000e+00
    outer loop
      vertex  2.133627e-03  9.098026e-03  0.000000e+00
      vertex  1.808265e-03  9.072947e-03 -0.000000e+00
      vertex  1.808265e-03  9.072947e-03  0.000000e+00
    endloop
  endfacet
  facet normal  0.000000e+00  0.000000e+00  0.000000e+00
    outer loop
      vertex  2.125718e-03  9.197713e-03  0.000000e+00
      vertex  1.800784e-03  9.172667e-03  0.000000e+00
      vertex  2.125718e-03  9.197713e-03 -0.000000e+00
    endloop
  endfacet
  facet normal  0.000000e+00  0.000000e+00  0.000000e+00
    outer loop
      vertex  1.800784e-03  9.172667e-03  0.000000e+00
      vertex  1.800784e-03  9.172667e-03 -0.000000e+00
      vertex  2.125718e-03  9.197713e-03 -0.000000e+00
    endloop
  endfacet
  facet normal -0.000000e+00  0.000000e+00 -1.000000e+00
    outer loop
      vertex  1.808265e-03  9.072947e-03  0.000000e+00
      vertex  1.465674e-03  9.047872e-03  0.000000e+00
      vertex  1.800784e-03  9.172667e-03  0.000000e+00
    endloop
  endfacet
  facet normal  0.000000e+00  0.000000e+00 -1.000000e+00
    outer loop
      vertex  1.465674e-03  9.047872e-03  0.000000e+00
      vertex  1.458540e-03  9.147617e-03  0.000000e+00
      vertex  1.800784e-03  9.172667e-03  0.000000e+00
    endloop
  endfacet
  facet normal  0.000000e+00  0.000000e+00  1.000000e+00
    outer loop
      vertex  1.808265e-03  9.072947e-03 -0.000000e+00
      vertex  1.800784e-03  9.172667e-03 -0.000000e+00
      vertex  1.465674e-03  9.047872e-03 -0.000000e+00
    endloop
  endfacet
  facet normal  0.000000e+00 -0.000000e+00  1.000000e+00
    outer loop
      vertex  1.465674e-03  9.047872e-03 -0.000000e+00
      vertex  1.800784e-03  9.172667e-03 -0.000000e+00
      vertex  1.458540e-03  9.147617e-03 -0.000000e+00
    endloop
  endfacet
  facet normal  0.000000e+00  0.000000e+00  0.000000e+00
    outer loop
      vertex  1.808265e-03  9.072947e-03  0.000000e+00
      vertex  1.808265e-03  9.072947e-03 -0.000000e+00
      vertex  1.465674e-03  9.047872e-03 -0.000000e+00
    endloop
  endfacet
  facet normal  0.000000e+00  0.000000e+00  0.000000e+00
    outer loop
      vertex  1.808265e-03  9.072947e-03  0.000000e+00
      vertex  1.465674e-03  9.047872e-03 -0.000000e+00
      vertex  1.465674e-03  9.047872e-03  0.000000e+00
    endloop
  endfacet
  facet normal  0.000000e+00  0.000000e+00  0.000000e+00
    outer loop
      vertex  1.800784e-03  9.172667e-03  0.000000e+00
      vertex  1.458540e-03  9.147617e-03  0.000000e+00
      vertex  1.800784e-03  9.172667e-03 -0.000000e+00
    endloop
  endfacet
  facet normal  0.000000e+00  0.000000e+00  0.000000e+00
    outer loop
      vertex  1.458540e-03  9.147617e-03  0.000000e+00
      vertex  1.458540e-03  9.147617e-03 -0.000000e+00
      vertex  1.800784e-03  9.172667e-03 -0.000000e+00
    endloop
  endfacet
  facet normal -0.000000e+00  0.000000e+00 -1.000000e+00
    outer loop
      vertex  1.465674e-03  9.047872e-03  0.000000e+00
      vertex  1.107794e-03  9.022799e-03  0.000000e+00
      vertex  1.458540e-03  9.147617e-03  0.000000e+00
    endloop
  endfacet
  facet normal  0.000000e+00  0.000000e+00 -1.000000e+00
    outer loop
      vertex  1.107794e-03  9.022799e-03  0.000000e+00
      vertex  1.100939e-03  9.122564e-03  0.000000e+00
      vertex  1.458540e-03  9.147617e-03  0.000000e+00
    endloop
  endfacet
  facet normal  0.000000e+00  0.000000e+00  1.000000e+00
    outer loop
      vertex  1.465674e-03  9.047872e-03 -0.000000e+00
      vertex  1.458540e-03  9.147617e-03 -0.000000e+00
      vertex  1.107794e-03  9.022799e-03 -0.000000e+00
    endloop
  endfacet
  facet normal  0.000000e+00 -0.000000e+00  1.000000e+00
    outer loop
      vertex  1.107794e-03  9.022799e-03 -0.000000e+00
      vertex  1.458540e-03  9.147617e-03 -0.000000e+00
      vertex  1.100939e-03  9.122564e-03 -0.000000e+00
    endloop
  endfacet
  facet normal  0.000000e+00  0.000000e+00  0.000000e+00
    outer loop
      vertex  1.465674e-03  9.047872e-03  0.000000e+00
      vertex  1.465674e-03  9.047872e-03 -0.000000e+00
      vertex  1.107794e-03  9.022799e-03 -0.000000e+00
    endloop
  endfacet
  facet normal  0.000000e+00  0.000000e+00  0.000000e+00
    outer loop
      vertex  1.465674e-03  9.047872e-03  0.000000e+00
      vertex  1.107794e-03  9.022799e-03 -0.000000e+00
      vertex  1.107794e-03  9.022799e-03  0.000000e+00
    endloop
  endfacet
  facet normal  0.000000e+00  0.000000e+00  0.000000e+00
    outer loop
      vertex  1.458540e-03  9.147617e-03  0.000000e+00
      vertex  1.100939e-03  9.122564e-03  0.000000e+00
      vertex  1.458540e-03  9.147617e-03 -0.000000e+00
    endloop
  endfacet
  facet normal  0.000000e+00  0.000000e+00  0.000000e+00
    outer loop
      vertex  1.100939e-03  9.122564e-03  0.000000e+00
      vertex  1.100939e-03  9.122564e-03 -0.000000e+00
      vertex  1.458540e-03  9.147617e-03 -0.000000e+00
    endloop
  endfacet
  facet normal -0.000000e+00  0.000000e+00 -1.000000e+00
    outer loop
      vertex  1.107794e-03  9.022799e-03  0.000000e+00
      vertex  7.367003e-04  8.997729e-03  0.000000e+00
      vertex  1.100939e-03  9.122564e-03  0.000000e+00
    endloop
  endfacet
  facet normal  0.000000e+00  0.000000e+00 -1.000000e+00
    outer loop
      vertex  7.367003e-04  8.997729e-03  0.000000e+00
      vertex  7.300649e-04  9.097509e-03  0.000000e+00
      vertex  1.100939e-03  9.122564e-03  0.000000e+00
    endloop
  endfacet
  facet normal  0.000000e+00  0.000000e+00  1.000000e+00
    outer loop
      vertex  1.107794e-03  9.022799e-03 -0.000000e+00
      vertex  1.100939e-03  9.122564e-03 -0.000000e+00
      vertex  7.367003e-04  8.997729e-03 -0.000000e+00
    endloop
  endfacet
  facet normal  0.000000e+00 -0.000000e+00  1.000000e+00
    outer loop
      vertex  7.367003e-04  8.997729e-03 -0.000000e+00
      vertex  1.100939e-03  9.122564e-03 -0.000000e+00
      vertex  7.300649e-04  9.097509e-03 -0.000000e+00
    endloop
  endfacet
  facet normal  0.000000e+00  0.000000e+00  0.000000e+00
    outer loop
      vertex  1.107794e-03  9.022799e-03  0.000000e+00
      vertex  1.107794e-03  9.022799e-03 -0.000000e+00
      vertex  7.367003e-04  8.997729e-03 -0.000000e+00
    endloop
  endfacet
  facet normal  0.000000e+00  0.000000e+00  0.000000e+00
    outer loop
      vertex  1.107794e-03  9.022799e-03  0.000000e+00
      vertex  7.367003e-04  8.997729e-03 -0.000000e+00
      vertex  7.367003e-04  8.997729e-03  0.000000e+00
    endloop
  endfacet
  facet normal  0.000000e+00  0.000000e+00  0.000000e+00
    outer loop
      vertex  1.100939e-03  9.122564e-03  0.000000e+00
      vertex  7.300649e-04  9.097509e-03  0.000000e+00
      vertex  1.100939e-03  9.122564e-03 -0.000000e+00
    endloop
  endfacet
  facet normal  0.000000e+00  0.000000e+00  0.000000e+00
    outer loop
      vertex  7.300649e-04  9.097509e-03  0.000000e+00
      vertex  7.300649e-04  9.097509e-03 -0.000000e+00
      vertex  1.100939e-03  9.122564e-03 -0.000000e+00
    endloop
  endfacet
  facet normal -0.000000e+00  0.000000e+00 -1.000000e+00
    outer loop
      vertex  7.367003e-04  8.997729e-03  0.000000e+00
      vertex  3.545898e-04  8.972661e-03  0.000000e+00
      vertex  7.300649e-04  9.097509e-03  0.000000e+00
    endloop
  endfacet
  facet normal  0.000000e+00  0.000000e+00 -1.000000e+00
    outer loop
      vertex  3.545898e-04  8.972661e-03  0.000000e+00
      vertex  3.481236e-04  9.072452e-03  0.000000e+00
      vertex  7.300649e-04  9.097509e-03  0.000000e+00
    endloop
  endfacet
  facet normal  0.000000e+00  0.000000e+00  1.000000e+00
    outer loop
      vertex  7.367003e-04  8.997729e-03 -0.000000e+00
      vertex  7.300649e-04  9.097509e-03 -0.000000e+00
      vertex  3.545898e-04  8.972661e-03 -0.000000e+00
    endloop
  endfacet
  facet normal  0.000000e+00 -0.000000e+00  1.000000e+00
    outer loop
      vertex  3.545898e-04  8.972661e-03 -0.000000e+00
      vertex  7.300649e-04  9.097509e-03 -0.000000e+00
      vertex  3.481236e-04  9.072452e-03 -0.000000e+00
    endloop
  endfacet
  facet normal  0.000000e+00  0.000000e+00  0.000000e+00
    outer loop
      vertex  7.367003e-04  8.997729e-03  0.000000e+00
      vertex  7.367003e-04  8.997729e-03 -0.000000e+00
      vertex  3.545898e-04  8.972661e-03 -0.000000e+00
    endloop
  endfacet
  facet normal  0.000000e+00  0.000000e+00  0.000000e+00
    outer loop
      vertex  7.367003e-04  8.997729e-03  0.000000e+00
      vertex  3.545898e-04  8.972661e-03 -0.000000e+00
      vertex  3.545898e-04  8.972661e-03  0.000000e+00
    endloop
  endfacet
  facet normal  0.000000e+00  0.000000e+00  0.000000e+00
    outer loop
      vertex  7.300649e-04  9.097509e-03  0.000000e+00
      vertex  3.481236e-04  9.072452e-03  0.000000e+00
      vertex  7.300649e-04  9.097509e-03 -0.000000e+00
    endloop
  endfacet
  facet normal  0.000000e+00  0.000000e+00  0.000000e+00
    outer loop
      vertex  3.481236e-04  9.072452e-03  0.000000e+00
      vertex  3.481236e-04  9.072452e-03 -0.000000e+00
      vertex  7.300649e-04  9.097509e-03 -0.000000e+00
    endloop
  endfacet
  facet normal -0.000000e+00  0.000000e+00 -1.000000e+00
    outer loop
      vertex  3.545898e-04  8.972661e-03  0.000000e+00
      vertex -3.622932e-05  8.947594e-03  0.000000e+00
      vertex  3.481236e-04  9.072452e-03  0.000000e+00
    endloop
  endfacet
  facet normal  0.000000e+00  0.000000e+00 -1.000000e+00
    outer loop
      vertex -3.622932e-05  8.947594e-03  0.000000e+00
      vertex -4.257230e-05  9.047393e-03  0.000000e+00
      vertex  3.481236e-04  9.072452e-03  0.000000e+00
    endloop
  endfacet
  facet normal  0.000000e+00  0.000000e+00  1.000000e+00
    outer loop
      vertex  3.545898e-04  8.972661e-03 -0.000000e+00
      vertex  3.481236e-04  9.072452e-03 -0.000000e+00
      vertex -3.622932e-05  8.947594e-03 -0.000000e+00
    endloop
  endfacet
  facet normal  0.000000e+00 -0.000000e+00  1.000000e+00
    outer loop
      vertex -3.622932e-05  8.947594e-03 -0.000000e+00
      vertex  3.481236e-04  9.072452e-03 -0.000000e+00
      vertex -4.257230e-05  9.047393e-03 -0.000000e+00
    endloop
  endfacet
  facet normal  0.000000e+00  0.000000e+00  0.000000e+00
    outer loop
      vertex  3.545898e-04  8.972661e-03  0.000000e+00
      vertex  3.545898e-04  8.972661e-03 -0.000000e+00
      vertex -3.622932e-05  8.947594e-03 -0.000000e+00
    endloop
  endfacet
  facet normal  0.000000e+00  0.000000e+00  0.000000e+00
    outer loop
      vertex  3.545898e-04  8.972661e-03  0.000000e+00
      vertex -3.622932e-05  8.947594e-03 -0.000000e+00
      vertex -3.622932e-05  8.947594e-03  0.000000e+00
    endloop
  endfacet
  facet normal  0.000000e+00  0.000000e+00  0.000000e+00
    outer loop
      vertex  3.481236e-04  9.072452e-03  0.000000e+00
      vertex -4.257230e-05  9.047393e-03  0.000000e+00
      vertex  3.481236e-04  9.072452e-03 -0.000000e+00
    endloop
  endfacet
  facet normal  0.000000e+00  0.000000e+00  0.000000e+00
    outer loop
      vertex -4.257230e-05  9.047393e-03  0.000000e+00
      vertex -4.257230e-05  9.047393e-03 -0.000000e+00
      vertex  3.481236e-04  9.072452e-03 -0.000000e+00
    endloop
  endfacet
  facet normal -0.000000e+00  0.000000e+00 -1.000000e+00
    outer loop
      vertex -3.622932e-05  8.947594e-03  0.000000e+00
      vertex -4.333538e-04  8.922529e-03  0.000000e+00
      vertex -4.257230e-05  9.047393e-03  0.000000e+00
    endloop
  endfacet
  facet normal  0.000000e+00  0.000000e+00 -1.000000e+00
    outer loop
      vertex -4.333538e-04  8.922529e-03  0.000000e+00
      vertex -4.396162e-04  9.022333e-03  0.000000e+00
      vertex -4.257230e-05  9.047393e-03  0.000000e+00
    endloop
  endfacet
  facet normal  0.000000e+00  0.000000e+00  1.000000e+00
    outer loop
      vertex -3.622932e-05  8.947594e-03 -0.000000e+00
      vertex -4.257230e-05  9.047393e-03 -0.000000e+00
      vertex -4.333538e-04  8.922529e-03 -0.000000e+00
    endloop
  endfacet
  facet normal  0.000000e+00 -0.000000e+00  1.000000e+00
    outer loop
      vertex -4.333538e-04  8.922529e-03 -0.000000e+00
      vertex -4.257230e-05  9.047393e-03 -0.000000e+00
      vertex -4.396162e-04  9.022333e-03 -0.000000e+00
    endloop
  endfacet
  facet normal  0.000000e+00  0.000000e+00  0.000000e+00
    outer loop
      vertex -3.622932e-05  8.947594e-03  0.000000e+00
      vertex -3.622932e-05  8.947594e-03 -0.000000e+00
      vertex -4.333538e-04  8.922529e-03 -0.000000e+00
    endloop
  endfacet
  facet normal  0.000000e+00  0.000000e+00  0.000000e+00
    outer loop
      vertex -3.622932e-05  8.947594e-03  0.000000e+00
      vertex -4.333538e-04  8.922529e-03 -0.000000e+00
      vertex -4.333538e-04  8.922529e-03  0.000000e+00
    endloop
  endfacet
  facet normal  0.000000e+00  0.000000e+00  0.000000e+00
    outer loop
      vertex -4.257230e-05  9.047393e-03  0.000000e+00
      vertex -4.396162e-04  9.022333e-03  0.000000e+00
      vertex -4.257230e-05  9.047393e-03 -0.000000e+00
    endloop
  endfacet
  facet normal  0.000000e+00  0.000000e+00  0.000000e+00
    outer loop
      vertex -4.396162e-04  9.022333e-03  0.000000e+00
      vertex -4.396162e-04  9.022333e-03 -0.000000e+00
      vertex -4.257230e-05  9.047393e-03 -0.000000e+00
    endloop
  endfacet
  facet normal -0.000000e+00  0.000000e+00 -1.000000e+00
    outer loop
      vertex -4.333538e-04  8.922529e-03  0.000000e+00
      vertex -8.342999e-04  8.897465e-03  0.000000e+00
      vertex -4.396162e-04  9.022333e-03  0.000000e+00
    endloop
  endfacet
  facet normal  0.000000e+00  0.000000e+00 -1.000000e+00
    outer loop
      vertex -8.342999e-04  8.897465e-03  0.000000e+00
      vertex -8.405223e-04  8.997272e-03  0.000000e+00
      vertex -4.396162e-04  9.022333e-03  0.000000e+00
    endloop
  endfacet
  facet normal  0.000000e+00  0.000000e+00  1.000000e+00
    outer loop
      vertex -4.333538e-04  8.922529e-03 -0.000000e+00
      vertex -4.396162e-04  9.022333e-03 -0.000000e+00
      vertex -8.342999e-04  8.897465e-03 -0.000000e+00
    endloop
  endfacet
  facet normal  0.000000e+00 -0.000000e+00  1.000000e+00
    outer loop
      vertex -8.342999e-04  8.897465e-03 -0.000000e+00
      vertex -4.396162e-04  9.022333e-03 -0.000000e+00
      vertex -8.405223e-04  8.997272e-03 -0.000000e+00
    endloop
  endfacet
  facet normal  0.000000e+00  0.000000e+00  0.000000e+00
    outer loop
      vertex -4.333538e-04  8.922529e-03  0.000000e+00
      vertex -4.333538e-04  8.922529e-03 -0.000000e+00
      vertex -8.342999e-04  8.897465e-03 -0.000000e+00
    endloop
  endfacet
  facet normal  0.000000e+00  0.000000e+00  0.000000e+00
    outer loop
      vertex -4.333538e-04  8.922529e-03  0.000000e+00
      vertex -8.342999e-04  8.897465e-03 -0.000000e+00
      vertex -8.342999e-04  8.897465e-03  0.000000e+00
    endloop
  endfacet
  facet normal  0.000000e+00  0.000000e+00  0.000000e+00
    outer loop
      vertex -4.396162e-04  9.022333e-03  0.000000e+00
      vertex -8.405223e-04  8.997272e-03  0.000000e+00
      vertex -4.396162e-04  9.022333e-03 -0.000000e+00
    endloop
  endfacet
  facet normal  0.000000e+00  0.000000e+00  0.000000e+00
    outer loop
      vertex -8.405223e-04  8.997272e-03  0.000000e+00
      vertex -8.405223e-04  8.997272e-03 -0.000000e+00
      vertex -4.396162e-04  9.022333e-03 -0.000000e+00
    endloop
  endfacet
  facet normal -0.000000e+00  0.000000e+00 -1.000000e+00
    outer loop
      vertex -8.342999e-04  8.897465e-03  0.000000e+00
      vertex -1.236519e-03  8.872403e-03  0.000000e+00
      vertex -8.405223e-04  8.997272e-03  0.000000e+00
    endloop
  endfacet
  facet normal  0.000000e+00  0.000000e+00 -1.000000e+00
    outer loop
      vertex -1.236519e-03  8.872403e-03  0.000000e+00
      vertex -1.242741e-03  8.972209e-03  0.000000e+00
      vertex -8.405223e-04  8.997272e-03  0.000000e+00
    endloop
  endfacet
  facet normal  0.000000e+00  0.000000e+00  1.000000e+00
    outer loop
      vertex -8.342999e-04  8.897465e-03 -0.000000e+00
      vertex -8.405223e-04  8.997272e-03 -0.000000e+00
      vertex -1.236519e-03  8.872403e-03 -0.000000e+00
    endloop
  endfacet
  facet normal  0.000000e+00 -0.000000e+00  1.000000e+00
    outer loop
      vertex -1.236519e-03  8.872403e-03 -0.000000e+00
      vertex -8.405223e-04  8.997272e-03 -0.000000e+00
      vertex -1.242741e-03  8.972209e-03 -0.000000e+00
    endloop
  endfacet
  facet normal  0.000000e+00  0.000000e+00  0.000000e+00
    outer loop
      vertex -8.342999e-04  8.897465e-03  0.000000e+00
      vertex -8.342999e-04  8.897465e-03 -0.000000e+00
      vertex -1.236519e-03  8.872403e-03 -0.000000e+00
    endloop
  endfacet
  facet normal  0.000000e+00  0.000000e+00  0.000000e+00
    outer loop
      vertex -8.342999e-04  8.897465e-03  0.000000e+00
      vertex -1.236519e-03  8.872403e-03 -0.000000e+00
      vertex -1.236519e-03  8.872403e-03  0.000000e+00
    endloop
  endfacet
  facet normal  0.000000e+00  0.000000e+00  0.000000e+00
    outer loop
      vertex -8.405223e-04  8.997272e-03  0.000000e+00
      vertex -1.242741e-03  8.972209e-03  0.000000e+00
      vertex -8.405223e-04  8.997272e-03 -0.000000e+00
    endloop
  endfacet
  facet normal  0.000000e+00  0.000000e+00  0.000000e+00
    outer loop
      vertex -1.242741e-03  8.972209e-03  0.000000e+00
      vertex -1.242741e-03  8.972209e-03 -0.000000e+00
      vertex -8.405223e-04  8.997272e-03 -0.000000e+00
    endloop
  endfacet
  facet normal -0.000000e+00  0.000000e+00 -1.000000e+00
    outer loop
      vertex -1.236519e-03  8.872403e-03  0.000000e+00
      vertex -1.637412e-03  8.847341e-03  0.000000e+00
      vertex -1.242741e-03  8.972209e-03  0.000000e+00
    endloop
  endfacet
  facet normal  0.000000e+00  0.000000e+00 -1.000000e+00
    outer loop
      vertex -1.637412e-03  8.847341e-03  0.000000e+00
      vertex -1.643675e-03  8.947145e-03  0.000000e+00
      vertex -1.242741e-03  8.972209e-03  0.000000e+00
    endloop
  endfacet
  facet normal  0.000000e+00  0.000000e+00  1.000000e+00
    outer loop
      vertex -1.236519e-03  8.872403e-03 -0.000000e+00
      vertex -1.242741e-03  8.972209e-03 -0.000000e+00
      vertex -1.637412e-03  8.847341e-03 -0.000000e+00
    endloop
  endfacet
  facet normal  0.000000e+00 -0.000000e+00  1.000000e+00
    outer loop
      vertex -1.637412e-03  8.847341e-03 -0.000000e+00
      vertex -1.242741e-03  8.972209e-03 -0.000000e+00
      vertex -1.643675e-03  8.947145e-03 -0.000000e+00
    endloop
  endfacet
  facet normal  0.000000e+00  0.000000e+00  0.000000e+00
    outer loop
      vertex -1.236519e-03  8.872403e-03  0.000000e+00
      vertex -1.236519e-03  8.872403e-03 -0.000000e+00
      vertex -1.637412e-03  8.847341e-03 -0.000000e+00
    endloop
  endfacet
  facet normal  0.000000e+00  0.000000e+00  0.000000e+00
    outer loop
      vertex -1.236519e-03  8.872403e-03  0.000000e+00
      vertex -1.637412e-03  8.847341e-03 -0.000000e+00
      vertex -1.637412e-03  8.847341e-03  0.000000e+00
    endloop
  endfacet
  facet normal  0.000000e+00  0.000000e+00  0.000000e+00
    outer loop
      vertex -1.242741e-03  8.972209e-03  0.000000e+00
      vertex -1.643675e-03  8.947145e-03  0.000000e+00
      vertex -1.242741e-03  8.972209e-03 -0.000000e+00
    endloop
  endfacet
  facet normal  0.000000e+00  0.000000e+00  0.000000e+00
    outer loop
      vertex -1.643675e-03  8.947145e-03  0.000000e+00
      vertex -1.643675e-03  8.947145e-03 -0.000000e+00
      vertex -1.242741e-03  8.972209e-03 -0.000000e+00
    endloop
  endfacet
  facet normal -0.000000e+00  0.000000e+00 -1.000000e+00
    outer loop
      vertex -1.637412e-03  8.847341e-03  0.000000e+00
      vertex -2.034351e-03  8.822281e-03  0.000000e+00
      vertex -1.643675e-03  8.947145e-03  0.000000e+00
    endloop
  endfacet
  facet normal  0.000000e+00  0.000000e+00 -1.000000e+00
    outer loop
      vertex -2.034351e-03  8.822281e-03  0.000000e+00
      vertex -2.040697e-03  8.922080e-03  0.000000e+00
      vertex -1.643675e-03  8.947145e-03  0.000000e+00
    endloop
  endfacet
  facet normal  0.000000e+00  0.000000e+00  1.000000e+00
    outer loop
      vertex -1.637412e-03  8.847341e-03 -0.000000e+00
      vertex -1.643675e-03  8.947145e-03 -0.000000e+00
      vertex -2.034351e-03  8.822281e-03 -0.000000e+00
    endloop
  endfacet
  facet normal  0.000000e+00 -0.000000e+00  1.000000e+00
    outer loop
      vertex -2.034351e-03  8.822281e-03 -0.000000e+00
      vertex -1.643675e-03  8.947145e-03 -0.000000e+00
      vertex -2.040697e-03  8.922080e-03 -0.000000e+00
    endloop
  endfacet
  facet normal  0.000000e+00  0.000000e+00  0.000000e+00
    outer loop
      vertex -1.637412e-03  8.847341e-03  0.000000e+00
      vertex -1.637412e-03  8.847341e-03 -0.000000e+00
      vertex -2.034351e-03  8.822281e-03 -0.000000e+00
    endloop
  endfacet
  facet normal  0.000000e+00  0.000000e+00  0.000000e+00
    outer loop
      vertex -1.637412e-03  8.847341e-03  0.000000e+00
      vertex -2.034351e-03  8.822281e-03 -0.000000e+00
      vertex -2.034351e-03  8.822281e-03  0.000000e+00
    endloop
  endfacet
  facet normal  0.000000e+00  0.000000e+00  0.000000e+00
    outer loop
      vertex -1.643675e-03  8.947145e-03  0.000000e+00
      vertex -2.040697e-03  8.922080e-03  0.000000e+00
      vertex -1.643675e-03  8.947145e-03 -0.000000e+00
    endloop
  endfacet
  facet normal  0.000000e+00  0.000000e+00  0.000000e+00
    outer loop
      vertex -2.040697e-03  8.922080e-03  0.000000e+00
      vertex -2.040697e-03  8.922080e-03 -0.000000e+00
      vertex -1.643675e-03  8.947145e-03 -0.000000e+00
    endloop
  endfacet
  facet normal -0.000000e+00  0.000000e+00 -1.000000e+00
    outer loop
      vertex -2.034351e-03  8.822281e-03  0.000000e+00
      vertex -2.424690e-03  8.797223e-03  0.000000e+00
      vertex -2.040697e-03  8.922080e-03  0.000000e+00
    endloop
  endfacet
  facet normal  0.000000e+00  0.000000e+00 -1.000000e+00
    outer loop
      vertex -2.424690e-03  8.797223e-03  0.000000e+00
      vertex -2.431165e-03  8.897013e-03  0.000000e+00
      vertex -2.040697e-03  8.922080e-03  0.000000e+00
    endloop
  endfacet
  facet normal  0.000000e+00  0.000000e+00  1.000000e+00
    outer loop
      vertex -2.034351e-03  8.822281e-03 -0.000000e+00
      vertex -2.040697e-03  8.922080e-03 -0.000000e+00
      vertex -2.424690e-03  8.797223e-03 -0.000000e+00
    endloop
  endfacet
  facet normal  0.000000e+00 -0.000000e+00  1.000000e+00
    outer loop
      vertex -2.424690e-03  8.797223e-03 -0.000000e+00
      vertex -2.040697e-03  8.922080e-03 -0.000000e+00
      vertex -2.431165e-03  8.897013e-03 -0.000000e+00
    endloop
  endfacet
  facet normal  0.000000e+00  0.000000e+00  0.000000e+00
    outer loop
      vertex -2.034351e-03  8.822281e-03  0.000000e+00
      vertex -2.034351e-03  8.822281e-03 -0.000000e+00
      vertex -2.424690e-03  8.797223e-03 -0.000000e+00
    endloop
  endfacet
  facet normal  0.000000e+00  0.000000e+00  0.000000e+00
    outer loop
      vertex -2.034351e-03  8.822281e-03  0.000000e+00
      vertex -2.424690e-03  8.797223e-03 -0.000000e+00
      vertex -2.424690e-03  8.797223e-03  0.000000e+00
    endloop
  endfacet
  facet normal  0.000000e+00  0.000000e+00  0.000000e+00
    outer loop
      vertex -2.040697e-03  8.922080e-03  0.000000e+00
      vertex -2.431165e-03  8.897013e-03  0.000000e+00
      vertex -2.040697e-03  8.922080e-03 -0.000000e+00
    endloop
  endfacet
  facet normal  0.000000e+00  0.000000e+00  0.000000e+00
    outer loop
      vertex -2.431165e-03  8.897013e-03  0.000000e+00
      vertex -2.431165e-03  8.897013e-03 -0.000000e+00
      vertex -2.040697e-03  8.922080e-03 -0.000000e+00
    endloop
  endfacet
  facet normal -0.000000e+00  0.000000e+00 -1.000000e+00
    outer loop
      vertex -2.424690e-03  8.797223e-03  0.000000e+00
      vertex -2.805786e-03  8.772166e-03  0.000000e+00
      vertex -2.431165e-03  8.897013e-03  0.000000e+00
    endloop
  endfacet
  facet normal  0.000000e+00  0.000000e+00 -1.000000e+00
    outer loop
      vertex -2.805786e-03  8.772166e-03  0.000000e+00
      vertex -2.812442e-03  8.871944e-03  0.000000e+00
      vertex -2.431165e-03  8.897013e-03  0.000000e+00
    endloop
  endfacet
  facet normal  0.000000e+00  0.000000e+00  1.000000e+00
    outer loop
      vertex -2.424690e-03  8.797223e-03 -0.000000e+00
      vertex -2.431165e-03  8.897013e-03 -0.000000e+00
      vertex -2.805786e-03  8.772166e-03 -0.000000e+00
    endloop
  endfacet
  facet normal  0.000000e+00 -0.000000e+00  1.000000e+00
    outer loop
      vertex -2.805786e-03  8.772166e-03 -0.000000e+00
      vertex -2.431165e-03  8.897013e-03 -0.000000e+00
      vertex -2.812442e-03  8.871944e-03 -0.000000e+00
    endloop
  endfacet
  facet normal  0.000000e+00  0.000000e+00  0.000000e+00
    outer loop
      vertex -2.424690e-03  8.797223e-03  0.000000e+00
      vertex -2.424690e-03  8.797223e-03 -0.000000e+00
      vertex -2.805786e-03  8.772166e-03 -0.000000e+00
    endloop
  endfacet
  facet normal  0.000000e+00  0.000000e+00  0.000000e+00
    outer loop
      vertex -2.424690e-03  8.797223e-03  0.000000e+00
      vertex -2.805786e-03  8.772166e-03 -0.000000e+00
      vertex -2.805786e-03  8.772166e-03  0.000000e+00
    endloop
  endfacet
  facet normal  0.000000e+00  0.000000e+00  0.000000e+00
    outer loop
      vertex -2.431165e-03  8.897013e-03  0.000000e+00
      vertex -2.812442e-03  8.871944e-03  0.000000e+00
      vertex -2.431165e-03  8.897013e-03 -0.000000e+00
    endloop
  endfacet
  facet normal  0.000000e+00  0.000000e+00  0.000000e+00
    outer loop
      vertex -2.812442e-03  8.871944e-03  0.000000e+00
      vertex -2.812442e-03  8.871944e-03 -0.000000e+00
      vertex -2.431165e-03  8.897013e-03 -0.000000e+00
    endloop
  endfacet
  facet normal -0.000000e+00  0.000000e+00 -1.000000e+00
    outer loop
      vertex -2.805786e-03  8.772166e-03  0.000000e+00
      vertex -3.175018e-03  8.747112e-03  0.000000e+00
      vertex -2.812442e-03  8.871944e-03  0.000000e+00
    endloop
  endfacet
  facet normal  0.000000e+00  0.000000e+00 -1.000000e+00
    outer loop
      vertex -3.175018e-03  8.747112e-03  0.000000e+00
      vertex -3.181914e-03  8.846873e-03  0.000000e+00
      vertex -2.812442e-03  8.871944e-03  0.000000e+00
    endloop
  endfacet
  facet normal  0.000000e+00  0.000000e+00  1.000000e+00
    outer loop
      vertex -2.805786e-03  8.772166e-03 -0.000000e+00
      vertex -2.812442e-03  8.871944e-03 -0.000000e+00
      vertex -3.175018e-03  8.747112e-03 -0.000000e+00
    endloop
  endfacet
  facet normal  0.000000e+00 -0.000000e+00  1.000000e+00
    outer loop
      vertex -3.175018e-03  8.747112e-03 -0.000000e+00
      vertex -2.812442e-03  8.871944e-03 -0.000000e+00
      vertex -3.181914e-03  8.846873e-03 -0.000000e+00
    endloop
  endfacet
  facet normal  0.000000e+00  0.000000e+00  0.000000e+00
    outer loop
      vertex -2.805786e-03  8.772166e-03  0.000000e+00
      vertex -2.805786e-03  8.772166e-03 -0.000000e+00
      vertex -3.175018e-03  8.747112e-03 -0.000000e+00
    endloop
  endfacet
  facet normal  0.000000e+00  0.000000e+00  0.000000e+00
    outer loop
      vertex -2.805786e-03  8.772166e-03  0.000000e+00
      vertex -3.175018e-03  8.747112e-03 -0.000000e+00
      vertex -3.175018e-03  8.747112e-03  0.000000e+00
    endloop
  endfacet
  facet normal  0.000000e+00  0.000000e+00  0.000000e+00
    outer loop
      vertex -2.812442e-03  8.871944e-03  0.000000e+00
      vertex -3.181914e-03  8.846873e-03  0.000000e+00
      vertex -2.812442e-03  8.871944e-03 -0.000000e+00
    endloop
  endfacet
  facet normal  0.000000e+00  0.000000e+00  0.000000e+00
    outer loop
      vertex -3.181914e-03  8.846873e-03  0.000000e+00
      vertex -3.181914e-03  8.846873e-03 -0.000000e+00
      vertex -2.812442e-03  8.871944e-03 -0.000000e+00
    endloop
  endfacet
  facet normal -0.000000e+00  0.000000e+00 -1.000000e+00
    outer loop
      vertex -3.175018e-03  8.747112e-03  0.000000e+00
      vertex -3.529800e-03  8.722060e-03  0.000000e+00
      vertex -3.181914e-03  8.846873e-03  0.000000e+00
    endloop
  endfacet
  facet normal  0.000000e+00  0.000000e+00 -1.000000e+00
    outer loop
      vertex -3.529800e-03  8.722060e-03  0.000000e+00
      vertex -3.537006e-03  8.821800e-03  0.000000e+00
      vertex -3.181914e-03  8.846873e-03  0.000000e+00
    endloop
  endfacet
  facet normal  0.000000e+00  0.000000e+00  1.000000e+00
    outer loop
      vertex -3.175018e-03  8.747112e-03 -0.000000e+00
      vertex -3.181914e-03  8.846873e-03 -0.000000e+00
      vertex -3.529800e-03  8.722060e-03 -0.000000e+00
    endloop
  endfacet
  facet normal  0.000000e+00 -0.000000e+00  1.000000e+00
    outer loop
      vertex -3.529800e-03  8.722060e-03 -0.000000e+00
      vertex -3.181914e-03  8.846873e-03 -0.000000e+00
      vertex -3.537006e-03  8.821800e-03 -0.000000e+00
    endloop
  endfacet
  facet normal  0.000000e+00  0.000000e+00  0.000000e+00
    outer loop
      vertex -3.175018e-03  8.747112e-03  0.000000e+00
      vertex -3.175018e-03  8.747112e-03 -0.000000e+00
      vertex -3.529800e-03  8.722060e-03 -0.000000e+00
    endloop
  endfacet
  facet normal  0.000000e+00  0.000000e+00  0.000000e+00
    outer loop
      vertex -3.175018e-03  8.747112e-03  0.000000e+00
      vertex -3.529800e-03  8.722060e-03 -0.000000e+00
      vertex -3.529800e-03  8.722060e-03  0.000000e+00
    endloop
  endfacet
  facet normal  0.000000e+00  0.000000e+00  0.000000e+00
    outer loop
      vertex -3.181914e-03  8.846873e-03  0.000000e+00
      vertex -3.537006e-03  8.821800e-03  0.000000e+00
      vertex -3.181914e-03  8.846873e-03 -0.000000e+00
    endloop
  endfacet
  facet normal  0.000000e+00  0.000000e+00  0.000000e+00
    outer loop
      vertex -3.537006e-03  8.821800e-03  0.000000e+00
      vertex -3.537006e-03  8.821800e-03 -0.000000e+00
      vertex -3.181914e-03  8.846873e-03 -0.000000e+00
    endloop
  endfacet
  facet normal -0.000000e+00  0.000000e+00 -1.000000e+00
    outer loop
      vertex -3.529800e-03  8.722060e-03  0.000000e+00
      vertex -3.867599e-03  8.697012e-03  0.000000e+00
      vertex -3.537006e-03  8.821800e-03  0.000000e+00
    endloop
  endfacet
  facet normal  0.000000e+00  0.000000e+00 -1.000000e+00
    outer loop
      vertex -3.867599e-03  8.697012e-03  0.000000e+00
      vertex -3.875202e-03  8.796722e-03  0.000000e+00
      vertex -3.537006e-03  8.821800e-03  0.000000e+00
    endloop
  endfacet
  facet normal  0.000000e+00  0.000000e+00  1.000000e+00
    outer loop
      vertex -3.529800e-03  8.722060e-03 -0.000000e+00
      vertex -3.537006e-03  8.821800e-03 -0.000000e+00
      vertex -3.867599e-03  8.697012e-03 -0.000000e+00
    endloop
  endfacet
  facet normal  0.000000e+00 -0.000000e+00  1.000000e+00
    outer loop
      vertex -3.867599e-03  8.697012e-03 -0.000000e+00
      vertex -3.537006e-03  8.821800e-03 -0.000000e+00
      vertex -3.875202e-03  8.796722e-03 -0.000000e+00
    endloop
  endfacet
  facet normal  0.000000e+00  0.000000e+00  0.000000e+00
    outer loop
      vertex -3.529800e-03  8.722060e-03  0.000000e+00
      vertex -3.529800e-03  8.722060e-03 -0.000000e+00
      vertex -3.867599e-03  8.697012e-03 -0.000000e+00
    endloop
  endfacet
  facet normal  0.000000e+00  0.000000e+00  0.000000e+00
    outer loop
      vertex -3.529800e-03  8.722060e-03  0.000000e+00
      vertex -3.867599e-03  8.697012e-03 -0.000000e+00
      vertex -3.867599e-03  8.697012e-03  0.000000e+00
    endloop
  endfacet
  facet normal  0.000000e+00  0.000000e+00  0.000000e+00
    outer loop
      vertex -3.537006e-03  8.821800e-03  0.000000e+00
      vertex -3.875202e-03  8.796722e-03  0.000000e+00
      vertex -3.537006e-03  8.821800e-03 -0.000000e+00
    endloop
  endfacet
  facet normal  0.000000e+00  0.000000e+00  0.000000e+00
    outer loop
      vertex -3.875202e-03  8.796722e-03  0.000000e+00
      vertex -3.875202e-03  8.796722e-03 -0.000000e+00
      vertex -3.537006e-03  8.821800e-03 -0.000000e+00
    endloop
  endfacet
  facet normal -0.000000e+00  0.000000e+00 -1.000000e+00
    outer loop
      vertex -3.867599e-03  8.697012e-03  0.000000e+00
      vertex -4.185957e-03  8.671969e-03  0.000000e+00
      vertex -3.875202e-03  8.796722e-03  0.000000e+00
    endloop
  endfacet
  facet normal  0.000000e+00  0.000000e+00 -1.000000e+00
    outer loop
      vertex -4.185957e-03  8.671969e-03  0.000000e+00
      vertex -4.194064e-03  8.771640e-03  0.000000e+00
      vertex -3.875202e-03  8.796722e-03  0.000000e+00
    endloop
  endfacet
  facet normal  0.000000e+00  0.000000e+00  1.000000e+00
    outer loop
      vertex -3.867599e-03  8.697012e-03 -0.000000e+00
      vertex -3.875202e-03  8.796722e-03 -0.000000e+00
      vertex -4.185957e-03  8.671969e-03 -0.000000e+00
    endloop
  endfacet
  facet normal  0.000000e+00 -0.000000e+00  1.000000e+00
    outer loop
      vertex -4.185957e-03  8.671969e-03 -0.000000e+00
      vertex -3.875202e-03  8.796722e-03 -0.000000e+00
      vertex -4.194064e-03  8.771640e-03 -0.000000e+00
    endloop
  endfacet
  facet normal  0.000000e+00  0.000000e+00  0.000000e+00
    outer loop
      vertex -3.867599e-03  8.697012e-03  0.000000e+00
      vertex -3.867599e-03  8.697012e-03 -0.000000e+00
      vertex -4.185957e-03  8.671969e-03 -0.000000e+00
    endloop
  endfacet
  facet normal  0.000000e+00  0.000000e+00  0.000000e+00
    outer loop
      vertex -3.867599e-03  8.697012e-03  0.000000e+00
      vertex -4.185957e-03  8.671969e-03 -0.000000e+00
      vertex -4.185957e-03  8.671969e-03  0.000000e+00
    endloop
  endfacet
  facet normal  0.000000e+00  0.000000e+00  0.000000e+00
    outer loop
      vertex -3.875202e-03  8.796722e-03  0.000000e+00
      vertex -4.194064e-03  8.771640e-03  0.000000e+00
      vertex -3.875202e-03  8.796722e-03 -0.000000e+00
    endloop
  endfacet
  facet normal  0.000000e+00  0.000000e+00  0.000000e+00
    outer loop
      vertex -4.194064e-03  8.771640e-03  0.000000e+00
      vertex -4.194064e-03  8.771640e-03 -0.000000e+00
      vertex -3.875202e-03  8.796722e-03 -0.000000e+00
    endloop
  endfacet
  facet normal -0.000000e+00  0.000000e+00 -1.000000e+00
    outer loop
      vertex -4.185957e-03  8.671969e-03  0.000000e+00
      vertex -4.482499e-03  8.646934e-03  0.000000e+00
      vertex -4.194064e-03  8.771640e-03  0.000000e+00
    endloop
  endfacet
  facet normal  0.000000e+00  0.000000e+00 -1.000000e+00
    outer loop
      vertex -4.482499e-03  8.646934e-03  0.000000e+00
      vertex -4.491252e-03  8.746550e-03  0.000000e+00
      vertex -4.194064e-03  8.771640e-03  0.000000e+00
    endloop
  endfacet
  facet normal  0.000000e+00  0.000000e+00  1.000000e+00
    outer loop
      vertex -4.185957e-03  8.671969e-03 -0.000000e+00
      vertex -4.194064e-03  8.771640e-03 -0.000000e+00
      vertex -4.482499e-03  8.646934e-03 -0.000000e+00
    endloop
  endfacet
  facet normal  0.000000e+00 -0.000000e+00  1.000000e+00
    outer loop
      vertex -4.482499e-03  8.646934e-03 -0.000000e+00
      vertex -4.194064e-03  8.771640e-03 -0.000000e+00
      vertex -4.491252e-03  8.746550e-03 -0.000000e+00
    endloop
  endfacet
  facet normal  0.000000e+00  0.000000e+00  0.000000e+00
    outer loop
      vertex -4.185957e-03  8.671969e-03  0.000000e+00
      vertex -4.185957e-03  8.671969e-03 -0.000000e+00
      vertex -4.482499e-03  8.646934e-03 -0.000000e+00
    endloop
  endfacet
  facet normal  0.000000e+00  0.000000e+00  0.000000e+00
    outer loop
      vertex -4.185957e-03  8.671969e-03  0.000000e+00
      vertex -4.482499e-03  8.646934e-03 -0.000000e+00
      vertex -4.482499e-03  8.646934e-03  0.000000e+00
    endloop
  endfacet
  facet normal  0.000000e+00  0.000000e+00  0.000000e+00
    outer loop
      vertex -4.194064e-03  8.771640e-03  0.000000e+00
      vertex -4.491252e-03  8.746550e-03  0.000000e+00
      vertex -4.194064e-03  8.771640e-03 -0.000000e+00
    endloop
  endfacet
  facet normal  0.000000e+00  0.000000e+00  0.000000e+00
    outer loop
      vertex -4.491252e-03  8.746550e-03  0.000000e+00
      vertex -4.491252e-03  8.746550e-03 -0.000000e+00
      vertex -4.194064e-03  8.771640e-03 -0.000000e+00
    endloop
  endfacet
  facet normal -0.000000e+00  0.000000e+00 -1.000000e+00
    outer loop
      vertex -4.482499e-03  8.646934e-03  0.000000e+00
      vertex -4.754952e-03  8.621910e-03  0.000000e+00
      vertex -4.491252e-03  8.746550e-03  0.000000e+00
    endloop
  endfacet
  facet normal  0.000000e+00  0.000000e+00 -1.000000e+00
    outer loop
      vertex -4.754952e-03  8.621910e-03  0.000000e+00
      vertex -4.764541e-03  8.721449e-03  0.000000e+00
      vertex -4.491252e-03  8.746550e-03  0.000000e+00
    endloop
  endfacet
  facet normal  0.000000e+00  0.000000e+00  1.000000e+00
    outer loop
      vertex -4.482499e-03  8.646934e-03 -0.000000e+00
      vertex -4.491252e-03  8.746550e-03 -0.000000e+00
      vertex -4.754952e-03  8.621910e-03 -0.000000e+00
    endloop
  endfacet
  facet normal  0.000000e+00 -0.000000e+00  1.000000e+00
    outer loop
      vertex -4.754952e-03  8.621910e-03 -0.000000e+00
      vertex -4.491252e-03  8.746550e-03 -0.000000e+00
      vertex -4.764541e-03  8.721449e-03 -0.000000e+00
    endloop
  endfacet
  facet normal  0.000000e+00  0.000000e+00  0.000000e+00
    outer loop
      vertex -4.482499e-03  8.646934e-03  0.000000e+00
      vertex -4.482499e-03  8.646934e-03 -0.000000e+00
      vertex -4.754952e-03  8.621910e-03 -0.000000e+00
    endloop
  endfacet
  facet normal  0.000000e+00  0.000000e+00  0.000000e+00
    outer loop
      vertex -4.482499e-03  8.646934e-03  0.000000e+00
      vertex -4.754952e-03  8.621910e-03 -0.000000e+00
      vertex -4.754952e-03  8.621910e-03  0.000000e+00
    endloop
  endfacet
  facet normal  0.000000e+00  0.000000e+00  0.000000e+00
    outer loop
      vertex -4.491252e-03  8.746550e-03  0.000000e+00
      vertex -4.764541e-03  8.721449e-03  0.000000e+00
      vertex -4.491252e-03  8.746550e-03 -0.000000e+00
    endloop
  endfacet
  facet normal  0.000000e+00  0.000000e+00  0.000000e+00
    outer loop
      vertex -4.764541e-03  8.721449e-03  0.000000e+00
      vertex -4.764541e-03  8.721449e-03 -0.000000e+00
      vertex -4.491252e-03  8.746550e-03 -0.000000e+00
    endloop
  endfacet
  facet normal -0.000000e+00  0.000000e+00 -1.000000e+00
    outer loop
      vertex -4.754952e-03  8.621910e-03  0.000000e+00
      vertex -5.001153e-03  8.596903e-03  0.000000e+00
      vertex -4.764541e-03  8.721449e-03  0.000000e+00
    endloop
  endfacet
  facet normal  0.000000e+00  0.000000e+00 -1.000000e+00
    outer loop
      vertex -5.001153e-03  8.596903e-03  0.000000e+00
      vertex -5.011847e-03  8.696330e-03  0.000000e+00
      vertex -4.764541e-03  8.721449e-03  0.000000e+00
    endloop
  endfacet
  facet normal  0.000000e+00  0.000000e+00  1.000000e+00
    outer loop
      vertex -4.754952e-03  8.621910e-03 -0.000000e+00
      vertex -4.764541e-03  8.721449e-03 -0.000000e+00
      vertex -5.001153e-03  8.596903e-03 -0.000000e+00
    endloop
  endfacet
  facet normal  0.000000e+00 -0.000000e+00  1.000000e+00
    outer loop
      vertex -5.001153e-03  8.596903e-03 -0.000000e+00
      vertex -4.764541e-03  8.721449e-03 -0.000000e+00
      vertex -5.011847e-03  8.696330e-03 -0.000000e+00
    endloop
  endfacet
  facet normal  0.000000e+00  0.000000e+00  0.000000e+00
    outer loop
      vertex -4.754952e-03  8.621910e-03  0.000000e+00
      vertex -4.754952e-03  8.621910e-03 -0.000000e+00
      vertex -5.001153e-03  8.596903e-03 -0.000000e+00
    endloop
  endfacet
  facet normal  0.000000e+00  0.000000e+00  0.000000e+00
    outer loop
      vertex -4.754952e-03  8.621910e-03  0.000000e+00
      vertex -5.001153e-03  8.596903e-03 -0.000000e+00
      vertex -5.001153e-03  8.596903e-03  0.000000e+00
    endloop
  endfacet
  facet normal  0.000000e+00  0.000000e+00  0.000000e+00
    outer loop
      vertex -4.764541e-03  8.721449e-03  0.000000e+00
      vertex -5.011847e-03  8.696330e-03  0.000000e+00
      vertex -4.764541e-03  8.721449e-03 -0.000000e+00
    endloop
  endfacet
  facet normal  0.000000e+00  0.000000e+00  0.000000e+00
    outer loop
      vertex -5.011847e-03  8.696330e-03  0.000000e+00
      vertex -5.011847e-03  8.696330e-03 -0.000000e+00
      vertex -4.764541e-03  8.721449e-03 -0.000000e+00
    endloop
  endfacet
  facet normal -0.000000e+00  0.000000e+00 -1.000000e+00
    outer loop
      vertex -5.001153e-03  8.596903e-03  0.000000e+00
      vertex -5.219054e-03  8.571927e-03  0.000000e+00
      vertex -5.011847e-03  8.696330e-03  0.000000e+00
    endloop
  endfacet
  facet normal  0.000000e+00  0.000000e+00 -1.000000e+00
    outer loop
      vertex -5.219054e-03  8.571927e-03  0.000000e+00
      vertex -5.231249e-03  8.671181e-03  0.000000e+00
      vertex -5.011847e-03  8.696330e-03  0.000000e+00
    endloop
  endfacet
  facet normal  0.000000e+00  0.000000e+00  1.000000e+00
    outer loop
      vertex -5.001153e-03  8.596903e-03 -0.000000e+00
      vertex -5.011847e-03  8.696330e-03 -0.000000e+00
      vertex -5.219054e-03  8.571927e-03 -0.000000e+00
    endloop
  endfacet
  facet normal  0.000000e+00 -0.000000e+00  1.000000e+00
    outer loop
      vertex -5.219054e-03  8.571927e-03 -0.000000e+00
      vertex -5.011847e-03  8.696330e-03 -0.000000e+00
      vertex -5.231249e-03  8.671181e-03 -0.000000e+00
    endloop
  endfacet
  facet normal  0.000000e+00  0.000000e+00  0.000000e+00
    outer loop
      vertex -5.001153e-03  8.596903e-03  0.000000e+00
      vertex -5.001153e-03  8.596903e-03 -0.000000e+00
      vertex -5.219054e-03  8.571927e-03 -0.000000e+00
    endloop
  endfacet
  facet normal  0.000000e+00  0.000000e+00  0.000000e+00
    outer loop
      vertex -5.001153e-03  8.596903e-03  0.000000e+00
      vertex -5.219054e-03  8.571927e-03 -0.000000e+00
      vertex -5.219054e-03  8.571927e-03  0.000000e+00
    endloop
  endfacet
  facet normal  0.000000e+00  0.000000e+00  0.000000e+00
    outer loop
      vertex -5.011847e-03  8.696330e-03  0.000000e+00
      vertex -5.231249e-03  8.671181e-03  0.000000e+00
      vertex -5.011847e-03  8.696330e-03 -0.000000e+00
    endloop
  endfacet
  facet normal  0.000000e+00  0.000000e+00  0.000000e+00
    outer loop
      vertex -5.231249e-03  8.671181e-03  0.000000e+00
      vertex -5.231249e-03  8.671181e-03 -0.000000e+00
      vertex -5.011847e-03  8.696330e-03 -0.000000e+00
    endloop
  endfacet
  facet normal -0.000000e+00  0.000000e+00 -1.000000e+00
    outer loop
      vertex -5.219054e-03  8.571927e-03  0.000000e+00
      vertex -5.406715e-03  8.547007e-03  0.000000e+00
      vertex -5.231249e-03  8.671181e-03  0.000000e+00
    endloop
  endfacet
  facet normal  0.000000e+00  0.000000e+00 -1.000000e+00
    outer loop
      vertex -5.406715e-03  8.547007e-03  0.000000e+00
      vertex -5.421037e-03  8.645976e-03  0.000000e+00
      vertex -5.231249e-03  8.671181e-03  0.000000e+00
    endloop
  endfacet
  facet normal  0.000000e+00  0.000000e+00  1.000000e+00
    outer loop
      vertex -5.219054e-03  8.571927e-03 -0.000000e+00
      vertex -5.231249e-03  8.671181e-03 -0.000000e+00
      vertex -5.406715e-03  8.547007e-03 -0.000000e+00
    endloop
  endfacet
  facet normal  0.000000e+00 -0.000000e+00  1.000000e+00
    outer loop
      vertex -5.406715e-03  8.547007e-03 -0.000000e+00
      vertex -5.231249e-03  8.671181e-03 -0.000000e+00
      vertex -5.421037e-03  8.645976e-03 -0.000000e+00
    endloop
  endfacet
  facet normal  0.000000e+00  0.000000e+00  0.000000e+00
    outer loop
      vertex -5.219054e-03  8.571927e-03  0.000000e+00
      vertex -5.219054e-03  8.571927e-03 -0.000000e+00
      vertex -5.406715e-03  8.547007e-03 -0.000000e+00
    endloop
  endfacet
  facet normal  0.000000e+00  0.000000e+00  0.000000e+00
    outer loop
      vertex -5.219054e-03  8.571927e-03  0.000000e+00
      vertex -5.406715e-03  8.547007e-03 -0.000000e+00
      vertex -5.406715e-03  8.547007e-03  0.000000e+00
    endloop
  endfacet
  facet normal  0.000000e+00  0.000000e+00  0.000000e+00
    outer loop
      vertex -5.231249e-03  8.671181e-03  0.000000e+00
      vertex -5.421037e-03  8.645976e-03  0.000000e+00
      vertex -5.231249e-03  8.671181e-03 -0.000000e+00
    endloop
  endfacet
  facet normal  0.000000e+00  0.000000e+00  0.000000e+00
    outer loop
      vertex -5.421037e-03  8.645976e-03  0.000000e+00
      vertex -5.421037e-03  8.645976e-03 -0.000000e+00
      vertex -5.231249e-03  8.671181e-03 -0.000000e+00
    endloop
  endfacet
  facet normal -0.000000e+00  0.000000e+00 -1.000000e+00
    outer loop
      vertex -5.406715e-03  8.547007e-03  0.000000e+00
      vertex -5.562257e-03  8.522202e-03  0.000000e+00
      vertex -5.421037e-03  8.645976e-03  0.000000e+00
    endloop
  endfacet
  facet normal  0.000000e+00  0.000000e+00 -1.000000e+00
    outer loop
      vertex -5.562257e-03  8.522202e-03  0.000000e+00
      vertex -5.579777e-03  8.620655e-03  0.000000e+00
      vertex -5.421037e-03  8.645976e-03  0.000000e+00
    endloop
  endfacet
  facet normal  0.000000e+00  0.000000e+00  1.000000e+00
    outer loop
      vertex -5.406715e-03  8.547007e-03 -0.000000e+00
      vertex -5.421037e-03  8.645976e-03 -0.000000e+00
      vertex -5.562257e-03  8.522202e-03 -0.000000e+00
    endloop
  endfacet
  facet normal  0.000000e+00 -0.000000e+00  1.000000e+00
    outer loop
      vertex -5.562257e-03  8.522202e-03 -0.000000e+00
      vertex -5.421037e-03  8.645976e-03 -0.000000e+00
      vertex -5.579777e-03  8.620655e-03 -0.000000e+00
    endloop
  endfacet
  facet normal  0.000000e+00  0.000000e+00  0.000000e+00
    outer loop
      vertex -5.406715e-03  8.547007e-03  0.000000e+00
      vertex -5.406715e-03  8.547007e-03 -0.000000e+00
      vertex -5.562257e-03  8.522202e-03 -0.000000e+00
    endloop
  endfacet
  facet normal  0.000000e+00  0.000000e+00  0.000000e+00
    outer loop
      vertex -5.406715e-03  8.547007e-03  0.000000e+00
      vertex -5.562257e-03  8.522202e-03 -0.000000e+00
      vertex -5.562257e-03  8.522202e-03  0.000000e+00
    endloop
  endfacet
  facet normal  0.000000e+00  0.000000e+00  0.000000e+00
    outer loop
      vertex -5.421037e-03  8.645976e-03  0.000000e+00
      vertex -5.579777e-03  8.620655e-03  0.000000e+00
      vertex -5.421037e-03  8.645976e-03 -0.000000e+00
    endloop
  endfacet
  facet normal  0.000000e+00  0.000000e+00  0.000000e+00
    outer loop
      vertex -5.579777e-03  8.620655e-03  0.000000e+00
      vertex -5.579777e-03  8.620655e-03 -0.000000e+00
      vertex -5.421037e-03  8.645976e-03 -0.000000e+00
    endloop
  endfacet
  facet normal -0.000000e+00  0.000000e+00 -1.000000e+00
    outer loop
      vertex -5.562257e-03  8.522202e-03  0.000000e+00
      vertex -5.683708e-03  8.497681e-03  0.000000e+00
      vertex -5.579777e-03  8.620655e-03  0.000000e+00
    endloop
  endfacet
  facet normal  0.000000e+00  0.000000e+00 -1.000000e+00
    outer loop
      vertex -5.683708e-03  8.497681e-03  0.000000e+00
      vertex -5.706491e-03  8.595051e-03  0.000000e+00
      vertex -5.579777e-03  8.620655e-03  0.000000e+00
    endloop
  endfacet
  facet normal  0.000000e+00  0.000000e+00  1.000000e+00
    outer loop
      vertex -5.562257e-03  8.522202e-03 -0.000000e+00
      vertex -5.579777e-03  8.620655e-03 -0.000000e+00
      vertex -5.683708e-03  8.497681e-03 -0.000000e+00
    endloop
  endfacet
  facet normal  0.000000e+00 -0.000000e+00  1.000000e+00
    outer loop
      vertex -5.683708e-03  8.497681e-03 -0.000000e+00
      vertex -5.579777e-03  8.620655e-03 -0.000000e+00
      vertex -5.706491e-03  8.595051e-03 -0.000000e+00
    endloop
  endfacet
  facet normal  0.000000e+00  0.000000e+00  0.000000e+00
    outer loop
      vertex -5.562257e-03  8.522202e-03  0.000000e+00
      vertex -5.562257e-03  8.522202e-03 -0.000000e+00
      vertex -5.683708e-03  8.497681e-03 -0.000000e+00
    endloop
  endfacet
  facet normal  0.000000e+00  0.000000e+00  0.000000e+00
    outer loop
      vertex -5.562257e-03  8.522202e-03  0.000000e+00
      vertex -5.683708e-03  8.497681e-03 -0.000000e+00
      vertex -5.683708e-03  8.497681e-03  0.000000e+00
    endloop
  endfacet
  facet normal  0.000000e+00  0.000000e+00  0.000000e+00
    outer loop
      vertex -5.579777e-03  8.620655e-03  0.000000e+00
      vertex -5.706491e-03  8.595051e-03  0.000000e+00
      vertex -5.579777e-03  8.620655e-03 -0.000000e+00
    endloop
  endfacet
  facet normal  0.000000e+00  0.000000e+00  0.000000e+00
    outer loop
      vertex -5.706491e-03  8.595051e-03  0.000000e+00
      vertex -5.706491e-03  8.595051e-03 -0.000000e+00
      vertex -5.579777e-03  8.620655e-03 -0.000000e+00
    endloop
  endfacet
  facet normal -0.000000e+00  0.000000e+00 -1.000000e+00
    outer loop
      vertex -5.683708e-03  8.497681e-03  0.000000e+00
      vertex -5.768453e-03  8.474068e-03  0.000000e+00
      vertex -5.706491e-03  8.595051e-03  0.000000e+00
    endloop
  endfacet
  facet normal  0.000000e+00  0.000000e+00 -1.000000e+00
    outer loop
      vertex -5.768453e-03  8.474068e-03  0.000000e+00
      vertex -5.801243e-03  8.568539e-03  0.000000e+00
      vertex -5.706491e-03  8.595051e-03  0.000000e+00
    endloop
  endfacet
  facet normal  0.000000e+00  0.000000e+00  1.000000e+00
    outer loop
      vertex -5.683708e-03  8.497681e-03 -0.000000e+00
      vertex -5.706491e-03  8.595051e-03 -0.000000e+00
      vertex -5.768453e-03  8.474068e-03 -0.000000e+00
    endloop
  endfacet
  facet normal  0.000000e+00 -0.000000e+00  1.000000e+00
    outer loop
      vertex -5.768453e-03  8.474068e-03 -0.000000e+00
      vertex -5.706491e-03  8.595051e-03 -0.000000e+00
      vertex -5.801243e-03  8.568539e-03 -0.000000e+00
    endloop
  endfacet
  facet normal  0.000000e+00  0.000000e+00  0.000000e+00
    outer loop
      vertex -5.683708e-03  8.497681e-03  0.000000e+00
      vertex -5.683708e-03  8.497681e-03 -0.000000e+00
      vertex -5.768453e-03  8.474068e-03 -0.000000e+00
    endloop
  endfacet
  facet normal  0.000000e+00  0.000000e+00  0.000000e+00
    outer loop
      vertex -5.683708e-03  8.497681e-03  0.000000e+00
      vertex -5.768453e-03  8.474068e-03 -0.000000e+00
      vertex -5.768453e-03  8.474068e-03  0.000000e+00
    endloop
  endfacet
  facet normal  0.000000e+00  0.000000e+00  0.000000e+00
    outer loop
      vertex -5.706491e-03  8.595051e-03  0.000000e+00
      vertex -5.801243e-03  8.568539e-03  0.000000e+00
      vertex -5.706491e-03  8.595051e-03 -0.000000e+00
    endloop
  endfacet
  facet normal  0.000000e+00  0.000000e+00  0.000000e+00
    outer loop
      vertex -5.801243e-03  8.568539e-03  0.000000e+00
      vertex -5.801243e-03  8.568539e-03 -0.000000e+00
      vertex -5.706491e-03  8.595051e-03 -0.000000e+00
    endloop
  endfacet
  facet normal -0.000000e+00  0.000000e+00 -1.000000e+00
    outer loop
      vertex -5.768453e-03  8.474068e-03  0.000000e+00
      vertex -5.810804e-03  8.455081e-03  0.000000e+00
      vertex -5.801243e-03  8.568539e-03  0.000000e+00
    endloop
  endfacet
  facet normal  0.000000e+00  0.000000e+00 -1.000000e+00
    outer loop
      vertex -5.810804e-03  8.455081e-03  0.000000e+00
      vertex -5.867580e-03  8.537400e-03  0.000000e+00
      vertex -5.801243e-03  8.568539e-03  0.000000e+00
    endloop
  endfacet
  facet normal  0.000000e+00  0.000000e+00  1.000000e+00
    outer loop
      vertex -5.768453e-03  8.474068e-03 -0.000000e+00
      vertex -5.801243e-03  8.568539e-03 -0.000000e+00
      vertex -5.810804e-03  8.455081e-03 -0.000000e+00
    endloop
  endfacet
  facet normal  0.000000e+00 -0.000000e+00  1.000000e+00
    outer loop
      vertex -5.810804e-03  8.455081e-03 -0.000000e+00
      vertex -5.801243e-03  8.568539e-03 -0.000000e+00
      vertex -5.867580e-03  8.537400e-03 -0.000000e+00
    endloop
  endfacet
  facet normal  0.000000e+00  0.000000e+00  0.000000e+00
    outer loop
      vertex -5.768453e-03  8.474068e-03  0.000000e+00
      vertex -5.768453e-03  8.474068e-03 -0.000000e+00
      vertex -5.810804e-03  8.455081e-03 -0.000000e+00
    endloop
  endfacet
  facet normal  0.000000e+00  0.000000e+00  0.000000e+00
    outer loop
      vertex -5.768453e-03  8.474068e-03  0.000000e+00
      vertex -5.810804e-03  8.455081e-03 -0.000000e+00
      vertex -5.810804e-03  8.455081e-03  0.000000e+00
    endloop
  endfacet
  facet normal  0.000000e+00  0.000000e+00  0.000000e+00
    outer loop
      vertex -5.801243e-03  8.568539e-03  0.000000e+00
      vertex -5.867580e-03  8.537400e-03  0.000000e+00
      vertex -5.801243e-03  8.568539e-03 -0.000000e+00
    endloop
  endfacet
  facet normal  0.000000e+00  0.000000e+00  0.000000e+00
    outer loop
      vertex -5.867580e-03  8.537400e-03  0.000000e+00
      vertex -5.867580e-03  8.537400e-03 -0.000000e+00
      vertex -5.801243e-03  8.568539e-03 -0.000000e+00
    endloop
  endfacet
  facet normal  0.000000e+00 -0.000000e+00  1.000000e+00
    outer loop
      vertex -5.810804e-03  8.455081e-03  0.000000e+00
      vertex -5.807279e-03  8.471723e-03  0.000000e+00
      vertex -5.867580e-03  8.537400e-03  0.000000e+00
    endloop
  endfacet
  facet normal -0.000000e+00  0.000000e+00 -1.000000e+00
    outer loop
      vertex -5.807279e-03  8.471723e-03  0.000000e+00
      vertex -5.907274e-03  8.470633e-03  0.000000e+00
      vertex -5.867580e-03  8.537400e-03  0.000000e+00
    endloop
  endfacet
  facet normal  0.000000e+00  0.000000e+00 -1.000000e+00
    outer loop
      vertex -5.810804e-03  8.455081e-03 -0.000000e+00
      vertex -5.867580e-03  8.537400e-03 -0.000000e+00
      vertex -5.807279e-03  8.471723e-03 -0.000000e+00
    endloop
  endfacet
  facet normal  0.000000e+00  0.000000e+00  1.000000e+00
    outer loop
      vertex -5.807279e-03  8.471723e-03 -0.000000e+00
      vertex -5.867580e-03  8.537400e-03 -0.000000e+00
      vertex -5.907274e-03  8.470633e-03 -0.000000e+00
    endloop
  endfacet
  facet normal  0.000000e+00  0.000000e+00  0.000000e+00
    outer loop
      vertex -5.810804e-03  8.455081e-03  0.000000e+00
      vertex -5.810804e-03  8.455081e-03 -0.000000e+00
      vertex -5.807279e-03  8.471723e-03 -0.000000e+00
    endloop
  endfacet
  facet normal  0.000000e+00  0.000000e+00  0.000000e+00
    outer loop
      vertex -5.810804e-03  8.455081e-03  0.000000e+00
      vertex -5.807279e-03  8.471723e-03 -0.000000e+00
      vertex -5.807279e-03  8.471723e-03  0.000000e+00
    endloop
  endfacet
  facet normal  0.000000e+00  0.000000e+00  0.000000e+00
    outer loop
      vertex -5.867580e-03  8.537400e-03  0.000000e+00
      vertex -5.907274e-03  8.470633e-03  0.000000e+00
      vertex -5.867580e-03  8.537400e-03 -0.000000e+00
    endloop
  endfacet
  facet normal  0.000000e+00  0.000000e+00  0.000000e+00
    outer loop
      vertex -5.907274e-03  8.470633e-03  0.000000e+00
      vertex -5.907274e-03  8.470633e-03 -0.000000e+00
      vertex -5.867580e-03  8.537400e-03 -0.000000e+00
    endloop
  endfacet
  facet normal  0.000000e+00  0.000000e+00  1.000000e+00
    outer loop
      vertex -5.807279e-03  8.471723e-03  0.000000e+00
      vertex -5.810639e-03  8.487651e-03  0.000000e+00
      vertex -5.907274e-03  8.470633e-03  0.000000e+00
    endloop
  endfacet
  facet normal  0.000000e+00  0.000000e+00 -1.000000e+00
    outer loop
      vertex -5.810639e-03  8.487651e-03  0.000000e+00
      vertex -5.866309e-03  8.404580e-03  0.000000e+00
      vertex -5.907274e-03  8.470633e-03  0.000000e+00
    endloop
  endfacet
  facet normal -0.000000e+00  0.000000e+00 -1.000000e+00
    outer loop
      vertex -5.807279e-03  8.471723e-03 -0.000000e+00
      vertex -5.907274e-03  8.470633e-03 -0.000000e+00
      vertex -5.810639e-03  8.487651e-03 -0.000000e+00
    endloop
  endfacet
  facet normal  0.000000e+00  0.000000e+00  1.000000e+00
    outer loop
      vertex -5.810639e-03  8.487651e-03 -0.000000e+00
      vertex -5.907274e-03  8.470633e-03 -0.000000e+00
      vertex -5.866309e-03  8.404580e-03 -0.000000e+00
    endloop
  endfacet
  facet normal  0.000000e+00  0.000000e+00  0.000000e+00
    outer loop
      vertex -5.807279e-03  8.471723e-03  0.000000e+00
      vertex -5.807279e-03  8.471723e-03 -0.000000e+00
      vertex -5.810639e-03  8.487651e-03 -0.000000e+00
    endloop
  endfacet
  facet normal  0.000000e+00  0.000000e+00  0.000000e+00
    outer loop
      vertex -5.807279e-03  8.471723e-03  0.000000e+00
      vertex -5.810639e-03  8.487651e-03 -0.000000e+00
      vertex -5.810639e-03  8.487651e-03  0.000000e+00
    endloop
  endfacet
  facet normal  0.000000e+00  0.000000e+00  0.000000e+00
    outer loop
      vertex -5.907274e-03  8.470633e-03  0.000000e+00
      vertex -5.866309e-03  8.404580e-03  0.000000e+00
      vertex -5.907274e-03  8.470633e-03 -0.000000e+00
    endloop
  endfacet
  facet normal  0.000000e+00  0.000000e+00  0.000000e+00
    outer loop
      vertex -5.866309e-03  8.404580e-03  0.000000e+00
      vertex -5.866309e-03  8.404580e-03 -0.000000e+00
      vertex -5.907274e-03  8.470633e-03 -0.000000e+00
    endloop
  endfacet
  facet normal  0.000000e+00 -0.000000e+00 -1.000000e+00
    outer loop
      vertex -5.810639e-03  8.487651e-03  0.000000e+00
      vertex -5.766503e-03  8.468462e-03  0.000000e+00
      vertex -5.866309e-03  8.404580e-03  0.000000e+00
    endloop
  endfacet
  facet normal  0.000000e+00  0.000000e+00 -1.000000e+00
    outer loop
      vertex -5.766503e-03  8.468462e-03  0.000000e+00
      vertex -5.798272e-03  8.373643e-03  0.000000e+00
      vertex -5.866309e-03  8.404580e-03  0.000000e+00
    endloop
  endfacet
  facet normal  0.000000e+00  0.000000e+00  1.000000e+00
    outer loop
      vertex -5.810639e-03  8.487651e-03 -0.000000e+00
      vertex -5.866309e-03  8.404580e-03 -0.000000e+00
      vertex -5.766503e-03  8.468462e-03 -0.000000e+00
    endloop
  endfacet
  facet normal  0.000000e+00  0.000000e+00  1.000000e+00
    outer loop
      vertex -5.766503e-03  8.468462e-03 -0.000000e+00
      vertex -5.866309e-03  8.404580e-03 -0.000000e+00
      vertex -5.798272e-03  8.373643e-03 -0.000000e+00
    endloop
  endfacet
  facet normal  0.000000e+00  0.000000e+00  0.000000e+00
    outer loop
      vertex -5.810639e-03  8.487651e-03  0.000000e+00
      vertex -5.810639e-03  8.487651e-03 -0.000000e+00
      vertex -5.766503e-03  8.468462e-03 -0.000000e+00
    endloop
  endfacet
  facet normal  0.000000e+00  0.000000e+00  0.000000e+00
    outer loop
      vertex -5.810639e-03  8.487651e-03  0.000000e+00
      vertex -5.766503e-03  8.468462e-03 -0.000000e+00
      vertex -5.766503e-03  8.468462e-03  0.000000e+00
    endloop
  endfacet
  facet normal  0.000000e+00  0.000000e+00  0.000000e+00
    outer loop
      vertex -5.866309e-03  8.404580e-03  0.000000e+00
      vertex -5.798272e-03  8.373643e-03  0.000000e+00
      vertex -5.866309e-03  8.404580e-03 -0.000000e+00
    endloop
  endfacet
  facet normal  0.000000e+00  0.000000e+00  0.000000e+00
    outer loop
      vertex -5.798272e-03  8.373643e-03  0.000000e+00
      vertex -5.798272e-03  8.373643e-03 -0.000000e+00
      vertex -5.866309e-03  8.404580e-03 -0.000000e+00
    endloop
  endfacet
  facet normal  0.000000e+00 -0.000000e+00 -1.000000e+00
    outer loop
      vertex -5.766503e-03  8.468462e-03  0.000000e+00
      vertex -5.677963e-03  8.444788e-03  0.000000e+00
      vertex -5.798272e-03  8.373643e-03  0.000000e+00
    endloop
  endfacet
  facet normal  0.000000e+00  0.000000e+00 -1.000000e+00
    outer loop
      vertex -5.677963e-03  8.444788e-03  0.000000e+00
      vertex -5.699755e-03  8.347192e-03  0.000000e+00
      vertex -5.798272e-03  8.373643e-03  0.000000e+00
    endloop
  endfacet
  facet normal  0.000000e+00  0.000000e+00  1.000000e+00
    outer loop
      vertex -5.766503e-03  8.468462e-03 -0.000000e+00
      vertex -5.798272e-03  8.373643e-03 -0.000000e+00
      vertex -5.677963e-03  8.444788e-03 -0.000000e+00
    endloop
  endfacet
  facet normal  0.000000e+00  0.000000e+00  1.000000e+00
    outer loop
      vertex -5.677963e-03  8.444788e-03 -0.000000e+00
      vertex -5.798272e-03  8.373643e-03 -0.000000e+00
      vertex -5.699755e-03  8.347192e-03 -0.000000e+00
    endloop
  endfacet
  facet normal  0.000000e+00  0.000000e+00  0.000000e+00
    outer loop
      vertex -5.766503e-03  8.468462e-03  0.000000e+00
      vertex -5.766503e-03  8.468462e-03 -0.000000e+00
      vertex -5.677963e-03  8.444788e-03 -0.000000e+00
    endloop
  endfacet
  facet normal  0.000000e+00  0.000000e+00  0.000000e+00
    outer loop
      vertex -5.766503e-03  8.468462e-03  0.000000e+00
      vertex -5.677963e-03  8.444788e-03 -0.000000e+00
      vertex -5.677963e-03  8.444788e-03  0.000000e+00
    endloop
  endfacet
  facet normal  0.000000e+00  0.000000e+00  0.000000e+00
    outer loop
      vertex -5.798272e-03  8.373643e-03  0.000000e+00
      vertex -5.699755e-03  8.347192e-03  0.000000e+00
      vertex -5.798272e-03  8.373643e-03 -0.000000e+00
    endloop
  endfacet
  facet normal  0.000000e+00  0.000000e+00  0.000000e+00
    outer loop
      vertex -5.699755e-03  8.347192e-03  0.000000e+00
      vertex -5.699755e-03  8.347192e-03 -0.000000e+00
      vertex -5.798272e-03  8.373643e-03 -0.000000e+00
    endloop
  endfacet
  facet normal  0.000000e+00 -0.000000e+00 -1.000000e+00
    outer loop
      vertex -5.677963e-03  8.444788e-03  0.000000e+00
      vertex -5.549704e-03  8.420239e-03  0.000000e+00
      vertex -5.699755e-03  8.347192e-03  0.000000e+00
    endloop
  endfacet
  facet normal  0.000000e+00  0.000000e+00 -1.000000e+00
    outer loop
      vertex -5.549704e-03  8.420239e-03  0.000000e+00
      vertex -5.566240e-03  8.321616e-03  0.000000e+00
      vertex -5.699755e-03  8.347192e-03  0.000000e+00
    endloop
  endfacet
  facet normal  0.000000e+00  0.000000e+00  1.000000e+00
    outer loop
      vertex -5.677963e-03  8.444788e-03 -0.000000e+00
      vertex -5.699755e-03  8.347192e-03 -0.000000e+00
      vertex -5.549704e-03  8.420239e-03 -0.000000e+00
    endloop
  endfacet
  facet normal  0.000000e+00  0.000000e+00  1.000000e+00
    outer loop
      vertex -5.549704e-03  8.420239e-03 -0.000000e+00
      vertex -5.699755e-03  8.347192e-03 -0.000000e+00
      vertex -5.566240e-03  8.321616e-03 -0.000000e+00
    endloop
  endfacet
  facet normal  0.000000e+00  0.000000e+00  0.000000e+00
    outer loop
      vertex -5.677963e-03  8.444788e-03  0.000000e+00
      vertex -5.677963e-03  8.444788e-03 -0.000000e+00
      vertex -5.549704e-03  8.420239e-03 -0.000000e+00
    endloop
  endfacet
  facet normal  0.000000e+00  0.000000e+00  0.000000e+00
    outer loop
      vertex -5.677963e-03  8.444788e-03  0.000000e+00
      vertex -5.549704e-03  8.420239e-03 -0.000000e+00
      vertex -5.549704e-03  8.420239e-03  0.000000e+00
    endloop
  endfacet
  facet normal  0.000000e+00  0.000000e+00  0.000000e+00
    outer loop
      vertex -5.699755e-03  8.347192e-03  0.000000e+00
      vertex -5.566240e-03  8.321616e-03  0.000000e+00
      vertex -5.699755e-03  8.347192e-03 -0.000000e+00
    endloop
  endfacet
  facet normal  0.000000e+00  0.000000e+00  0.000000e+00
    outer loop
      vertex -5.566240e-03  8.321616e-03  0.000000e+00
      vertex -5.566240e-03  8.321616e-03 -0.000000e+00
      vertex -5.699755e-03  8.347192e-03 -0.000000e+00
    endloop
  endfacet
  facet normal  0.000000e+00 -0.000000e+00 -1.000000e+00
    outer loop
      vertex -5.549704e-03  8.420239e-03  0.000000e+00
      vertex -5.383386e-03  8.395418e-03  0.000000e+00
      vertex -5.566240e-03  8.321616e-03  0.000000e+00
    endloop
  endfacet
  facet normal  0.000000e+00  0.000000e+00 -1.000000e+00
    outer loop
      vertex -5.383386e-03  8.395418e-03  0.000000e+00
      vertex -5.396721e-03  8.296311e-03  0.000000e+00
      vertex -5.566240e-03  8.321616e-03  0.000000e+00
    endloop
  endfacet
  facet normal  0.000000e+00  0.000000e+00  1.000000e+00
    outer loop
      vertex -5.549704e-03  8.420239e-03 -0.000000e+00
      vertex -5.566240e-03  8.321616e-03 -0.000000e+00
      vertex -5.383386e-03  8.395418e-03 -0.000000e+00
    endloop
  endfacet
  facet normal  0.000000e+00  0.000000e+00  1.000000e+00
    outer loop
      vertex -5.383386e-03  8.395418e-03 -0.000000e+00
      vertex -5.566240e-03  8.321616e-03 -0.000000e+00
      vertex -5.396721e-03  8.296311e-03 -0.000000e+00
    endloop
  endfacet
  facet normal  0.000000e+00  0.000000e+00  0.000000e+00
    outer loop
      vertex -5.549704e-03  8.420239e-03  0.000000e+00
      vertex -5.549704e-03  8.420239e-03 -0.000000e+00
      vertex -5.383386e-03  8.395418e-03 -0.000000e+00
    endloop
  endfacet
  facet normal  0.000000e+00  0.000000e+00  0.000000e+00
    outer loop
      vertex -5.549704e-03  8.420239e-03  0.000000e+00
      vertex -5.383386e-03  8.395418e-03 -0.000000e+00
      vertex -5.383386e-03  8.395418e-03  0.000000e+00
    endloop
  endfacet
  facet normal  0.000000e+00  0.000000e+00  0.000000e+00
    outer loop
      vertex -5.566240e-03  8.321616e-03  0.000000e+00
      vertex -5.396721e-03  8.296311e-03  0.000000e+00
      vertex -5.566240e-03  8.321616e-03 -0.000000e+00
    endloop
  endfacet
  facet normal  0.000000e+00  0.000000e+00  0.000000e+00
    outer loop
      vertex -5.396721e-03  8.296311e-03  0.000000e+00
      vertex -5.396721e-03  8.296311e-03 -0.000000e+00
      vertex -5.566240e-03  8.321616e-03 -0.000000e+00
    endloop
  endfacet
  facet normal  0.000000e+00 -0.000000e+00 -1.000000e+00
    outer loop
      vertex -5.383386e-03  8.395418e-03  0.000000e+00
      vertex -5.180078e-03  8.370487e-03  0.000000e+00
      vertex -5.396721e-03  8.296311e-03  0.000000e+00
    endloop
  endfacet
  facet normal  0.000000e+00  0.000000e+00 -1.000000e+00
    outer loop
      vertex -5.180078e-03  8.370487e-03  0.000000e+00
      vertex -5.191278e-03  8.271117e-03  0.000000e+00
      vertex -5.396721e-03  8.296311e-03  0.000000e+00
    endloop
  endfacet
  facet normal  0.000000e+00  0.000000e+00  1.000000e+00
    outer loop
      vertex -5.383386e-03  8.395418e-03 -0.000000e+00
      vertex -5.396721e-03  8.296311e-03 -0.000000e+00
      vertex -5.180078e-03  8.370487e-03 -0.000000e+00
    endloop
  endfacet
  facet normal  0.000000e+00  0.000000e+00  1.000000e+00
    outer loop
      vertex -5.180078e-03  8.370487e-03 -0.000000e+00
      vertex -5.396721e-03  8.296311e-03 -0.000000e+00
      vertex -5.191278e-03  8.271117e-03 -0.000000e+00
    endloop
  endfacet
  facet normal  0.000000e+00  0.000000e+00  0.000000e+00
    outer loop
      vertex -5.383386e-03  8.395418e-03  0.000000e+00
      vertex -5.383386e-03  8.395418e-03 -0.000000e+00
      vertex -5.180078e-03  8.370487e-03 -0.000000e+00
    endloop
  endfacet
  facet normal  0.000000e+00  0.000000e+00  0.000000e+00
    outer loop
      vertex -5.383386e-03  8.395418e-03  0.000000e+00
      vertex -5.180078e-03  8.370487e-03 -0.000000e+00
      vertex -5.180078e-03  8.370487e-03  0.000000e+00
    endloop
  endfacet
  facet normal  0.000000e+00  0.000000e+00  0.000000e+00
    outer loop
      vertex -5.396721e-03  8.296311e-03  0.000000e+00
      vertex -5.191278e-03  8.271117e-03  0.000000e+00
      vertex -5.396721e-03  8.296311e-03 -0.000000e+00
    endloop
  endfacet
  facet normal  0.000000e+00  0.000000e+00  0.000000e+00
    outer loop
      vertex -5.191278e-03  8.271117e-03  0.000000e+00
      vertex -5.191278e-03  8.271117e-03 -0.000000e+00
      vertex -5.396721e-03  8.296311e-03 -0.000000e+00
    endloop
  endfacet
  facet normal  0.000000e+00 -0.000000e+00 -1.000000e+00
    outer loop
      vertex -5.180078e-03  8.370487e-03  0.000000e+00
      vertex -4.940820e-03  8.345504e-03  0.000000e+00
      vertex -5.191278e-03  8.271117e-03  0.000000e+00
    endloop
  endfacet
  facet normal  0.000000e+00  0.000000e+00 -1.000000e+00
    outer loop
      vertex -4.940820e-03  8.345504e-03  0.000000e+00
      vertex -4.950508e-03  8.245975e-03  0.000000e+00
      vertex -5.191278e-03  8.271117e-03  0.000000e+00
    endloop
  endfacet
  facet normal  0.000000e+00  0.000000e+00  1.000000e+00
    outer loop
      vertex -5.180078e-03  8.370487e-03 -0.000000e+00
      vertex -5.191278e-03  8.271117e-03 -0.000000e+00
      vertex -4.940820e-03  8.345504e-03 -0.000000e+00
    endloop
  endfacet
  facet normal  0.000000e+00  0.000000e+00  1.000000e+00
    outer loop
      vertex -4.940820e-03  8.345504e-03 -0.000000e+00
      vertex -5.191278e-03  8.271117e-03 -0.000000e+00
      vertex -4.950508e-03  8.245975e-03 -0.000000e+00
    endloop
  endfacet
  facet normal  0.000000e+00  0.000000e+00  0.000000e+00
    outer loop
      vertex -5.180078e-03  8.370487e-03  0.000000e+00
      vertex -5.180078e-03  8.370487e-03 -0.000000e+00
      vertex -4.940820e-03  8.345504e-03 -0.000000e+00
    endloop
  endfacet
  facet normal  0.000000e+00  0.000000e+00  0.000000e+00
    outer loop
      vertex -5.180078e-03  8.370487e-03  0.000000e+00
      vertex -4.940820e-03  8.345504e-03 -0.000000e+00
      vertex -4.940820e-03  8.345504e-03  0.000000e+00
    endloop
  endfacet
  facet normal  0.000000e+00  0.000000e+00  0.000000e+00
    outer loop
      vertex -5.191278e-03  8.271117e-03  0.000000e+00
      vertex -4.950508e-03  8.245975e-03  0.000000e+00
      vertex -5.191278e-03  8.271117e-03 -0.000000e+00
    endloop
  endfacet
  facet normal  0.000000e+00  0.000000e+00  0.000000e+00
    outer loop
      vertex -4.950508e-03  8.245975e-03  0.000000e+00
      vertex -4.950508e-03  8.245975e-03 -0.000000e+00
      vertex -5.191278e-03  8.271117e-03 -0.000000e+00
    endloop
  endfacet
  facet normal  0.000000e+00 -0.000000e+00 -1.000000e+00
    outer loop
      vertex -4.940820e-03  8.345504e-03  0.000000e+00
      vertex -4.666789e-03  8.320493e-03  0.000000e+00
      vertex -4.950508e-03  8.245975e-03  0.000000e+00
    endloop
  endfacet
  facet normal  0.000000e+00  0.000000e+00 -1.000000e+00
    outer loop
      vertex -4.666789e-03  8.320493e-03  0.000000e+00
      vertex -4.675356e-03  8.220861e-03  0.000000e+00
      vertex -4.950508e-03  8.245975e-03  0.000000e+00
    endloop
  endfacet
  facet normal  0.000000e+00  0.000000e+00  1.000000e+00
    outer loop
      vertex -4.940820e-03  8.345504e-03 -0.000000e+00
      vertex -4.950508e-03  8.245975e-03 -0.000000e+00
      vertex -4.666789e-03  8.320493e-03 -0.000000e+00
    endloop
  endfacet
  facet normal  0.000000e+00  0.000000e+00  1.000000e+00
    outer loop
      vertex -4.666789e-03  8.320493e-03 -0.000000e+00
      vertex -4.950508e-03  8.245975e-03 -0.000000e+00
      vertex -4.675356e-03  8.220861e-03 -0.000000e+00
    endloop
  endfacet
  facet normal  0.000000e+00  0.000000e+00  0.000000e+00
    outer loop
      vertex -4.940820e-03  8.345504e-03  0.000000e+00
      vertex -4.940820e-03  8.345504e-03 -0.000000e+00
      vertex -4.666789e-03  8.320493e-03 -0.000000e+00
    endloop
  endfacet
  facet normal  0.000000e+00  0.000000e+00  0.000000e+00
    outer loop
      vertex -4.940820e-03  8.345504e-03  0.000000e+00
      vertex -4.666789e-03  8.320493e-03 -0.000000e+00
      vertex -4.666789e-03  8.320493e-03  0.000000e+00
    endloop
  endfacet
  facet normal  0.000000e+00  0.000000e+00  0.000000e+00
    outer loop
      vertex -4.950508e-03  8.245975e-03  0.000000e+00
      vertex -4.675356e-03  8.220861e-03  0.000000e+00
      vertex -4.950508e-03  8.245975e-03 -0.000000e+00
    endloop
  endfacet
  facet normal  0.000000e+00  0.000000e+00  0.000000e+00
    outer loop
      vertex -4.675356e-03  8.220861e-03  0.000000e+00
      vertex -4.675356e-03  8.220861e-03 -0.000000e+00
      vertex -4.950508e-03  8.245975e-03 -0.000000e+00
    endloop
  endfacet
  facet normal  0.000000e+00 -0.000000e+00 -1.000000e+00
    outer loop
      vertex -4.666789e-03  8.320493e-03  0.000000e+00
      vertex -4.359346e-03  8.295465e-03  0.000000e+00
      vertex -4.675356e-03  8.220861e-03  0.000000e+00
    endloop
  endfacet
  facet normal  0.000000e+00  0.000000e+00 -1.000000e+00
    outer loop
      vertex -4.359346e-03  8.295465e-03  0.000000e+00
      vertex -4.367058e-03  8.195763e-03  0.000000e+00
      vertex -4.675356e-03  8.220861e-03  0.000000e+00
    endloop
  endfacet
  facet normal  0.000000e+00  0.000000e+00  1.000000e+00
    outer loop
      vertex -4.666789e-03  8.320493e-03 -0.000000e+00
      vertex -4.675356e-03  8.220861e-03 -0.000000e+00
      vertex -4.359346e-03  8.295465e-03 -0.000000e+00
    endloop
  endfacet
  facet normal  0.000000e+00  0.000000e+00  1.000000e+00
    outer loop
      vertex -4.359346e-03  8.295465e-03 -0.000000e+00
      vertex -4.675356e-03  8.220861e-03 -0.000000e+00
      vertex -4.367058e-03  8.195763e-03 -0.000000e+00
    endloop
  endfacet
  facet normal  0.000000e+00  0.000000e+00  0.000000e+00
    outer loop
      vertex -4.666789e-03  8.320493e-03  0.000000e+00
      vertex -4.666789e-03  8.320493e-03 -0.000000e+00
      vertex -4.359346e-03  8.295465e-03 -0.000000e+00
    endloop
  endfacet
  facet normal  0.000000e+00  0.000000e+00  0.000000e+00
    outer loop
      vertex -4.666789e-03  8.320493e-03  0.000000e+00
      vertex -4.359346e-03  8.295465e-03 -0.000000e+00
      vertex -4.359346e-03  8.295465e-03  0.000000e+00
    endloop
  endfacet
  facet normal  0.000000e+00  0.000000e+00  0.000000e+00
    outer loop
      vertex -4.675356e-03  8.220861e-03  0.000000e+00
      vertex -4.367058e-03  8.195763e-03  0.000000e+00
      vertex -4.675356e-03  8.220861e-03 -0.000000e+00
    endloop
  endfacet
  facet normal  0.000000e+00  0.000000e+00  0.000000e+00
    outer loop
      vertex -4.367058e-03  8.195763e-03  0.000000e+00
      vertex -4.367058e-03  8.195763e-03 -0.000000e+00
      vertex -4.675356e-03  8.220861e-03 -0.000000e+00
    endloop
  endfacet
  facet normal  0.000000e+00 -0.000000e+00 -1.000000e+00
    outer loop
      vertex -4.359346e-03  8.295465e-03  0.000000e+00
      vertex -4.020065e-03  8.270427e-03  0.000000e+00
      vertex -4.367058e-03  8.195763e-03  0.000000e+00
    endloop
  endfacet
  facet normal  0.000000e+00  0.000000e+00 -1.000000e+00
    outer loop
      vertex -4.020065e-03  8.270427e-03  0.000000e+00
      vertex -4.027109e-03  8.170676e-03  0.000000e+00
      vertex -4.367058e-03  8.195763e-03  0.000000e+00
    endloop
  endfacet
  facet normal  0.000000e+00  0.000000e+00  1.000000e+00
    outer loop
      vertex -4.359346e-03  8.295465e-03 -0.000000e+00
      vertex -4.367058e-03  8.195763e-03 -0.000000e+00
      vertex -4.020065e-03  8.270427e-03 -0.000000e+00
    endloop
  endfacet
  facet normal  0.000000e+00  0.000000e+00  1.000000e+00
    outer loop
      vertex -4.020065e-03  8.270427e-03 -0.000000e+00
      vertex -4.367058e-03  8.195763e-03 -0.000000e+00
      vertex -4.027109e-03  8.170676e-03 -0.000000e+00
    endloop
  endfacet
  facet normal  0.000000e+00  0.000000e+00  0.000000e+00
    outer loop
      vertex -4.359346e-03  8.295465e-03  0.000000e+00
      vertex -4.359346e-03  8.295465e-03 -0.000000e+00
      vertex -4.020065e-03  8.270427e-03 -0.000000e+00
    endloop
  endfacet
  facet normal  0.000000e+00  0.000000e+00  0.000000e+00
    outer loop
      vertex -4.359346e-03  8.295465e-03  0.000000e+00
      vertex -4.020065e-03  8.270427e-03 -0.000000e+00
      vertex -4.020065e-03  8.270427e-03  0.000000e+00
    endloop
  endfacet
  facet normal  0.000000e+00  0.000000e+00  0.000000e+00
    outer loop
      vertex -4.367058e-03  8.195763e-03  0.000000e+00
      vertex -4.027109e-03  8.170676e-03  0.000000e+00
      vertex -4.367058e-03  8.195763e-03 -0.000000e+00
    endloop
  endfacet
  facet normal  0.000000e+00  0.000000e+00  0.000000e+00
    outer loop
      vertex -4.027109e-03  8.170676e-03  0.000000e+00
      vertex -4.027109e-03  8.170676e-03 -0.000000e+00
      vertex -4.367058e-03  8.195763e-03 -0.000000e+00
    endloop
  endfacet
  facet normal  0.000000e+00 -0.000000e+00 -1.000000e+00
    outer loop
      vertex -4.020065e-03  8.270427e-03  0.000000e+00
      vertex -3.650727e-03  8.245383e-03  0.000000e+00
      vertex -4.027109e-03  8.170676e-03  0.000000e+00
    endloop
  endfacet
  facet normal  0.000000e+00  0.000000e+00 -1.000000e+00
    outer loop
      vertex -3.650727e-03  8.245383e-03  0.000000e+00
      vertex -3.657241e-03  8.145595e-03  0.000000e+00
      vertex -4.027109e-03  8.170676e-03  0.000000e+00
    endloop
  endfacet
  facet normal  0.000000e+00  0.000000e+00  1.000000e+00
    outer loop
      vertex -4.020065e-03  8.270427e-03 -0.000000e+00
      vertex -4.027109e-03  8.170676e-03 -0.000000e+00
      vertex -3.650727e-03  8.245383e-03 -0.000000e+00
    endloop
  endfacet
  facet normal  0.000000e+00  0.000000e+00  1.000000e+00
    outer loop
      vertex -3.650727e-03  8.245383e-03 -0.000000e+00
      vertex -4.027109e-03  8.170676e-03 -0.000000e+00
      vertex -3.657241e-03  8.145595e-03 -0.000000e+00
    endloop
  endfacet
  facet normal  0.000000e+00  0.000000e+00  0.000000e+00
    outer loop
      vertex -4.020065e-03  8.270427e-03  0.000000e+00
      vertex -4.020065e-03  8.270427e-03 -0.000000e+00
      vertex -3.650727e-03  8.245383e-03 -0.000000e+00
    endloop
  endfacet
  facet normal  0.000000e+00  0.000000e+00  0.000000e+00
    outer loop
      vertex -4.020065e-03  8.270427e-03  0.000000e+00
      vertex -3.650727e-03  8.245383e-03 -0.000000e+00
      vertex -3.650727e-03  8.245383e-03  0.000000e+00
    endloop
  endfacet
  facet normal  0.000000e+00  0.000000e+00  0.000000e+00
    outer loop
      vertex -4.027109e-03  8.170676e-03  0.000000e+00
      vertex -3.657241e-03  8.145595e-03  0.000000e+00
      vertex -4.027109e-03  8.170676e-03 -0.000000e+00
    endloop
  endfacet
  facet normal  0.000000e+00  0.000000e+00  0.000000e+00
    outer loop
      vertex -3.657241e-03  8.145595e-03  0.000000e+00
      vertex -3.657241e-03  8.145595e-03 -0.000000e+00
      vertex -4.027109e-03  8.170676e-03 -0.000000e+00
    endloop
  endfacet
  facet normal  0.000000e+00 -0.000000e+00 -1.000000e+00
    outer loop
      vertex -3.650727e-03  8.245383e-03  0.000000e+00
      vertex -3.253326e-03  8.220333e-03  0.000000e+00
      vertex -3.657241e-03  8.145595e-03  0.000000e+00
    endloop
  endfacet
  facet normal  0.000000e+00  0.000000e+00 -1.000000e+00
    outer loop
      vertex -3.253326e-03  8.220333e-03  0.000000e+00
      vertex -3.259414e-03  8.120519e-03  0.000000e+00
      vertex -3.657241e-03  8.145595e-03  0.000000e+00
    endloop
  endfacet
  facet normal  0.000000e+00  0.000000e+00  1.000000e+00
    outer loop
      vertex -3.650727e-03  8.245383e-03 -0.000000e+00
      vertex -3.657241e-03  8.145595e-03 -0.000000e+00
      vertex -3.253326e-03  8.220333e-03 -0.000000e+00
    endloop
  endfacet
  facet normal  0.000000e+00  0.000000e+00  1.000000e+00
    outer loop
      vertex -3.253326e-03  8.220333e-03 -0.000000e+00
      vertex -3.657241e-03  8.145595e-03 -0.000000e+00
      vertex -3.259414e-03  8.120519e-03 -0.000000e+00
    endloop
  endfacet
  facet normal  0.000000e+00  0.000000e+00  0.000000e+00
    outer loop
      vertex -3.650727e-03  8.245383e-03  0.000000e+00
      vertex -3.650727e-03  8.245383e-03 -0.000000e+00
      vertex -3.253326e-03  8.220333e-03 -0.000000e+00
    endloop
  endfacet
  facet normal  0.000000e+00  0.000000e+00  0.000000e+00
    outer loop
      vertex -3.650727e-03  8.245383e-03  0.000000e+00
      vertex -3.253326e-03  8.220333e-03 -0.000000e+00
      vertex -3.253326e-03  8.220333e-03  0.000000e+00
    endloop
  endfacet
  facet normal  0.000000e+00  0.000000e+00  0.000000e+00
    outer loop
      vertex -3.657241e-03  8.145595e-03  0.000000e+00
      vertex -3.259414e-03  8.120519e-03  0.000000e+00
      vertex -3.657241e-03  8.145595e-03 -0.000000e+00
    endloop
  endfacet
  facet normal  0.000000e+00  0.000000e+00  0.000000e+00
    outer loop
      vertex -3.259414e-03  8.120519e-03  0.000000e+00
      vertex -3.259414e-03  8.120519e-03 -0.000000e+00
      vertex -3.657241e-03  8.145595e-03 -0.000000e+00
    endloop
  endfacet
  facet normal  0.000000e+00 -0.000000e+00 -1.000000e+00
    outer loop
      vertex -3.253326e-03  8.220333e-03  0.000000e+00
      vertex -2.830055e-03  8.195281e-03  0.000000e+00
      vertex -3.259414e-03  8.120519e-03  0.000000e+00
    endloop
  endfacet
  facet normal  0.000000e+00  0.000000e+00 -1.000000e+00
    outer loop
      vertex -2.830055e-03  8.195281e-03  0.000000e+00
      vertex -2.835800e-03  8.095446e-03  0.000000e+00
      vertex -3.259414e-03  8.120519e-03  0.000000e+00
    endloop
  endfacet
  facet normal  0.000000e+00  0.000000e+00  1.000000e+00
    outer loop
      vertex -3.253326e-03  8.220333e-03 -0.000000e+00
      vertex -3.259414e-03  8.120519e-03 -0.000000e+00
      vertex -2.830055e-03  8.195281e-03 -0.000000e+00
    endloop
  endfacet
  facet normal  0.000000e+00  0.000000e+00  1.000000e+00
    outer loop
      vertex -2.830055e-03  8.195281e-03 -0.000000e+00
      vertex -3.259414e-03  8.120519e-03 -0.000000e+00
      vertex -2.835800e-03  8.095446e-03 -0.000000e+00
    endloop
  endfacet
  facet normal  0.000000e+00  0.000000e+00  0.000000e+00
    outer loop
      vertex -3.253326e-03  8.220333e-03  0.000000e+00
      vertex -3.253326e-03  8.220333e-03 -0.000000e+00
      vertex -2.830055e-03  8.195281e-03 -0.000000e+00
    endloop
  endfacet
  facet normal  0.000000e+00  0.000000e+00  0.000000e+00
    outer loop
      vertex -3.253326e-03  8.220333e-03  0.000000e+00
      vertex -2.830055e-03  8.195281e-03 -0.000000e+00
      vertex -2.830055e-03  8.195281e-03  0.000000e+00
    endloop
  endfacet
  facet normal  0.000000e+00  0.000000e+00  0.000000e+00
    outer loop
      vertex -3.259414e-03  8.120519e-03  0.000000e+00
      vertex -2.835800e-03  8.095446e-03  0.000000e+00
      vertex -3.259414e-03  8.120519e-03 -0.000000e+00
    endloop
  endfacet
  facet normal  0.000000e+00  0.000000e+00  0.000000e+00
    outer loop
      vertex -2.835800e-03  8.095446e-03  0.000000e+00
      vertex -2.835800e-03  8.095446e-03 -0.000000e+00
      vertex -3.259414e-03  8.120519e-03 -0.000000e+00
    endloop
  endfacet
  facet normal  0.000000e+00 -0.000000e+00 -1.000000e+00
    outer loop
      vertex -2.830055e-03  8.195281e-03  0.000000e+00
      vertex -2.383300e-03  8.170226e-03  0.000000e+00
      vertex -2.835800e-03  8.095446e-03  0.000000e+00
    endloop
  endfacet
  facet normal  0.000000e+00  0.000000e+00 -1.000000e+00
    outer loop
      vertex -2.383300e-03  8.170226e-03  0.000000e+00
      vertex -2.388767e-03  8.070376e-03  0.000000e+00
      vertex -2.835800e-03  8.095446e-03  0.000000e+00
    endloop
  endfacet
  facet normal  0.000000e+00  0.000000e+00  1.000000e+00
    outer loop
      vertex -2.830055e-03  8.195281e-03 -0.000000e+00
      vertex -2.835800e-03  8.095446e-03 -0.000000e+00
      vertex -2.383300e-03  8.170226e-03 -0.000000e+00
    endloop
  endfacet
  facet normal  0.000000e+00  0.000000e+00  1.000000e+00
    outer loop
      vertex -2.383300e-03  8.170226e-03 -0.000000e+00
      vertex -2.835800e-03  8.095446e-03 -0.000000e+00
      vertex -2.388767e-03  8.070376e-03 -0.000000e+00
    endloop
  endfacet
  facet normal  0.000000e+00  0.000000e+00  0.000000e+00
    outer loop
      vertex -2.830055e-03  8.195281e-03  0.000000e+00
      vertex -2.830055e-03  8.195281e-03 -0.000000e+00
      vertex -2.383300e-03  8.170226e-03 -0.000000e+00
    endloop
  endfacet
  facet normal  0.000000e+00  0.000000e+00  0.000000e+00
    outer loop
      vertex -2.830055e-03  8.195281e-03  0.000000e+00
      vertex -2.383300e-03  8.170226e-03 -0.000000e+00
      vertex -2.383300e-03  8.170226e-03  0.000000e+00
    endloop
  endfacet
  facet normal  0.000000e+00  0.000000e+00  0.000000e+00
    outer loop
      vertex -2.835800e-03  8.095446e-03  0.000000e+00
      vertex -2.388767e-03  8.070376e-03  0.000000e+00
      vertex -2.835800e-03  8.095446e-03 -0.000000e+00
    endloop
  endfacet
  facet normal  0.000000e+00  0.000000e+00  0.000000e+00
    outer loop
      vertex -2.388767e-03  8.070376e-03  0.000000e+00
      vertex -2.388767e-03  8.070376e-03 -0.000000e+00
      vertex -2.835800e-03  8.095446e-03 -0.000000e+00
    endloop
  endfacet
  facet normal  0.000000e+00 -0.000000e+00 -1.000000e+00
    outer loop
      vertex -2.383300e-03  8.170226e-03  0.000000e+00
      vertex -1.915626e-03  8.145169e-03  0.000000e+00
      vertex -2.388767e-03  8.070376e-03  0.000000e+00
    endloop
  endfacet
  facet normal  0.000000e+00  0.000000e+00 -1.000000e+00
    outer loop
      vertex -1.915626e-03  8.145169e-03  0.000000e+00
      vertex -1.920870e-03  8.045307e-03  0.000000e+00
      vertex -2.388767e-03  8.070376e-03  0.000000e+00
    endloop
  endfacet
  facet normal  0.000000e+00  0.000000e+00  1.000000e+00
    outer loop
      vertex -2.383300e-03  8.170226e-03 -0.000000e+00
      vertex -2.388767e-03  8.070376e-03 -0.000000e+00
      vertex -1.915626e-03  8.145169e-03 -0.000000e+00
    endloop
  endfacet
  facet normal  0.000000e+00  0.000000e+00  1.000000e+00
    outer loop
      vertex -1.915626e-03  8.145169e-03 -0.000000e+00
      vertex -2.388767e-03  8.070376e-03 -0.000000e+00
      vertex -1.920870e-03  8.045307e-03 -0.000000e+00
    endloop
  endfacet
  facet normal  0.000000e+00  0.000000e+00  0.000000e+00
    outer loop
      vertex -2.383300e-03  8.170226e-03  0.000000e+00
      vertex -2.383300e-03  8.170226e-03 -0.000000e+00
      vertex -1.915626e-03  8.145169e-03 -0.000000e+00
    endloop
  endfacet
  facet normal  0.000000e+00  0.000000e+00  0.000000e+00
    outer loop
      vertex -2.383300e-03  8.170226e-03  0.000000e+00
      vertex -1.915626e-03  8.145169e-03 -0.000000e+00
      vertex -1.915626e-03  8.145169e-03  0.000000e+00
    endloop
  endfacet
  facet normal  0.000000e+00  0.000000e+00  0.000000e+00
    outer loop
      vertex -2.388767e-03  8.070376e-03  0.000000e+00
      vertex -1.920870e-03  8.045307e-03  0.000000e+00
      vertex -2.388767e-03  8.070376e-03 -0.000000e+00
    endloop
  endfacet
  facet normal  0.000000e+00  0.000000e+00  0.000000e+00
    outer loop
      vertex -1.920870e-03  8.045307e-03  0.000000e+00
      vertex -1.920870e-03  8.045307e-03 -0.000000e+00
      vertex -2.388767e-03  8.070376e-03 -0.000000e+00
    endloop
  endfacet
  facet normal  0.000000e+00 -0.000000e+00 -1.000000e+00
    outer loop
      vertex -1.915626e-03  8.145169e-03  0.000000e+00
      vertex -1.429764e-03  8.120111e-03  0.000000e+00
      vertex -1.920870e-03  8.045307e-03  0.000000e+00
    endloop
  endfacet
  facet normal  0.000000e+00  0.000000e+00 -1.000000e+00
    outer loop
      vertex -1.429764e-03  8.120111e-03  0.000000e+00
      vertex -1.434830e-03  8.020240e-03  0.000000e+00
      vertex -1.920870e-03  8.045307e-03  0.000000e+00
    endloop
  endfacet
  facet normal  0.000000e+00  0.000000e+00  1.000000e+00
    outer loop
      vertex -1.915626e-03  8.145169e-03 -0.000000e+00
      vertex -1.920870e-03  8.045307e-03 -0.000000e+00
      vertex -1.429764e-03  8.120111e-03 -0.000000e+00
    endloop
  endfacet
  facet normal  0.000000e+00  0.000000e+00  1.000000e+00
    outer loop
      vertex -1.429764e-03  8.120111e-03 -0.000000e+00
      vertex -1.920870e-03  8.045307e-03 -0.000000e+00
      vertex -1.434830e-03  8.020240e-03 -0.000000e+00
    endloop
  endfacet
  facet normal  0.000000e+00  0.000000e+00  0.000000e+00
    outer loop
      vertex -1.915626e-03  8.145169e-03  0.000000e+00
      vertex -1.915626e-03  8.145169e-03 -0.000000e+00
      vertex -1.429764e-03  8.120111e-03 -0.000000e+00
    endloop
  endfacet
  facet normal  0.000000e+00  0.000000e+00  0.000000e+00
    outer loop
      vertex -1.915626e-03  8.145169e-03  0.000000e+00
      vertex -1.429764e-03  8.120111e-03 -0.000000e+00
      vertex -1.429764e-03  8.120111e-03  0.000000e+00
    endloop
  endfacet
  facet normal  0.000000e+00  0.000000e+00  0.000000e+00
    outer loop
      vertex -1.920870e-03  8.045307e-03  0.000000e+00
      vertex -1.434830e-03  8.020240e-03  0.000000e+00
      vertex -1.920870e-03  8.045307e-03 -0.000000e+00
    endloop
  endfacet
  facet normal  0.000000e+00  0.000000e+00  0.000000e+00
    outer loop
      vertex -1.434830e-03  8.020240e-03  0.000000e+00
      vertex -1.434830e-03  8.020240e-03 -0.000000e+00
      vertex -1.920870e-03  8.045307e-03 -0.000000e+00
    endloop
  endfacet
  facet normal  0.000000e+00 -0.000000e+00 -1.000000e+00
    outer loop
      vertex -1.429764e-03  8.120111e-03  0.000000e+00
      vertex -9.285952e-04  8.095052e-03  0.000000e+00
      vertex -1.434830e-03  8.020240e-03  0.000000e+00
    endloop
  endfacet
  facet normal  0.000000e+00  0.000000e+00 -1.000000e+00
    outer loop
      vertex -9.285952e-04  8.095052e-03  0.000000e+00
      vertex -9.335239e-04  7.995174e-03  0.000000e+00
      vertex -1.434830e-03  8.020240e-03  0.000000e+00
    endloop
  endfacet
  facet normal  0.000000e+00  0.000000e+00  1.000000e+00
    outer loop
      vertex -1.429764e-03  8.120111e-03 -0.000000e+00
      vertex -1.434830e-03  8.020240e-03 -0.000000e+00
      vertex -9.285952e-04  8.095052e-03 -0.000000e+00
    endloop
  endfacet
  facet normal  0.000000e+00  0.000000e+00  1.000000e+00
    outer loop
      vertex -9.285952e-04  8.095052e-03 -0.000000e+00
      vertex -1.434830e-03  8.020240e-03 -0.000000e+00
      vertex -9.335239e-04  7.995174e-03 -0.000000e+00
    endloop
  endfacet
  facet normal  0.000000e+00  0.000000e+00  0.000000e+00
    outer loop
      vertex -1.429764e-03  8.120111e-03  0.000000e+00
      vertex -1.429764e-03  8.120111e-03 -0.000000e+00
      vertex -9.285952e-04  8.095052e-03 -0.000000e+00
    endloop
  endfacet
  facet normal  0.000000e+00  0.000000e+00  0.000000e+00
    outer loop
      vertex -1.429764e-03  8.120111e-03  0.000000e+00
      vertex -9.285952e-04  8.095052e-03 -0.000000e+00
      vertex -9.285952e-04  8.095052e-03  0.000000e+00
    endloop
  endfacet
  facet normal  0.000000e+00  0.000000e+00  0.000000e+00
    outer loop
      vertex -1.434830e-03  8.020240e-03  0.000000e+00
      vertex -9.335239e-04  7.995174e-03  0.000000e+00
      vertex -1.434830e-03  8.020240e-03 -0.000000e+00
    endloop
  endfacet
  facet normal  0.000000e+00  0.000000e+00  0.000000e+00
    outer loop
      vertex -9.335239e-04  7.995174e-03  0.000000e+00
      vertex -9.335239e-04  7.995174e-03 -0.000000e+00
      vertex -1.434830e-03  8.020240e-03 -0.000000e+00
    endloop
  endfacet
  facet normal  0.000000e+00 -0.000000e+00 -1.000000e+00
    outer loop
      vertex -9.285952e-04  8.095052e-03  0.000000e+00
      vertex -4.151342e-04  8.069992e-03  0.000000e+00
      vertex -9.335239e-04  7.995174e-03  0.000000e+00
    endloop
  endfacet
  facet normal  0.000000e+00  0.000000e+00 -1.000000e+00
    outer loop
      vertex -4.151342e-04  8.069992e-03  0.000000e+00
      vertex -4.199612e-04  7.970108e-03  0.000000e+00
      vertex -9.335239e-04  7.995174e-03  0.000000e+00
    endloop
  endfacet
  facet normal  0.000000e+00  0.000000e+00  1.000000e+00
    outer loop
      vertex -9.285952e-04  8.095052e-03 -0.000000e+00
      vertex -9.335239e-04  7.995174e-03 -0.000000e+00
      vertex -4.151342e-04  8.069992e-03 -0.000000e+00
    endloop
  endfacet
  facet normal  0.000000e+00  0.000000e+00  1.000000e+00
    outer loop
      vertex -4.151342e-04  8.069992e-03 -0.000000e+00
      vertex -9.335239e-04  7.995174e-03 -0.000000e+00
      vertex -4.199612e-04  7.970108e-03 -0.000000e+00
    endloop
  endfacet
  facet normal  0.000000e+00  0.000000e+00  0.000000e+00
    outer loop
      vertex -9.285952e-04  8.095052e-03  0.000000e+00
      vertex -9.285952e-04  8.095052e-03 -0.000000e+00
      vertex -4.151342e-04  8.069992e-03 -0.000000e+00
    endloop
  endfacet
  facet normal  0.000000e+00  0.000000e+00  0.000000e+00
    outer loop
      vertex -9.285952e-04  8.095052e-03  0.000000e+00
      vertex -4.151342e-04  8.069992e-03 -0.000000e+00
      vertex -4.151342e-04  8.069992e-03  0.000000e+00
    endloop
  endfacet
  facet normal  0.000000e+00  0.000000e+00  0.000000e+00
    outer loop
      vertex -9.335239e-04  7.995174e-03  0.000000e+00
      vertex -4.199612e-04  7.970108e-03  0.000000e+00
      vertex -9.335239e-04  7.995174e-03 -0.000000e+00
    endloop
  endfacet
  facet normal  0.000000e+00  0.000000e+00  0.000000e+00
    outer loop
      vertex -4.199612e-04  7.970108e-03  0.000000e+00
      vertex -4.199612e-04  7.970108e-03 -0.000000e+00
      vertex -9.335239e-04  7.995174e-03 -0.000000e+00
    endloop
  endfacet
  facet normal  0.000000e+00 -0.000000e+00 -1.000000e+00
    outer loop
      vertex -4.151342e-04  8.069992e-03  0.000000e+00
      vertex  1.074884e-04  8.044931e-03  0.000000e+00
      vertex -4.199612e-04  7.970108e-03  0.000000e+00
    endloop
  endfacet
  facet normal  0.000000e+00  0.000000e+00 -1.000000e+00
    outer loop
      vertex  1.074884e-04  8.044931e-03  0.000000e+00
      vertex  1.027305e-04  7.945044e-03  0.000000e+00
      vertex -4.199612e-04  7.970108e-03  0.000000e+00
    endloop
  endfacet
  facet normal  0.000000e+00  0.000000e+00  1.000000e+00
    outer loop
      vertex -4.151342e-04  8.069992e-03 -0.000000e+00
      vertex -4.199612e-04  7.970108e-03 -0.000000e+00
      vertex  1.074884e-04  8.044931e-03 -0.000000e+00
    endloop
  endfacet
  facet normal  0.000000e+00  0.000000e+00  1.000000e+00
    outer loop
      vertex  1.074884e-04  8.044931e-03 -0.000000e+00
      vertex -4.199612e-04  7.970108e-03 -0.000000e+00
      vertex  1.027305e-04  7.945044e-03 -0.000000e+00
    endloop
  endfacet
  facet normal  0.000000e+00  0.000000e+00  0.000000e+00
    outer loop
      vertex -4.151342e-04  8.069992e-03  0.000000e+00
      vertex -4.151342e-04  8.069992e-03 -0.000000e+00
      vertex  1.074884e-04  8.044931e-03 -0.000000e+00
    endloop
  endfacet
  facet normal  0.000000e+00  0.000000e+00  0.000000e+00
    outer loop
      vertex -4.151342e-04  8.069992e-03  0.000000e+00
      vertex  1.074884e-04  8.044931e-03 -0.000000e+00
      vertex  1.074884e-04  8.044931e-03  0.000000e+00
    endloop
  endfacet
  facet normal  0.000000e+00  0.000000e+00  0.000000e+00
    outer loop
      vertex -4.199612e-04  7.970108e-03  0.000000e+00
      vertex  1.027305e-04  7.945044e-03  0.000000e+00
      vertex -4.199612e-04  7.970108e-03 -0.000000e+00
    endloop
  endfacet
  facet normal  0.000000e+00  0.000000e+00  0.000000e+00
    outer loop
      vertex  1.027305e-04  7.945044e-03  0.000000e+00
      vertex  1.027305e-04  7.945044e-03 -0.000000e+00
      vertex -4.199612e-04  7.970108e-03 -0.000000e+00
    endloop
  endfacet
  facet normal  0.000000e+00 -0.000000e+00 -1.000000e+00
    outer loop
      vertex  1.074884e-04  8.044931e-03  0.000000e+00
      vertex  6.360453e-04  8.019869e-03  0.000000e+00
      vertex  1.027305e-04  7.945044e-03  0.000000e+00
    endloop
  endfacet
  facet normal  0.000000e+00  0.000000e+00 -1.000000e+00
    outer loop
      vertex  6.360453e-04  8.019869e-03  0.000000e+00
      vertex  6.313257e-04  7.919981e-03  0.000000e+00
      vertex  1.027305e-04  7.945044e-03  0.000000e+00
    endloop
  endfacet
  facet normal  0.000000e+00  0.000000e+00  1.000000e+00
    outer loop
      vertex  1.074884e-04  8.044931e-03 -0.000000e+00
      vertex  1.027305e-04  7.945044e-03 -0.000000e+00
      vertex  6.360453e-04  8.019869e-03 -0.000000e+00
    endloop
  endfacet
  facet normal  0.000000e+00  0.000000e+00  1.000000e+00
    outer loop
      vertex  6.360453e-04  8.019869e-03 -0.000000e+00
      vertex  1.027305e-04  7.945044e-03 -0.000000e+00
      vertex  6.313257e-04  7.919981e-03 -0.000000e+00
    endloop
  endfacet
  facet normal  0.000000e+00  0.000000e+00  0.000000e+00
    outer loop
      vertex  1.074884e-04  8.044931e-03  0.000000e+00
      vertex  1.074884e-04  8.044931e-03 -0.000000e+00
      vertex  6.360453e-04  8.019869e-03 -0.000000e+00
    endloop
  endfacet
  facet normal  0.000000e+00  0.000000e+00  0.000000e+00
    outer loop
      vertex  1.074884e-04  8.044931e-03  0.000000e+00
      vertex  6.360453e-04  8.019869e-03 -0.000000e+00
      vertex  6.360453e-04  8.019869e-03  0.000000e+00
    endloop
  endfacet
  facet normal  0.000000e+00  0.000000e+00  0.000000e+00
    outer loop
      vertex  1.027305e-04  7.945044e-03  0.000000e+00
      vertex  6.313257e-04  7.919981e-03  0.000000e+00
      vertex  1.027305e-04  7.945044e-03 -0.000000e+00
    endloop
  endfacet
  facet normal  0.000000e+00  0.000000e+00  0.000000e+00
    outer loop
      vertex  6.313257e-04  7.919981e-03  0.000000e+00
      vertex  6.313257e-04  7.919981e-03 -0.000000e+00
      vertex  1.027305e-04  7.945044e-03 -0.000000e+00
    endloop
  endfacet
  facet normal  0.000000e+00 -0.000000e+00 -1.000000e+00
    outer loop
      vertex  6.360453e-04  8.019869e-03  0.000000e+00
      vertex  1.167232e-03  7.994807e-03  0.000000e+00
      vertex  6.313257e-04  7.919981e-03  0.000000e+00
    endloop
  endfacet
  facet normal  0.000000e+00  0.000000e+00 -1.000000e+00
    outer loop
      vertex  1.167232e-03  7.994807e-03  0.000000e+00
      vertex  1.162521e-03  7.894918e-03  0.000000e+00
      vertex  6.313257e-04  7.919981e-03  0.000000e+00
    endloop
  endfacet
  facet normal  0.000000e+00  0.000000e+00  1.000000e+00
    outer loop
      vertex  6.360453e-04  8.019869e-03 -0.000000e+00
      vertex  6.313257e-04  7.919981e-03 -0.000000e+00
      vertex  1.167232e-03  7.994807e-03 -0.000000e+00
    endloop
  endfacet
  facet normal  0.000000e+00  0.000000e+00  1.000000e+00
    outer loop
      vertex  1.167232e-03  7.994807e-03 -0.000000e+00
      vertex  6.313257e-04  7.919981e-03 -0.000000e+00
      vertex  1.162521e-03  7.894918e-03 -0.000000e+00
    endloop
  endfacet
  facet normal  0.000000e+00  0.000000e+00  0.000000e+00
    outer loop
      vertex  6.360453e-04  8.019869e-03  0.000000e+00
      vertex  6.360453e-04  8.019869e-03 -0.000000e+00
      vertex  1.167232e-03  7.994807e-03 -0.000000e+00
    endloop
  endfacet
  facet normal  0.000000e+00  0.000000e+00  0.000000e+00
    outer loop
      vertex  6.360453e-04  8.019869e-03  0.000000e+00
      vertex  1.167232e-03  7.994807e-03 -0.000000e+00
      vertex  1.167232e-03  7.994807e-03  0.000000e+00
    endloop
  endfacet
  facet normal  0.000000e+00  0.000000e+00  0.000000e+00
    outer loop
      vertex  6.313257e-04  7.919981e-03  0.000000e+00
      vertex  1.162521e-03  7.894918e-03  0.000000e+00
      vertex  6.313257e-04  7.919981e-03 -0.000000e+00
    endloop
  endfacet
  facet normal  0.000000e+00  0.000000e+00  0.000000e+00
    outer loop
      vertex  1.162521e-03  7.894918e-03  0.000000e+00
      vertex  1.162521e-03  7.894918e-03 -0.000000e+00
      vertex  6.313257e-04  7.919981e-03 -0.000000e+00
    endloop
  endfacet
  facet normal  0.000000e+00 -0.000000e+00 -1.000000e+00
    outer loop
      vertex  1.167232e-03  7.994807e-03  0.000000e+00
      vertex  1.697689e-03  7.969743e-03  0.000000e+00
      vertex  1.162521e-03  7.894918e-03  0.000000e+00
    endloop
  endfacet
  facet normal  0.000000e+00  0.000000e+00 -1.000000e+00
    outer loop
      vertex  1.697689e-03  7.969743e-03  0.000000e+00
      vertex  1.692956e-03  7.869856e-03  0.000000e+00
      vertex  1.162521e-03  7.894918e-03  0.000000e+00
    endloop
  endfacet
  facet normal  0.000000e+00  0.000000e+00  1.000000e+00
    outer loop
      vertex  1.167232e-03  7.994807e-03 -0.000000e+00
      vertex  1.162521e-03  7.894918e-03 -0.000000e+00
      vertex  1.697689e-03  7.969743e-03 -0.000000e+00
    endloop
  endfacet
  facet normal  0.000000e+00  0.000000e+00  1.000000e+00
    outer loop
      vertex  1.697689e-03  7.969743e-03 -0.000000e+00
      vertex  1.162521e-03  7.894918e-03 -0.000000e+00
      vertex  1.692956e-03  7.869856e-03 -0.000000e+00
    endloop
  endfacet
  facet normal  0.000000e+00  0.000000e+00  0.000000e+00
    outer loop
      vertex  1.167232e-03  7.994807e-03  0.000000e+00
      vertex  1.167232e-03  7.994807e-03 -0.000000e+00
      vertex  1.697689e-03  7.969743e-03 -0.000000e+00
    endloop
  endfacet
  facet normal  0.000000e+00  0.000000e+00  0.000000e+00
    outer loop
      vertex  1.167232e-03  7.994807e-03  0.000000e+00
      vertex  1.697689e-03  7.969743e-03 -0.000000e+00
      vertex  1.697689e-03  7.969743e-03  0.000000e+00
    endloop
  endfacet
  facet normal  0.000000e+00  0.000000e+00  0.000000e+00
    outer loop
      vertex  1.162521e-03  7.894918e-03  0.000000e+00
      vertex  1.692956e-03  7.869856e-03  0.000000e+00
      vertex  1.162521e-03  7.894918e-03 -0.000000e+00
    endloop
  endfacet
  facet normal  0.000000e+00  0.000000e+00  0.000000e+00
    outer loop
      vertex  1.692956e-03  7.869856e-03  0.000000e+00
      vertex  1.692956e-03  7.869856e-03 -0.000000e+00
      vertex  1.162521e-03  7.894918e-03 -0.000000e+00
    endloop
  endfacet
  facet normal  0.000000e+00 -0.000000e+00 -1.000000e+00
    outer loop
      vertex  1.697689e-03  7.969743e-03  0.000000e+00
      vertex  2.224021e-03  7.944680e-03  0.000000e+00
      vertex  1.692956e-03  7.869856e-03  0.000000e+00
    endloop
  endfacet
  facet normal  0.000000e+00  0.000000e+00 -1.000000e+00
    outer loop
      vertex  2.224021e-03  7.944680e-03  0.000000e+00
      vertex  2.219235e-03  7.844794e-03  0.000000e+00
      vertex  1.692956e-03  7.869856e-03  0.000000e+00
    endloop
  endfacet
  facet normal  0.000000e+00  0.000000e+00  1.000000e+00
    outer loop
      vertex  1.697689e-03  7.969743e-03 -0.000000e+00
      vertex  1.692956e-03  7.869856e-03 -0.000000e+00
      vertex  2.224021e-03  7.944680e-03 -0.000000e+00
    endloop
  endfacet
  facet normal  0.000000e+00  0.000000e+00  1.000000e+00
    outer loop
      vertex  2.224021e-03  7.944680e-03 -0.000000e+00
      vertex  1.692956e-03  7.869856e-03 -0.000000e+00
      vertex  2.219235e-03  7.844794e-03 -0.000000e+00
    endloop
  endfacet
  facet normal  0.000000e+00  0.000000e+00  0.000000e+00
    outer loop
      vertex  1.697689e-03  7.969743e-03  0.000000e+00
      vertex  1.697689e-03  7.969743e-03 -0.000000e+00
      vertex  2.224021e-03  7.944680e-03 -0.000000e+00
    endloop
  endfacet
  facet normal  0.000000e+00  0.000000e+00  0.000000e+00
    outer loop
      vertex  1.697689e-03  7.969743e-03  0.000000e+00
      vertex  2.224021e-03  7.944680e-03 -0.000000e+00
      vertex  2.224021e-03  7.944680e-03  0.000000e+00
    endloop
  endfacet
  facet normal  0.000000e+00  0.000000e+00  0.000000e+00
    outer loop
      vertex  1.692956e-03  7.869856e-03  0.000000e+00
      vertex  2.219235e-03  7.844794e-03  0.000000e+00
      vertex  1.692956e-03  7.869856e-03 -0.000000e+00
    endloop
  endfacet
  facet normal  0.000000e+00  0.000000e+00  0.000000e+00
    outer loop
      vertex  2.219235e-03  7.844794e-03  0.000000e+00
      vertex  2.219235e-03  7.844794e-03 -0.000000e+00
      vertex  1.692956e-03  7.869856e-03 -0.000000e+00
    endloop
  endfacet
  facet normal  0.000000e+00 -0.000000e+00 -1.000000e+00
    outer loop
      vertex  2.224021e-03  7.944680e-03  0.000000e+00
      vertex  2.742818e-03  7.919615e-03  0.000000e+00
      vertex  2.219235e-03  7.844794e-03  0.000000e+00
    endloop
  endfacet
  facet normal  0.000000e+00  0.000000e+00 -1.000000e+00
    outer loop
      vertex  2.742818e-03  7.919615e-03  0.000000e+00
      vertex  2.737946e-03  7.819734e-03  0.000000e+00
      vertex  2.219235e-03  7.844794e-03  0.000000e+00
    endloop
  endfacet
  facet normal  0.000000e+00  0.000000e+00  1.000000e+00
    outer loop
      vertex  2.224021e-03  7.944680e-03 -0.000000e+00
      vertex  2.219235e-03  7.844794e-03 -0.000000e+00
      vertex  2.742818e-03  7.919615e-03 -0.000000e+00
    endloop
  endfacet
  facet normal  0.000000e+00  0.000000e+00  1.000000e+00
    outer loop
      vertex  2.742818e-03  7.919615e-03 -0.000000e+00
      vertex  2.219235e-03  7.844794e-03 -0.000000e+00
      vertex  2.737946e-03  7.819734e-03 -0.000000e+00
    endloop
  endfacet
  facet normal  0.000000e+00  0.000000e+00  0.000000e+00
    outer loop
      vertex  2.224021e-03  7.944680e-03  0.000000e+00
      vertex  2.224021e-03  7.944680e-03 -0.000000e+00
      vertex  2.742818e-03  7.919615e-03 -0.000000e+00
    endloop
  endfacet
  facet normal  0.000000e+00  0.000000e+00  0.000000e+00
    outer loop
      vertex  2.224021e-03  7.944680e-03  0.000000e+00
      vertex  2.742818e-03  7.919615e-03 -0.000000e+00
      vertex  2.742818e-03  7.919615e-03  0.000000e+00
    endloop
  endfacet
  facet normal  0.000000e+00  0.000000e+00  0.000000e+00
    outer loop
      vertex  2.219235e-03  7.844794e-03  0.000000e+00
      vertex  2.737946e-03  7.819734e-03  0.000000e+00
      vertex  2.219235e-03  7.844794e-03 -0.000000e+00
    endloop
  endfacet
  facet normal  0.000000e+00  0.000000e+00  0.000000e+00
    outer loop
      vertex  2.737946e-03  7.819734e-03  0.000000e+00
      vertex  2.737946e-03  7.819734e-03 -0.000000e+00
      vertex  2.219235e-03  7.844794e-03 -0.000000e+00
    endloop
  endfacet
  facet normal  0.000000e+00 -0.000000e+00 -1.000000e+00
    outer loop
      vertex  2.742818e-03  7.919615e-03  0.000000e+00
      vertex  3.250681e-03  7.894549e-03  0.000000e+00
      vertex  2.737946e-03  7.819734e-03  0.000000e+00
    endloop
  endfacet
  facet normal  0.000000e+00  0.000000e+00 -1.000000e+00
    outer loop
      vertex  3.250681e-03  7.894549e-03  0.000000e+00
      vertex  3.245687e-03  7.794674e-03  0.000000e+00
      vertex  2.737946e-03  7.819734e-03  0.000000e+00
    endloop
  endfacet
  facet normal  0.000000e+00  0.000000e+00  1.000000e+00
    outer loop
      vertex  2.742818e-03  7.919615e-03 -0.000000e+00
      vertex  2.737946e-03  7.819734e-03 -0.000000e+00
      vertex  3.250681e-03  7.894549e-03 -0.000000e+00
    endloop
  endfacet
  facet normal  0.000000e+00  0.000000e+00  1.000000e+00
    outer loop
      vertex  3.250681e-03  7.894549e-03 -0.000000e+00
      vertex  2.737946e-03  7.819734e-03 -0.000000e+00
      vertex  3.245687e-03  7.794674e-03 -0.000000e+00
    endloop
  endfacet
  facet normal  0.000000e+00  0.000000e+00  0.000000e+00
    outer loop
      vertex  2.742818e-03  7.919615e-03  0.000000e+00
      vertex  2.742818e-03  7.919615e-03 -0.000000e+00
      vertex  3.250681e-03  7.894549e-03 -0.000000e+00
    endloop
  endfacet
  facet normal  0.000000e+00  0.000000e+00  0.000000e+00
    outer loop
      vertex  2.742818e-03  7.919615e-03  0.000000e+00
      vertex  3.250681e-03  7.894549e-03 -0.000000e+00
      vertex  3.250681e-03  7.894549e-03  0.000000e+00
    endloop
  endfacet
  facet normal  0.000000e+00  0.000000e+00  0.000000e+00
    outer loop
      vertex  2.737946e-03  7.819734e-03  0.000000e+00
      vertex  3.245687e-03  7.794674e-03  0.000000e+00
      vertex  2.737946e-03  7.819734e-03 -0.000000e+00
    endloop
  endfacet
  facet normal  0.000000e+00  0.000000e+00  0.000000e+00
    outer loop
      vertex  3.245687e-03  7.794674e-03  0.000000e+00
      vertex  3.245687e-03  7.794674e-03 -0.000000e+00
      vertex  2.737946e-03  7.819734e-03 -0.000000e+00
    endloop
  endfacet
  facet normal  0.000000e+00 -0.000000e+00 -1.000000e+00
    outer loop
      vertex  3.250681e-03  7.894549e-03  0.000000e+00
      vertex  3.744242e-03  7.869482e-03  0.000000e+00
      vertex  3.245687e-03  7.794674e-03  0.000000e+00
    endloop
  endfacet
  facet normal  0.000000e+00  0.000000e+00 -1.000000e+00
    outer loop
      vertex  3.744242e-03  7.869482e-03  0.000000e+00
      vertex  3.739084e-03  7.769615e-03  0.000000e+00
      vertex  3.245687e-03  7.794674e-03  0.000000e+00
    endloop
  endfacet
  facet normal  0.000000e+00  0.000000e+00  1.000000e+00
    outer loop
      vertex  3.250681e-03  7.894549e-03 -0.000000e+00
      vertex  3.245687e-03  7.794674e-03 -0.000000e+00
      vertex  3.744242e-03  7.869482e-03 -0.000000e+00
    endloop
  endfacet
  facet normal  0.000000e+00  0.000000e+00  1.000000e+00
    outer loop
      vertex  3.744242e-03  7.869482e-03 -0.000000e+00
      vertex  3.245687e-03  7.794674e-03 -0.000000e+00
      vertex  3.739084e-03  7.769615e-03 -0.000000e+00
    endloop
  endfacet
  facet normal  0.000000e+00  0.000000e+00  0.000000e+00
    outer loop
      vertex  3.250681e-03  7.894549e-03  0.000000e+00
      vertex  3.250681e-03  7.894549e-03 -0.000000e+00
      vertex  3.744242e-03  7.869482e-03 -0.000000e+00
    endloop
  endfacet
  facet normal  0.000000e+00  0.000000e+00  0.000000e+00
    outer loop
      vertex  3.250681e-03  7.894549e-03  0.000000e+00
      vertex  3.744242e-03  7.869482e-03 -0.000000e+00
      vertex  3.744242e-03  7.869482e-03  0.000000e+00
    endloop
  endfacet
  facet normal  0.000000e+00  0.000000e+00  0.000000e+00
    outer loop
      vertex  3.245687e-03  7.794674e-03  0.000000e+00
      vertex  3.739084e-03  7.769615e-03  0.000000e+00
      vertex  3.245687e-03  7.794674e-03 -0.000000e+00
    endloop
  endfacet
  facet normal  0.000000e+00  0.000000e+00  0.000000e+00
    outer loop
      vertex  3.739084e-03  7.769615e-03  0.000000e+00
      vertex  3.739084e-03  7.769615e-03 -0.000000e+00
      vertex  3.245687e-03  7.794674e-03 -0.000000e+00
    endloop
  endfacet
  facet normal  0.000000e+00 -0.000000e+00 -1.000000e+00
    outer loop
      vertex  3.744242e-03  7.869482e-03  0.000000e+00
      vertex  4.220187e-03  7.844414e-03  0.000000e+00
      vertex  3.739084e-03  7.769615e-03  0.000000e+00
    endloop
  endfacet
  facet normal  0.000000e+00  0.000000e+00 -1.000000e+00
    outer loop
      vertex  4.220187e-03  7.844414e-03  0.000000e+00
      vertex  4.214815e-03  7.744558e-03  0.000000e+00
      vertex  3.739084e-03  7.769615e-03  0.000000e+00
    endloop
  endfacet
  facet normal  0.000000e+00  0.000000e+00  1.000000e+00
    outer loop
      vertex  3.744242e-03  7.869482e-03 -0.000000e+00
      vertex  3.739084e-03  7.769615e-03 -0.000000e+00
      vertex  4.220187e-03  7.844414e-03 -0.000000e+00
    endloop
  endfacet
  facet normal  0.000000e+00  0.000000e+00  1.000000e+00
    outer loop
      vertex  4.220187e-03  7.844414e-03 -0.000000e+00
      vertex  3.739084e-03  7.769615e-03 -0.000000e+00
      vertex  4.214815e-03  7.744558e-03 -0.000000e+00
    endloop
  endfacet
  facet normal  0.000000e+00  0.000000e+00  0.000000e+00
    outer loop
      vertex  3.744242e-03  7.869482e-03  0.000000e+00
      vertex  3.744242e-03  7.869482e-03 -0.000000e+00
      vertex  4.220187e-03  7.844414e-03 -0.000000e+00
    endloop
  endfacet
  facet normal  0.000000e+00  0.000000e+00  0.000000e+00
    outer loop
      vertex  3.744242e-03  7.869482e-03  0.000000e+00
      vertex  4.220187e-03  7.844414e-03 -0.000000e+00
      vertex  4.220187e-03  7.844414e-03  0.000000e+00
    endloop
  endfacet
  facet normal  0.000000e+00  0.000000e+00  0.000000e+00
    outer loop
      vertex  3.739084e-03  7.769615e-03  0.000000e+00
      vertex  4.214815e-03  7.744558e-03  0.000000e+00
      vertex  3.739084e-03  7.769615e-03 -0.000000e+00
    endloop
  endfacet
  facet normal  0.000000e+00  0.000000e+00  0.000000e+00
    outer loop
      vertex  4.214815e-03  7.744558e-03  0.000000e+00
      vertex  4.214815e-03  7.744558e-03 -0.000000e+00
      vertex  3.739084e-03  7.769615e-03 -0.000000e+00
    endloop
  endfacet
  facet normal  0.000000e+00 -0.000000e+00 -1.000000e+00
    outer loop
      vertex  4.220187e-03  7.844414e-03  0.000000e+00
      vertex  4.675276e-03  7.819344e-03  0.000000e+00
      vertex  4.214815e-03  7.744558e-03  0.000000e+00
    endloop
  endfacet
  facet normal  0.000000e+00  0.000000e+00 -1.000000e+00
    outer loop
      vertex  4.675276e-03  7.819344e-03  0.000000e+00
      vertex  4.669633e-03  7.719503e-03  0.000000e+00
      vertex  4.214815e-03  7.744558e-03  0.000000e+00
    endloop
  endfacet
  facet normal  0.000000e+00  0.000000e+00  1.000000e+00
    outer loop
      vertex  4.220187e-03  7.844414e-03 -0.000000e+00
      vertex  4.214815e-03  7.744558e-03 -0.000000e+00
      vertex  4.675276e-03  7.819344e-03 -0.000000e+00
    endloop
  endfacet
  facet normal  0.000000e+00  0.000000e+00  1.000000e+00
    outer loop
      vertex  4.675276e-03  7.819344e-03 -0.000000e+00
      vertex  4.214815e-03  7.744558e-03 -0.000000e+00
      vertex  4.669633e-03  7.719503e-03 -0.000000e+00
    endloop
  endfacet
  facet normal  0.000000e+00  0.000000e+00  0.000000e+00
    outer loop
      vertex  4.220187e-03  7.844414e-03  0.000000e+00
      vertex  4.220187e-03  7.844414e-03 -0.000000e+00
      vertex  4.675276e-03  7.819344e-03 -0.000000e+00
    endloop
  endfacet
  facet normal  0.000000e+00  0.000000e+00  0.000000e+00
    outer loop
      vertex  4.220187e-03  7.844414e-03  0.000000e+00
      vertex  4.675276e-03  7.819344e-03 -0.000000e+00
      vertex  4.675276e-03  7.819344e-03  0.000000e+00
    endloop
  endfacet
  facet normal  0.000000e+00  0.000000e+00  0.000000e+00
    outer loop
      vertex  4.214815e-03  7.744558e-03  0.000000e+00
      vertex  4.669633e-03  7.719503e-03  0.000000e+00
      vertex  4.214815e-03  7.744558e-03 -0.000000e+00
    endloop
  endfacet
  facet normal  0.000000e+00  0.000000e+00  0.000000e+00
    outer loop
      vertex  4.669633e-03  7.719503e-03  0.000000e+00
      vertex  4.669633e-03  7.719503e-03 -0.000000e+00
      vertex  4.214815e-03  7.744558e-03 -0.000000e+00
    endloop
  endfacet
  facet normal  0.000000e+00 -0.000000e+00 -1.000000e+00
    outer loop
      vertex  4.675276e-03  7.819344e-03  0.000000e+00
      vertex  5.106371e-03  7.794271e-03  0.000000e+00
      vertex  4.669633e-03  7.719503e-03  0.000000e+00
    endloop
  endfacet
  facet normal  0.000000e+00  0.000000e+00 -1.000000e+00
    outer loop
      vertex  5.106371e-03  7.794271e-03  0.000000e+00
      vertex  5.100384e-03  7.694451e-03  0.000000e+00
      vertex  4.669633e-03  7.719503e-03  0.000000e+00
    endloop
  endfacet
  facet normal  0.000000e+00  0.000000e+00  1.000000e+00
    outer loop
      vertex  4.675276e-03  7.819344e-03 -0.000000e+00
      vertex  4.669633e-03  7.719503e-03 -0.000000e+00
      vertex  5.106371e-03  7.794271e-03 -0.000000e+00
    endloop
  endfacet
  facet normal  0.000000e+00  0.000000e+00  1.000000e+00
    outer loop
      vertex  5.106371e-03  7.794271e-03 -0.000000e+00
      vertex  4.669633e-03  7.719503e-03 -0.000000e+00
      vertex  5.100384e-03  7.694451e-03 -0.000000e+00
    endloop
  endfacet
  facet normal  0.000000e+00  0.000000e+00  0.000000e+00
    outer loop
      vertex  4.675276e-03  7.819344e-03  0.000000e+00
      vertex  4.675276e-03  7.819344e-03 -0.000000e+00
      vertex  5.106371e-03  7.794271e-03 -0.000000e+00
    endloop
  endfacet
  facet normal  0.000000e+00  0.000000e+00  0.000000e+00
    outer loop
      vertex  4.675276e-03  7.819344e-03  0.000000e+00
      vertex  5.106371e-03  7.794271e-03 -0.000000e+00
      vertex  5.106371e-03  7.794271e-03  0.000000e+00
    endloop
  endfacet
  facet normal  0.000000e+00  0.000000e+00  0.000000e+00
    outer loop
      vertex  4.669633e-03  7.719503e-03  0.000000e+00
      vertex  5.100384e-03  7.694451e-03  0.000000e+00
      vertex  4.669633e-03  7.719503e-03 -0.000000e+00
    endloop
  endfacet
  facet normal  0.000000e+00  0.000000e+00  0.000000e+00
    outer loop
      vertex  5.100384e-03  7.694451e-03  0.000000e+00
      vertex  5.100384e-03  7.694451e-03 -0.000000e+00
      vertex  4.669633e-03  7.719503e-03 -0.000000e+00
    endloop
  endfacet
  facet normal  0.000000e+00 -0.000000e+00 -1.000000e+00
    outer loop
      vertex  5.106371e-03  7.794271e-03  0.000000e+00
      vertex  5.510453e-03  7.769195e-03  0.000000e+00
      vertex  5.100384e-03  7.694451e-03  0.000000e+00
    endloop
  endfacet
  facet normal  0.000000e+00  0.000000e+00 -1.000000e+00
    outer loop
      vertex  5.510453e-03  7.769195e-03  0.000000e+00
      vertex  5.504030e-03  7.669402e-03  0.000000e+00
      vertex  5.100384e-03  7.694451e-03  0.000000e+00
    endloop
  endfacet
  facet normal  0.000000e+00  0.000000e+00  1.000000e+00
    outer loop
      vertex  5.106371e-03  7.794271e-03 -0.000000e+00
      vertex  5.100384e-03  7.694451e-03 -0.000000e+00
      vertex  5.510453e-03  7.769195e-03 -0.000000e+00
    endloop
  endfacet
  facet normal  0.000000e+00  0.000000e+00  1.000000e+00
    outer loop
      vertex  5.510453e-03  7.769195e-03 -0.000000e+00
      vertex  5.100384e-03  7.694451e-03 -0.000000e+00
      vertex  5.504030e-03  7.669402e-03 -0.000000e+00
    endloop
  endfacet
  facet normal  0.000000e+00  0.000000e+00  0.000000e+00
    outer loop
      vertex  5.106371e-03  7.794271e-03  0.000000e+00
      vertex  5.106371e-03  7.794271e-03 -0.000000e+00
      vertex  5.510453e-03  7.769195e-03 -0.000000e+00
    endloop
  endfacet
  facet normal  0.000000e+00  0.000000e+00  0.000000e+00
    outer loop
      vertex  5.106371e-03  7.794271e-03  0.000000e+00
      vertex  5.510453e-03  7.769195e-03 -0.000000e+00
      vertex  5.510453e-03  7.769195e-03  0.000000e+00
    endloop
  endfacet
  facet normal  0.000000e+00  0.000000e+00  0.000000e+00
    outer loop
      vertex  5.100384e-03  7.694451e-03  0.000000e+00
      vertex  5.504030e-03  7.669402e-03  0.000000e+00
      vertex  5.100384e-03  7.694451e-03 -0.000000e+00
    endloop
  endfacet
  facet normal  0.000000e+00  0.000000e+00  0.000000e+00
    outer loop
      vertex  5.504030e-03  7.669402e-03  0.000000e+00
      vertex  5.504030e-03  7.669402e-03 -0.000000e+00
      vertex  5.100384e-03  7.694451e-03 -0.000000e+00
    endloop
  endfacet
  facet normal  0.000000e+00 -0.000000e+00 -1.000000e+00
    outer loop
      vertex  5.510453e-03  7.769195e-03  0.000000e+00
      vertex  5.884651e-03  7.744114e-03  0.000000e+00
      vertex  5.504030e-03  7.669402e-03  0.000000e+00
    endloop
  endfacet
  facet normal  0.000000e+00  0.000000e+00 -1.000000e+00
    outer loop
      vertex  5.884651e-03  7.744114e-03  0.000000e+00
      vertex  5.877667e-03  7.644358e-03  0.000000e+00
      vertex  5.504030e-03  7.669402e-03  0.000000e+00
    endloop
  endfacet
  facet normal  0.000000e+00  0.000000e+00  1.000000e+00
    outer loop
      vertex  5.510453e-03  7.769195e-03 -0.000000e+00
      vertex  5.504030e-03  7.669402e-03 -0.000000e+00
      vertex  5.884651e-03  7.744114e-03 -0.000000e+00
    endloop
  endfacet
  facet normal  0.000000e+00  0.000000e+00  1.000000e+00
    outer loop
      vertex  5.884651e-03  7.744114e-03 -0.000000e+00
      vertex  5.504030e-03  7.669402e-03 -0.000000e+00
      vertex  5.877667e-03  7.644358e-03 -0.000000e+00
    endloop
  endfacet
  facet normal  0.000000e+00  0.000000e+00  0.000000e+00
    outer loop
      vertex  5.510453e-03  7.769195e-03  0.000000e+00
      vertex  5.510453e-03  7.769195e-03 -0.000000e+00
      vertex  5.884651e-03  7.744114e-03 -0.000000e+00
    endloop
  endfacet
  facet normal  0.000000e+00  0.000000e+00  0.000000e+00
    outer loop
      vertex  5.510453e-03  7.769195e-03  0.000000e+00
      vertex  5.884651e-03  7.744114e-03 -0.000000e+00
      vertex  5.884651e-03  7.744114e-03  0.000000e+00
    endloop
  endfacet
  facet normal  0.000000e+00  0.000000e+00  0.000000e+00
    outer loop
      vertex  5.504030e-03  7.669402e-03  0.000000e+00
      vertex  5.877667e-03  7.644358e-03  0.000000e+00
      vertex  5.504030e-03  7.669402e-03 -0.000000e+00
    endloop
  endfacet
  facet normal  0.000000e+00  0.000000e+00  0.000000e+00
    outer loop
      vertex  5.877667e-03  7.644358e-03  0.000000e+00
      vertex  5.877667e-03  7.644358e-03 -0.000000e+00
      vertex  5.504030e-03  7.669402e-03 -0.000000e+00
    endloop
  endfacet
  facet normal  0.000000e+00 -0.000000e+00 -1.000000e+00
    outer loop
      vertex  5.884651e-03  7.744114e-03  0.000000e+00
      vertex  6.226256e-03  7.719024e-03  0.000000e+00
      vertex  5.877667e-03  7.644358e-03  0.000000e+00
    endloop
  endfacet
  facet normal  0.000000e+00  0.000000e+00 -1.000000e+00
    outer loop
      vertex  6.226256e-03  7.719024e-03  0.000000e+00
      vertex  6.218545e-03  7.619322e-03  0.000000e+00
      vertex  5.877667e-03  7.644358e-03  0.000000e+00
    endloop
  endfacet
  facet normal  0.000000e+00  0.000000e+00  1.000000e+00
    outer loop
      vertex  5.884651e-03  7.744114e-03 -0.000000e+00
      vertex  5.877667e-03  7.644358e-03 -0.000000e+00
      vertex  6.226256e-03  7.719024e-03 -0.000000e+00
    endloop
  endfacet
  facet normal  0.000000e+00  0.000000e+00  1.000000e+00
    outer loop
      vertex  6.226256e-03  7.719024e-03 -0.000000e+00
      vertex  5.877667e-03  7.644358e-03 -0.000000e+00
      vertex  6.218545e-03  7.619322e-03 -0.000000e+00
    endloop
  endfacet
  facet normal  0.000000e+00  0.000000e+00  0.000000e+00
    outer loop
      vertex  5.884651e-03  7.744114e-03  0.000000e+00
      vertex  5.884651e-03  7.744114e-03 -0.000000e+00
      vertex  6.226256e-03  7.719024e-03 -0.000000e+00
    endloop
  endfacet
  facet normal  0.000000e+00  0.000000e+00  0.000000e+00
    outer loop
      vertex  5.884651e-03  7.744114e-03  0.000000e+00
      vertex  6.226256e-03  7.719024e-03 -0.000000e+00
      vertex  6.226256e-03  7.719024e-03  0.000000e+00
    endloop
  endfacet
  facet normal  0.000000e+00  0.000000e+00  0.000000e+00
    outer loop
      vertex  5.877667e-03  7.644358e-03  0.000000e+00
      vertex  6.218545e-03  7.619322e-03  0.000000e+00
      vertex  5.877667e-03  7.644358e-03 -0.000000e+00
    endloop
  endfacet
  facet normal  0.000000e+00  0.000000e+00  0.000000e+00
    outer loop
      vertex  6.218545e-03  7.619322e-03  0.000000e+00
      vertex  6.218545e-03  7.619322e-03 -0.000000e+00
      vertex  5.877667e-03  7.644358e-03 -0.000000e+00
    endloop
  endfacet
  facet normal  0.000000e+00 -0.000000e+00 -1.000000e+00
    outer loop
      vertex  6.226256e-03  7.719024e-03  0.000000e+00
      vertex  6.532758e-03  7.693922e-03  0.000000e+00
      vertex  6.218545e-03  7.619322e-03  0.000000e+00
    endloop
  endfacet
  facet normal  0.000000e+00  0.000000e+00 -1.000000e+00
    outer loop
      vertex  6.532758e-03  7.693922e-03  0.000000e+00
      vertex  6.524076e-03  7.594299e-03  0.000000e+00
      vertex  6.218545e-03  7.619322e-03  0.000000e+00
    endloop
  endfacet
  facet normal  0.000000e+00  0.000000e+00  1.000000e+00
    outer loop
      vertex  6.226256e-03  7.719024e-03 -0.000000e+00
      vertex  6.218545e-03  7.619322e-03 -0.000000e+00
      vertex  6.532758e-03  7.693922e-03 -0.000000e+00
    endloop
  endfacet
  facet normal  0.000000e+00  0.000000e+00  1.000000e+00
    outer loop
      vertex  6.532758e-03  7.693922e-03 -0.000000e+00
      vertex  6.218545e-03  7.619322e-03 -0.000000e+00
      vertex  6.524076e-03  7.594299e-03 -0.000000e+00
    endloop
  endfacet
  facet normal  0.000000e+00  0.000000e+00  0.000000e+00
    outer loop
      vertex  6.226256e-03  7.719024e-03  0.000000e+00
      vertex  6.226256e-03  7.719024e-03 -0.000000e+00
      vertex  6.532758e-03  7.693922e-03 -0.000000e+00
    endloop
  endfacet
  facet normal  0.000000e+00  0.000000e+00  0.000000e+00
    outer loop
      vertex  6.226256e-03  7.719024e-03  0.000000e+00
      vertex  6.532758e-03  7.693922e-03 -0.000000e+00
      vertex  6.532758e-03  7.693922e-03  0.000000e+00
    endloop
  endfacet
  facet normal  0.000000e+00  0.000000e+00  0.000000e+00
    outer loop
      vertex  6.218545e-03  7.619322e-03  0.000000e+00
      vertex  6.524076e-03  7.594299e-03  0.000000e+00
      vertex  6.218545e-03  7.619322e-03 -0.000000e+00
    endloop
  endfacet
  facet normal  0.000000e+00  0.000000e+00  0.000000e+00
    outer loop
      vertex  6.524076e-03  7.594299e-03  0.000000e+00
      vertex  6.524076e-03  7.594299e-03 -0.000000e+00
      vertex  6.218545e-03  7.619322e-03 -0.000000e+00
    endloop
  endfacet
  facet normal  0.000000e+00 -0.000000e+00 -1.000000e+00
    outer loop
      vertex  6.532758e-03  7.693922e-03  0.000000e+00
      vertex  6.801865e-03  7.668796e-03  0.000000e+00
      vertex  6.524076e-03  7.594299e-03  0.000000e+00
    endloop
  endfacet
  facet normal  0.000000e+00  0.000000e+00 -1.000000e+00
    outer loop
      vertex  6.801865e-03  7.668796e-03  0.000000e+00
      vertex  6.791847e-03  7.569299e-03  0.000000e+00
      vertex  6.524076e-03  7.594299e-03  0.000000e+00
    endloop
  endfacet
  facet normal  0.000000e+00  0.000000e+00  1.000000e+00
    outer loop
      vertex  6.532758e-03  7.693922e-03 -0.000000e+00
      vertex  6.524076e-03  7.594299e-03 -0.000000e+00
      vertex  6.801865e-03  7.668796e-03 -0.000000e+00
    endloop
  endfacet
  facet normal  0.000000e+00  0.000000e+00  1.000000e+00
    outer loop
      vertex  6.801865e-03  7.668796e-03 -0.000000e+00
      vertex  6.524076e-03  7.594299e-03 -0.000000e+00
      vertex  6.791847e-03  7.569299e-03 -0.000000e+00
    endloop
  endfacet
  facet normal  0.000000e+00  0.000000e+00  0.000000e+00
    outer loop
      vertex  6.532758e-03  7.693922e-03  0.000000e+00
      vertex  6.532758e-03  7.693922e-03 -0.000000e+00
      vertex  6.801865e-03  7.668796e-03 -0.000000e+00
    endloop
  endfacet
  facet normal  0.000000e+00  0.000000e+00  0.000000e+00
    outer loop
      vertex  6.532758e-03  7.693922e-03  0.000000e+00
      vertex  6.801865e-03  7.668796e-03 -0.000000e+00
      vertex  6.801865e-03  7.668796e-03  0.000000e+00
    endloop
  endfacet
  facet normal  0.000000e+00  0.000000e+00  0.000000e+00
    outer loop
      vertex  6.524076e-03  7.594299e-03  0.000000e+00
      vertex  6.791847e-03  7.569299e-03  0.000000e+00
      vertex  6.524076e-03  7.594299e-03 -0.000000e+00
    endloop
  endfacet
  facet normal  0.000000e+00  0.000000e+00  0.000000e+00
    outer loop
      vertex  6.791847e-03  7.569299e-03  0.000000e+00
      vertex  6.791847e-03  7.569299e-03 -0.000000e+00
      vertex  6.524076e-03  7.594299e-03 -0.000000e+00
    endloop
  endfacet
  facet normal  0.000000e+00 -0.000000e+00 -1.000000e+00
    outer loop
      vertex  6.801865e-03  7.668796e-03  0.000000e+00
      vertex  7.031556e-03  7.643627e-03  0.000000e+00
      vertex  6.791847e-03  7.569299e-03  0.000000e+00
    endloop
  endfacet
  facet normal  0.000000e+00  0.000000e+00 -1.000000e+00
    outer loop
      vertex  7.031556e-03  7.643627e-03  0.000000e+00
      vertex  7.019605e-03  7.544343e-03  0.000000e+00
      vertex  6.791847e-03  7.569299e-03  0.000000e+00
    endloop
  endfacet
  facet normal  0.000000e+00  0.000000e+00  1.000000e+00
    outer loop
      vertex  6.801865e-03  7.668796e-03 -0.000000e+00
      vertex  6.791847e-03  7.569299e-03 -0.000000e+00
      vertex  7.031556e-03  7.643627e-03 -0.000000e+00
    endloop
  endfacet
  facet normal  0.000000e+00  0.000000e+00  1.000000e+00
    outer loop
      vertex  7.031556e-03  7.643627e-03 -0.000000e+00
      vertex  6.791847e-03  7.569299e-03 -0.000000e+00
      vertex  7.019605e-03  7.544343e-03 -0.000000e+00
    endloop
  endfacet
  facet normal  0.000000e+00  0.000000e+00  0.000000e+00
    outer loop
      vertex  6.801865e-03  7.668796e-03  0.000000e+00
      vertex  6.801865e-03  7.668796e-03 -0.000000e+00
      vertex  7.031556e-03  7.643627e-03 -0.000000e+00
    endloop
  endfacet
  facet normal  0.000000e+00  0.000000e+00  0.000000e+00
    outer loop
      vertex  6.801865e-03  7.668796e-03  0.000000e+00
      vertex  7.031556e-03  7.643627e-03 -0.000000e+00
      vertex  7.031556e-03  7.643627e-03  0.000000e+00
    endloop
  endfacet
  facet normal  0.000000e+00  0.000000e+00  0.000000e+00
    outer loop
      vertex  6.791847e-03  7.569299e-03  0.000000e+00
      vertex  7.019605e-03  7.544343e-03  0.000000e+00
      vertex  6.791847e-03  7.569299e-03 -0.000000e+00
    endloop
  endfacet
  facet normal  0.000000e+00  0.000000e+00  0.000000e+00
    outer loop
      vertex  7.019605e-03  7.544343e-03  0.000000e+00
      vertex  7.019605e-03  7.544343e-03 -0.000000e+00
      vertex  6.791847e-03  7.569299e-03 -0.000000e+00
    endloop
  endfacet
  facet normal  0.000000e+00 -0.000000e+00 -1.000000e+00
    outer loop
      vertex  7.031556e-03  7.643627e-03  0.000000e+00
      vertex  7.220161e-03  7.618360e-03  0.000000e+00
      vertex  7.019605e-03  7.544343e-03  0.000000e+00
    endloop
  endfacet
  facet normal  0.000000e+00  0.000000e+00 -1.000000e+00
    outer loop
      vertex  7.220161e-03  7.618360e-03  0.000000e+00
      vertex  7.205208e-03  7.519484e-03  0.000000e+00
      vertex  7.019605e-03  7.544343e-03  0.000000e+00
    endloop
  endfacet
  facet normal  0.000000e+00  0.000000e+00  1.000000e+00
    outer loop
      vertex  7.031556e-03  7.643627e-03 -0.000000e+00
      vertex  7.019605e-03  7.544343e-03 -0.000000e+00
      vertex  7.220161e-03  7.618360e-03 -0.000000e+00
    endloop
  endfacet
  facet normal  0.000000e+00  0.000000e+00  1.000000e+00
    outer loop
      vertex  7.220161e-03  7.618360e-03 -0.000000e+00
      vertex  7.019605e-03  7.544343e-03 -0.000000e+00
      vertex  7.205208e-03  7.519484e-03 -0.000000e+00
    endloop
  endfacet
  facet normal  0.000000e+00  0.000000e+00  0.000000e+00
    outer loop
      vertex  7.031556e-03  7.643627e-03  0.000000e+00
      vertex  7.031556e-03  7.643627e-03 -0.000000e+00
      vertex  7.220161e-03  7.618360e-03 -0.000000e+00
    endloop
  endfacet
  facet normal  0.000000e+00  0.000000e+00  0.000000e+00
    outer loop
      vertex  7.031556e-03  7.643627e-03  0.000000e+00
      vertex  7.220161e-03  7.618360e-03 -0.000000e+00
      vertex  7.220161e-03  7.618360e-03  0.000000e+00
    endloop
  endfacet
  facet normal  0.000000e+00  0.000000e+00  0.000000e+00
    outer loop
      vertex  7.019605e-03  7.544343e-03  0.000000e+00
      vertex  7.205208e-03  7.519484e-03  0.000000e+00
      vertex  7.019605e-03  7.544343e-03 -0.000000e+00
    endloop
  endfacet
  facet normal  0.000000e+00  0.000000e+00  0.000000e+00
    outer loop
      vertex  7.205208e-03  7.519484e-03  0.000000e+00
      vertex  7.205208e-03  7.519484e-03 -0.000000e+00
      vertex  7.019605e-03  7.544343e-03 -0.000000e+00
    endloop
  endfacet
  facet normal  0.000000e+00 -0.000000e+00 -1.000000e+00
    outer loop
      vertex  7.220161e-03  7.618360e-03  0.000000e+00
      vertex  7.366595e-03  7.592832e-03  0.000000e+00
      vertex  7.205208e-03  7.519484e-03  0.000000e+00
    endloop
  endfacet
  facet normal  0.000000e+00  0.000000e+00 -1.000000e+00
    outer loop
      vertex  7.366595e-03  7.592832e-03  0.000000e+00
      vertex  7.346423e-03  7.494887e-03  0.000000e+00
      vertex  7.205208e-03  7.519484e-03  0.000000e+00
    endloop
  endfacet
  facet normal  0.000000e+00  0.000000e+00  1.000000e+00
    outer loop
      vertex  7.220161e-03  7.618360e-03 -0.000000e+00
      vertex  7.205208e-03  7.519484e-03 -0.000000e+00
      vertex  7.366595e-03  7.592832e-03 -0.000000e+00
    endloop
  endfacet
  facet normal  0.000000e+00  0.000000e+00  1.000000e+00
    outer loop
      vertex  7.366595e-03  7.592832e-03 -0.000000e+00
      vertex  7.205208e-03  7.519484e-03 -0.000000e+00
      vertex  7.346423e-03  7.494887e-03 -0.000000e+00
    endloop
  endfacet
  facet normal  0.000000e+00  0.000000e+00  0.000000e+00
    outer loop
      vertex  7.220161e-03  7.618360e-03  0.000000e+00
      vertex  7.220161e-03  7.618360e-03 -0.000000e+00
      vertex  7.366595e-03  7.592832e-03 -0.000000e+00
    endloop
  endfacet
  facet normal  0.000000e+00  0.000000e+00  0.000000e+00
    outer loop
      vertex  7.220161e-03  7.618360e-03  0.000000e+00
      vertex  7.366595e-03  7.592832e-03 -0.000000e+00
      vertex  7.366595e-03  7.592832e-03  0.000000e+00
    endloop
  endfacet
  facet normal  0.000000e+00  0.000000e+00  0.000000e+00
    outer loop
      vertex  7.205208e-03  7.519484e-03  0.000000e+00
      vertex  7.346423e-03  7.494887e-03  0.000000e+00
      vertex  7.205208e-03  7.519484e-03 -0.000000e+00
    endloop
  endfacet
  facet normal  0.000000e+00  0.000000e+00  0.000000e+00
    outer loop
      vertex  7.346423e-03  7.494887e-03  0.000000e+00
      vertex  7.346423e-03  7.494887e-03 -0.000000e+00
      vertex  7.205208e-03  7.519484e-03 -0.000000e+00
    endloop
  endfacet
  facet normal  0.000000e+00 -0.000000e+00 -1.000000e+00
    outer loop
      vertex  7.366595e-03  7.592832e-03  0.000000e+00
      vertex  7.471237e-03  7.566306e-03  0.000000e+00
      vertex  7.346423e-03  7.494887e-03  0.000000e+00
    endloop
  endfacet
  facet normal  0.000000e+00  0.000000e+00 -1.000000e+00
    outer loop
      vertex  7.471237e-03  7.566306e-03  0.000000e+00
      vertex  7.440069e-03  7.471288e-03  0.000000e+00
      vertex  7.346423e-03  7.494887e-03  0.000000e+00
    endloop
  endfacet
  facet normal  0.000000e+00  0.000000e+00  1.000000e+00
    outer loop
      vertex  7.366595e-03  7.592832e-03 -0.000000e+00
      vertex  7.346423e-03  7.494887e-03 -0.000000e+00
      vertex  7.471237e-03  7.566306e-03 -0.000000e+00
    endloop
  endfacet
  facet normal  0.000000e+00  0.000000e+00  1.000000e+00
    outer loop
      vertex  7.471237e-03  7.566306e-03 -0.000000e+00
      vertex  7.346423e-03  7.494887e-03 -0.000000e+00
      vertex  7.440069e-03  7.471288e-03 -0.000000e+00
    endloop
  endfacet
  facet normal  0.000000e+00  0.000000e+00  0.000000e+00
    outer loop
      vertex  7.366595e-03  7.592832e-03  0.000000e+00
      vertex  7.366595e-03  7.592832e-03 -0.000000e+00
      vertex  7.471237e-03  7.566306e-03 -0.000000e+00
    endloop
  endfacet
  facet normal  0.000000e+00  0.000000e+00  0.000000e+00
    outer loop
      vertex  7.366595e-03  7.592832e-03  0.000000e+00
      vertex  7.471237e-03  7.566306e-03 -0.000000e+00
      vertex  7.471237e-03  7.566306e-03  0.000000e+00
    endloop
  endfacet
  facet normal  0.000000e+00  0.000000e+00  0.000000e+00
    outer loop
      vertex  7.346423e-03  7.494887e-03  0.000000e+00
      vertex  7.440069e-03  7.471288e-03  0.000000e+00
      vertex  7.346423e-03  7.494887e-03 -0.000000e+00
    endloop
  endfacet
  facet normal  0.000000e+00  0.000000e+00  0.000000e+00
    outer loop
      vertex  7.440069e-03  7.471288e-03  0.000000e+00
      vertex  7.440069e-03  7.471288e-03 -0.000000e+00
      vertex  7.346423e-03  7.494887e-03 -0.000000e+00
    endloop
  endfacet
  facet normal  0.000000e+00 -0.000000e+00 -1.000000e+00
    outer loop
      vertex  7.471237e-03  7.566306e-03  0.000000e+00
      vertex  7.540967e-03  7.532171e-03  0.000000e+00
      vertex  7.440069e-03  7.471288e-03  0.000000e+00
    endloop
  endfacet
  facet normal  0.000000e+00  0.000000e+00 -1.000000e+00
    outer loop
      vertex  7.540967e-03  7.532171e-03  0.000000e+00
      vertex  7.477009e-03  7.455298e-03  0.000000e+00
      vertex  7.440069e-03  7.471288e-03  0.000000e+00
    endloop
  endfacet
  facet normal  0.000000e+00  0.000000e+00  1.000000e+00
    outer loop
      vertex  7.471237e-03  7.566306e-03 -0.000000e+00
      vertex  7.440069e-03  7.471288e-03 -0.000000e+00
      vertex  7.540967e-03  7.532171e-03 -0.000000e+00
    endloop
  endfacet
  facet normal  0.000000e+00  0.000000e+00  1.000000e+00
    outer loop
      vertex  7.540967e-03  7.532171e-03 -0.000000e+00
      vertex  7.440069e-03  7.471288e-03 -0.000000e+00
      vertex  7.477009e-03  7.455298e-03 -0.000000e+00
    endloop
  endfacet
  facet normal  0.000000e+00  0.000000e+00  0.000000e+00
    outer loop
      vertex  7.471237e-03  7.566306e-03  0.000000e+00
      vertex  7.471237e-03  7.566306e-03 -0.000000e+00
      vertex  7.540967e-03  7.532171e-03 -0.000000e+00
    endloop
  endfacet
  facet normal  0.000000e+00  0.000000e+00  0.000000e+00
    outer loop
      vertex  7.471237e-03  7.566306e-03  0.000000e+00
      vertex  7.540967e-03  7.532171e-03 -0.000000e+00
      vertex  7.540967e-03  7.532171e-03  0.000000e+00
    endloop
  endfacet
  facet normal  0.000000e+00  0.000000e+00  0.000000e+00
    outer loop
      vertex  7.440069e-03  7.471288e-03  0.000000e+00
      vertex  7.477009e-03  7.455298e-03  0.000000e+00
      vertex  7.440069e-03  7.471288e-03 -0.000000e+00
    endloop
  endfacet
  facet normal  0.000000e+00  0.000000e+00  0.000000e+00
    outer loop
      vertex  7.477009e-03  7.455298e-03  0.000000e+00
      vertex  7.477009e-03  7.455298e-03 -0.000000e+00
      vertex  7.440069e-03  7.471288e-03 -0.000000e+00
    endloop
  endfacet
  facet normal  0.000000e+00 -0.000000e+00 -1.000000e+00
    outer loop
      vertex  7.540967e-03  7.532171e-03  0.000000e+00
      vertex  7.557151e-03  7.440762e-03  0.000000e+00
      vertex  7.477009e-03  7.455298e-03  0.000000e+00
    endloop
  endfacet
  facet normal  0.000000e+00  0.000000e+00  1.000000e+00
    outer loop
      vertex  7.557151e-03  7.440762e-03  0.000000e+00
      vertex  7.474180e-03  7.496581e-03  0.000000e+00
      vertex  7.477009e-03  7.455298e-03  0.000000e+00
    endloop
  endfacet
  facet normal  0.000000e+00  0.000000e+00  1.000000e+00
    outer loop
      vertex  7.540967e-03  7.532171e-03 -0.000000e+00
      vertex  7.477009e-03  7.455298e-03 -0.000000e+00
      vertex  7.557151e-03  7.440762e-03 -0.000000e+00
    endloop
  endfacet
  facet normal  0.000000e+00  0.000000e+00 -1.000000e+00
    outer loop
      vertex  7.557151e-03  7.440762e-03 -0.000000e+00
      vertex  7.477009e-03  7.455298e-03 -0.000000e+00
      vertex  7.474180e-03  7.496581e-03 -0.000000e+00
    endloop
  endfacet
  facet normal  0.000000e+00  0.000000e+00  0.000000e+00
    outer loop
      vertex  7.540967e-03  7.532171e-03  0.000000e+00
      vertex  7.540967e-03  7.532171e-03 -0.000000e+00
      vertex  7.557151e-03  7.440762e-03 -0.000000e+00
    endloop
  endfacet
  facet normal  0.000000e+00  0.000000e+00  0.000000e+00
    outer loop
      vertex  7.540967e-03  7.532171e-03  0.000000e+00
      vertex  7.557151e-03  7.440762e-03 -0.000000e+00
      vertex  7.557151e-03  7.440762e-03  0.000000e+00
    endloop
  endfacet
  facet normal  0.000000e+00  0.000000e+00  0.000000e+00
    outer loop
      vertex  7.477009e-03  7.455298e-03  0.000000e+00
      vertex  7.474180e-03  7.496581e-03  0.000000e+00
      vertex  7.477009e-03  7.455298e-03 -0.000000e+00
    endloop
  endfacet
  facet normal  0.000000e+00  0.000000e+00  0.000000e+00
    outer loop
      vertex  7.474180e-03  7.496581e-03  0.000000e+00
      vertex  7.474180e-03  7.496581e-03 -0.000000e+00
      vertex  7.477009e-03  7.455298e-03 -0.000000e+00
    endloop
  endfacet
  facet normal -0.000000e+00  0.000000e+00 -1.000000e+00
    outer loop
      vertex  7.557151e-03  7.440762e-03  0.000000e+00
      vertex  7.493298e-03  7.397027e-03  0.000000e+00
      vertex  7.474180e-03  7.496581e-03  0.000000e+00
    endloop
  endfacet
  facet normal  0.000000e+00  0.000000e+00 -1.000000e+00
    outer loop
      vertex  7.493298e-03  7.397027e-03  0.000000e+00
      vertex  7.456960e-03  7.490191e-03  0.000000e+00
      vertex  7.474180e-03  7.496581e-03  0.000000e+00
    endloop
  endfacet
  facet normal  0.000000e+00  0.000000e+00  1.000000e+00
    outer loop
      vertex  7.557151e-03  7.440762e-03 -0.000000e+00
      vertex  7.474180e-03  7.496581e-03 -0.000000e+00
      vertex  7.493298e-03  7.397027e-03 -0.000000e+00
    endloop
  endfacet
  facet normal  0.000000e+00  0.000000e+00  1.000000e+00
    outer loop
      vertex  7.493298e-03  7.397027e-03 -0.000000e+00
      vertex  7.474180e-03  7.496581e-03 -0.000000e+00
      vertex  7.456960e-03  7.490191e-03 -0.000000e+00
    endloop
  endfacet
  facet normal  0.000000e+00  0.000000e+00  0.000000e+00
    outer loop
      vertex  7.557151e-03  7.440762e-03  0.000000e+00
      vertex  7.557151e-03  7.440762e-03 -0.000000e+00
      vertex  7.493298e-03  7.397027e-03 -0.000000e+00
    endloop
  endfacet
  facet normal  0.000000e+00  0.000000e+00  0.000000e+00
    outer loop
      vertex  7.557151e-03  7.440762e-03  0.000000e+00
      vertex  7.493298e-03  7.397027e-03 -0.000000e+00
      vertex  7.493298e-03  7.397027e-03  0.000000e+00
    endloop
  endfacet
  facet normal  0.000000e+00  0.000000e+00  0.000000e+00
    outer loop
      vertex  7.474180e-03  7.496581e-03  0.000000e+00
      vertex  7.456960e-03  7.490191e-03  0.000000e+00
      vertex  7.474180e-03  7.496581e-03 -0.000000e+00
    endloop
  endfacet
  facet normal  0.000000e+00  0.000000e+00  0.000000e+00
    outer loop
      vertex  7.456960e-03  7.490191e-03  0.000000e+00
      vertex  7.456960e-03  7.490191e-03 -0.000000e+00
      vertex  7.474180e-03  7.496581e-03 -0.000000e+00
    endloop
  endfacet
  facet normal -0.000000e+00  0.000000e+00 -1.000000e+00
    outer loop
      vertex  7.493298e-03  7.397027e-03  0.000000e+00
      vertex  7.398056e-03  7.369758e-03  0.000000e+00
      vertex  7.456960e-03  7.490191e-03  0.000000e+00
    endloop
  endfacet
  facet normal  0.000000e+00  0.000000e+00 -1.000000e+00
    outer loop
      vertex  7.398056e-03  7.369758e-03  0.000000e+00
      vertex  7.376175e-03  7.467335e-03  0.000000e+00
      vertex  7.456960e-03  7.490191e-03  0.000000e+00
    endloop
  endfacet
  facet normal  0.000000e+00  0.000000e+00  1.000000e+00
    outer loop
      vertex  7.493298e-03  7.397027e-03 -0.000000e+00
      vertex  7.456960e-03  7.490191e-03 -0.000000e+00
      vertex  7.398056e-03  7.369758e-03 -0.000000e+00
    endloop
  endfacet
  facet normal  0.000000e+00 -0.000000e+00  1.000000e+00
    outer loop
      vertex  7.398056e-03  7.369758e-03 -0.000000e+00
      vertex  7.456960e-03  7.490191e-03 -0.000000e+00
      vertex  7.376175e-03  7.467335e-03 -0.000000e+00
    endloop
  endfacet
  facet normal  0.000000e+00  0.000000e+00  0.000000e+00
    outer loop
      vertex  7.493298e-03  7.397027e-03  0.000000e+00
      vertex  7.493298e-03  7.397027e-03 -0.000000e+00
      vertex  7.398056e-03  7.369758e-03 -0.000000e+00
    endloop
  endfacet
  facet normal  0.000000e+00  0.000000e+00  0.000000e+00
    outer loop
      vertex  7.493298e-03  7.397027e-03  0.000000e+00
      vertex  7.398056e-03  7.369758e-03 -0.000000e+00
      vertex  7.398056e-03  7.369758e-03  0.000000e+00
    endloop
  endfacet
  facet normal  0.000000e+00  0.000000e+00  0.000000e+00
    outer loop
      vertex  7.456960e-03  7.490191e-03  0.000000e+00
      vertex  7.376175e-03  7.467335e-03  0.000000e+00
      vertex  7.456960e-03  7.490191e-03 -0.000000e+00
    endloop
  endfacet
  facet normal  0.000000e+00  0.000000e+00  0.000000e+00
    outer loop
      vertex  7.376175e-03  7.467335e-03  0.000000e+00
      vertex  7.376175e-03  7.467335e-03 -0.000000e+00
      vertex  7.456960e-03  7.490191e-03 -0.000000e+00
    endloop
  endfacet
  facet normal -0.000000e+00  0.000000e+00 -1.000000e+00
    outer loop
      vertex  7.398056e-03  7.369758e-03  0.000000e+00
      vertex  7.259449e-03  7.344093e-03  0.000000e+00
      vertex  7.376175e-03  7.467335e-03  0.000000e+00
    endloop
  endfacet
  facet normal  0.000000e+00  0.000000e+00 -1.000000e+00
    outer loop
      vertex  7.259449e-03  7.344093e-03  0.000000e+00
      vertex  7.243886e-03  7.442874e-03  0.000000e+00
      vertex  7.376175e-03  7.467335e-03  0.000000e+00
    endloop
  endfacet
  facet normal  0.000000e+00  0.000000e+00  1.000000e+00
    outer loop
      vertex  7.398056e-03  7.369758e-03 -0.000000e+00
      vertex  7.376175e-03  7.467335e-03 -0.000000e+00
      vertex  7.259449e-03  7.344093e-03 -0.000000e+00
    endloop
  endfacet
  facet normal  0.000000e+00 -0.000000e+00  1.000000e+00
    outer loop
      vertex  7.259449e-03  7.344093e-03 -0.000000e+00
      vertex  7.376175e-03  7.467335e-03 -0.000000e+00
      vertex  7.243886e-03  7.442874e-03 -0.000000e+00
    endloop
  endfacet
  facet normal  0.000000e+00  0.000000e+00  0.000000e+00
    outer loop
      vertex  7.398056e-03  7.369758e-03  0.000000e+00
      vertex  7.398056e-03  7.369758e-03 -0.000000e+00
      vertex  7.259449e-03  7.344093e-03 -0.000000e+00
    endloop
  endfacet
  facet normal  0.000000e+00  0.000000e+00  0.000000e+00
    outer loop
      vertex  7.398056e-03  7.369758e-03  0.000000e+00
      vertex  7.259449e-03  7.344093e-03 -0.000000e+00
      vertex  7.259449e-03  7.344093e-03  0.000000e+00
    endloop
  endfacet
  facet normal  0.000000e+00  0.000000e+00  0.000000e+00
    outer loop
      vertex  7.376175e-03  7.467335e-03  0.000000e+00
      vertex  7.243886e-03  7.442874e-03  0.000000e+00
      vertex  7.376175e-03  7.467335e-03 -0.000000e+00
    endloop
  endfacet
  facet normal  0.000000e+00  0.000000e+00  0.000000e+00
    outer loop
      vertex  7.243886e-03  7.442874e-03  0.000000e+00
      vertex  7.243886e-03  7.442874e-03 -0.000000e+00
      vertex  7.376175e-03  7.467335e-03 -0.000000e+00
    endloop
  endfacet
  facet normal -0.000000e+00  0.000000e+00 -1.000000e+00
    outer loop
      vertex  7.259449e-03  7.344093e-03  0.000000e+00
      vertex  7.075169e-03  7.318787e-03  0.000000e+00
      vertex  7.243886e-03  7.442874e-03  0.000000e+00
    endloop
  endfacet
  facet normal  0.000000e+00  0.000000e+00 -1.000000e+00
    outer loop
      vertex  7.075169e-03  7.318787e-03  0.000000e+00
      vertex  7.063086e-03  7.418055e-03  0.000000e+00
      vertex  7.243886e-03  7.442874e-03  0.000000e+00
    endloop
  endfacet
  facet normal  0.000000e+00  0.000000e+00  1.000000e+00
    outer loop
      vertex  7.259449e-03  7.344093e-03 -0.000000e+00
      vertex  7.243886e-03  7.442874e-03 -0.000000e+00
      vertex  7.075169e-03  7.318787e-03 -0.000000e+00
    endloop
  endfacet
  facet normal  0.000000e+00 -0.000000e+00  1.000000e+00
    outer loop
      vertex  7.075169e-03  7.318787e-03 -0.000000e+00
      vertex  7.243886e-03  7.442874e-03 -0.000000e+00
      vertex  7.063086e-03  7.418055e-03 -0.000000e+00
    endloop
  endfacet
  facet normal  0.000000e+00  0.000000e+00  0.000000e+00
    outer loop
      vertex  7.259449e-03  7.344093e-03  0.000000e+00
      vertex  7.259449e-03  7.344093e-03 -0.000000e+00
      vertex  7.075169e-03  7.318787e-03 -0.000000e+00
    endloop
  endfacet
  facet normal  0.000000e+00  0.000000e+00  0.000000e+00
    outer loop
      vertex  7.259449e-03  7.344093e-03  0.000000e+00
      vertex  7.075169e-03  7.318787e-03 -0.000000e+00
      vertex  7.075169e-03  7.318787e-03  0.000000e+00
    endloop
  endfacet
  facet normal  0.000000e+00  0.000000e+00  0.000000e+00
    outer loop
      vertex  7.243886e-03  7.442874e-03  0.000000e+00
      vertex  7.063086e-03  7.418055e-03  0.000000e+00
      vertex  7.243886e-03  7.442874e-03 -0.000000e+00
    endloop
  endfacet
  facet normal  0.000000e+00  0.000000e+00  0.000000e+00
    outer loop
      vertex  7.063086e-03  7.418055e-03  0.000000e+00
      vertex  7.063086e-03  7.418055e-03 -0.000000e+00
      vertex  7.243886e-03  7.442874e-03 -0.000000e+00
    endloop
  endfacet
  facet normal -0.000000e+00  0.000000e+00 -1.000000e+00
    outer loop
      vertex  7.075169e-03  7.318787e-03  0.000000e+00
      vertex  6.845096e-03  7.293604e-03  0.000000e+00
      vertex  7.063086e-03  7.418055e-03  0.000000e+00
    endloop
  endfacet
  facet normal  0.000000e+00  0.000000e+00 -1.000000e+00
    outer loop
      vertex  6.845096e-03  7.293604e-03  0.000000e+00
      vertex  6.835196e-03  7.393113e-03  0.000000e+00
      vertex  7.063086e-03  7.418055e-03  0.000000e+00
    endloop
  endfacet
  facet normal  0.000000e+00  0.000000e+00  1.000000e+00
    outer loop
      vertex  7.075169e-03  7.318787e-03 -0.000000e+00
      vertex  7.063086e-03  7.418055e-03 -0.000000e+00
      vertex  6.845096e-03  7.293604e-03 -0.000000e+00
    endloop
  endfacet
  facet normal  0.000000e+00 -0.000000e+00  1.000000e+00
    outer loop
      vertex  6.845096e-03  7.293604e-03 -0.000000e+00
      vertex  7.063086e-03  7.418055e-03 -0.000000e+00
      vertex  6.835196e-03  7.393113e-03 -0.000000e+00
    endloop
  endfacet
  facet normal  0.000000e+00  0.000000e+00  0.000000e+00
    outer loop
      vertex  7.075169e-03  7.318787e-03  0.000000e+00
      vertex  7.075169e-03  7.318787e-03 -0.000000e+00
      vertex  6.845096e-03  7.293604e-03 -0.000000e+00
    endloop
  endfacet
  facet normal  0.000000e+00  0.000000e+00  0.000000e+00
    outer loop
      vertex  7.075169e-03  7.318787e-03  0.000000e+00
      vertex  6.845096e-03  7.293604e-03 -0.000000e+00
      vertex  6.845096e-03  7.293604e-03  0.000000e+00
    endloop
  endfacet
  facet normal  0.000000e+00  0.000000e+00  0.000000e+00
    outer loop
      vertex  7.063086e-03  7.418055e-03  0.000000e+00
      vertex  6.835196e-03  7.393113e-03  0.000000e+00
      vertex  7.063086e-03  7.418055e-03 -0.000000e+00
    endloop
  endfacet
  facet normal  0.000000e+00  0.000000e+00  0.000000e+00
    outer loop
      vertex  6.835196e-03  7.393113e-03  0.000000e+00
      vertex  6.835196e-03  7.393113e-03 -0.000000e+00
      vertex  7.063086e-03  7.418055e-03 -0.000000e+00
    endloop
  endfacet
  facet normal -0.000000e+00  0.000000e+00 -1.000000e+00
    outer loop
      vertex  6.845096e-03  7.293604e-03  0.000000e+00
      vertex  6.569883e-03  7.268473e-03  0.000000e+00
      vertex  6.835196e-03  7.393113e-03  0.000000e+00
    endloop
  endfacet
  facet normal  0.000000e+00  0.000000e+00 -1.000000e+00
    outer loop
      vertex  6.569883e-03  7.268473e-03  0.000000e+00
      vertex  6.561470e-03  7.368118e-03  0.000000e+00
      vertex  6.835196e-03  7.393113e-03  0.000000e+00
    endloop
  endfacet
  facet normal  0.000000e+00  0.000000e+00  1.000000e+00
    outer loop
      vertex  6.845096e-03  7.293604e-03 -0.000000e+00
      vertex  6.835196e-03  7.393113e-03 -0.000000e+00
      vertex  6.569883e-03  7.268473e-03 -0.000000e+00
    endloop
  endfacet
  facet normal  0.000000e+00 -0.000000e+00  1.000000e+00
    outer loop
      vertex  6.569883e-03  7.268473e-03 -0.000000e+00
      vertex  6.835196e-03  7.393113e-03 -0.000000e+00
      vertex  6.561470e-03  7.368118e-03 -0.000000e+00
    endloop
  endfacet
  facet normal  0.000000e+00  0.000000e+00  0.000000e+00
    outer loop
      vertex  6.845096e-03  7.293604e-03  0.000000e+00
      vertex  6.845096e-03  7.293604e-03 -0.000000e+00
      vertex  6.569883e-03  7.268473e-03 -0.000000e+00
    endloop
  endfacet
  facet normal  0.000000e+00  0.000000e+00  0.000000e+00
    outer loop
      vertex  6.845096e-03  7.293604e-03  0.000000e+00
      vertex  6.569883e-03  7.268473e-03 -0.000000e+00
      vertex  6.569883e-03  7.268473e-03  0.000000e+00
    endloop
  endfacet
  facet normal  0.000000e+00  0.000000e+00  0.000000e+00
    outer loop
      vertex  6.835196e-03  7.393113e-03  0.000000e+00
      vertex  6.561470e-03  7.368118e-03  0.000000e+00
      vertex  6.835196e-03  7.393113e-03 -0.000000e+00
    endloop
  endfacet
  facet normal  0.000000e+00  0.000000e+00  0.000000e+00
    outer loop
      vertex  6.561470e-03  7.368118e-03  0.000000e+00
      vertex  6.561470e-03  7.368118e-03 -0.000000e+00
      vertex  6.835196e-03  7.393113e-03 -0.000000e+00
    endloop
  endfacet
  facet normal -0.000000e+00  0.000000e+00 -1.000000e+00
    outer loop
      vertex  6.569883e-03  7.268473e-03  0.000000e+00
      vertex  6.250646e-03  7.243368e-03  0.000000e+00
      vertex  6.561470e-03  7.368118e-03  0.000000e+00
    endloop
  endfacet
  facet normal  0.000000e+00  0.000000e+00 -1.000000e+00
    outer loop
      vertex  6.250646e-03  7.243368e-03  0.000000e+00
      vertex  6.243302e-03  7.343098e-03  0.000000e+00
      vertex  6.561470e-03  7.368118e-03  0.000000e+00
    endloop
  endfacet
  facet normal  0.000000e+00  0.000000e+00  1.000000e+00
    outer loop
      vertex  6.569883e-03  7.268473e-03 -0.000000e+00
      vertex  6.561470e-03  7.368118e-03 -0.000000e+00
      vertex  6.250646e-03  7.243368e-03 -0.000000e+00
    endloop
  endfacet
  facet normal  0.000000e+00 -0.000000e+00  1.000000e+00
    outer loop
      vertex  6.250646e-03  7.243368e-03 -0.000000e+00
      vertex  6.561470e-03  7.368118e-03 -0.000000e+00
      vertex  6.243302e-03  7.343098e-03 -0.000000e+00
    endloop
  endfacet
  facet normal  0.000000e+00  0.000000e+00  0.000000e+00
    outer loop
      vertex  6.569883e-03  7.268473e-03  0.000000e+00
      vertex  6.569883e-03  7.268473e-03 -0.000000e+00
      vertex  6.250646e-03  7.243368e-03 -0.000000e+00
    endloop
  endfacet
  facet normal  0.000000e+00  0.000000e+00  0.000000e+00
    outer loop
      vertex  6.569883e-03  7.268473e-03  0.000000e+00
      vertex  6.250646e-03  7.243368e-03 -0.000000e+00
      vertex  6.250646e-03  7.243368e-03  0.000000e+00
    endloop
  endfacet
  facet normal  0.000000e+00  0.000000e+00  0.000000e+00
    outer loop
      vertex  6.561470e-03  7.368118e-03  0.000000e+00
      vertex  6.243302e-03  7.343098e-03  0.000000e+00
      vertex  6.561470e-03  7.368118e-03 -0.000000e+00
    endloop
  endfacet
  facet normal  0.000000e+00  0.000000e+00  0.000000e+00
    outer loop
      vertex  6.243302e-03  7.343098e-03  0.000000e+00
      vertex  6.243302e-03  7.343098e-03 -0.000000e+00
      vertex  6.561470e-03  7.368118e-03 -0.000000e+00
    endloop
  endfacet
  facet normal -0.000000e+00  0.000000e+00 -1.000000e+00
    outer loop
      vertex  6.250646e-03  7.243368e-03  0.000000e+00
      vertex  5.888861e-03  7.218278e-03  0.000000e+00
      vertex  6.243302e-03  7.343098e-03  0.000000e+00
    endloop
  endfacet
  facet normal  0.000000e+00  0.000000e+00 -1.000000e+00
    outer loop
      vertex  5.888861e-03  7.218278e-03  0.000000e+00
      vertex  5.882316e-03  7.318063e-03  0.000000e+00
      vertex  6.243302e-03  7.343098e-03  0.000000e+00
    endloop
  endfacet
  facet normal  0.000000e+00  0.000000e+00  1.000000e+00
    outer loop
      vertex  6.250646e-03  7.243368e-03 -0.000000e+00
      vertex  6.243302e-03  7.343098e-03 -0.000000e+00
      vertex  5.888861e-03  7.218278e-03 -0.000000e+00
    endloop
  endfacet
  facet normal  0.000000e+00 -0.000000e+00  1.000000e+00
    outer loop
      vertex  5.888861e-03  7.218278e-03 -0.000000e+00
      vertex  6.243302e-03  7.343098e-03 -0.000000e+00
      vertex  5.882316e-03  7.318063e-03 -0.000000e+00
    endloop
  endfacet
  facet normal  0.000000e+00  0.000000e+00  0.000000e+00
    outer loop
      vertex  6.250646e-03  7.243368e-03  0.000000e+00
      vertex  6.250646e-03  7.243368e-03 -0.000000e+00
      vertex  5.888861e-03  7.218278e-03 -0.000000e+00
    endloop
  endfacet
  facet normal  0.000000e+00  0.000000e+00  0.000000e+00
    outer loop
      vertex  6.250646e-03  7.243368e-03  0.000000e+00
      vertex  5.888861e-03  7.218278e-03 -0.000000e+00
      vertex  5.888861e-03  7.218278e-03  0.000000e+00
    endloop
  endfacet
  facet normal  0.000000e+00  0.000000e+00  0.000000e+00
    outer loop
      vertex  6.243302e-03  7.343098e-03  0.000000e+00
      vertex  5.882316e-03  7.318063e-03  0.000000e+00
      vertex  6.243302e-03  7.343098e-03 -0.000000e+00
    endloop
  endfacet
  facet normal  0.000000e+00  0.000000e+00  0.000000e+00
    outer loop
      vertex  5.882316e-03  7.318063e-03  0.000000e+00
      vertex  5.882316e-03  7.318063e-03 -0.000000e+00
      vertex  6.243302e-03  7.343098e-03 -0.000000e+00
    endloop
  endfacet
  facet normal -0.000000e+00  0.000000e+00 -1.000000e+00
    outer loop
      vertex  5.888861e-03  7.218278e-03  0.000000e+00
      vertex  5.486326e-03  7.193196e-03  0.000000e+00
      vertex  5.882316e-03  7.318063e-03  0.000000e+00
    endloop
  endfacet
  facet normal  0.000000e+00  0.000000e+00 -1.000000e+00
    outer loop
      vertex  5.486326e-03  7.193196e-03  0.000000e+00
      vertex  5.480397e-03  7.293020e-03  0.000000e+00
      vertex  5.882316e-03  7.318063e-03  0.000000e+00
    endloop
  endfacet
  facet normal  0.000000e+00  0.000000e+00  1.000000e+00
    outer loop
      vertex  5.888861e-03  7.218278e-03 -0.000000e+00
      vertex  5.882316e-03  7.318063e-03 -0.000000e+00
      vertex  5.486326e-03  7.193196e-03 -0.000000e+00
    endloop
  endfacet
  facet normal  0.000000e+00 -0.000000e+00  1.000000e+00
    outer loop
      vertex  5.486326e-03  7.193196e-03 -0.000000e+00
      vertex  5.882316e-03  7.318063e-03 -0.000000e+00
      vertex  5.480397e-03  7.293020e-03 -0.000000e+00
    endloop
  endfacet
  facet normal  0.000000e+00  0.000000e+00  0.000000e+00
    outer loop
      vertex  5.888861e-03  7.218278e-03  0.000000e+00
      vertex  5.888861e-03  7.218278e-03 -0.000000e+00
      vertex  5.486326e-03  7.193196e-03 -0.000000e+00
    endloop
  endfacet
  facet normal  0.000000e+00  0.000000e+00  0.000000e+00
    outer loop
      vertex  5.888861e-03  7.218278e-03  0.000000e+00
      vertex  5.486326e-03  7.193196e-03 -0.000000e+00
      vertex  5.486326e-03  7.193196e-03  0.000000e+00
    endloop
  endfacet
  facet normal  0.000000e+00  0.000000e+00  0.000000e+00
    outer loop
      vertex  5.882316e-03  7.318063e-03  0.000000e+00
      vertex  5.480397e-03  7.293020e-03  0.000000e+00
      vertex  5.882316e-03  7.318063e-03 -0.000000e+00
    endloop
  endfacet
  facet normal  0.000000e+00  0.000000e+00  0.000000e+00
    outer loop
      vertex  5.480397e-03  7.293020e-03  0.000000e+00
      vertex  5.480397e-03  7.293020e-03 -0.000000e+00
      vertex  5.882316e-03  7.318063e-03 -0.000000e+00
    endloop
  endfacet
  facet normal -0.000000e+00  0.000000e+00 -1.000000e+00
    outer loop
      vertex  5.486326e-03  7.193196e-03  0.000000e+00
      vertex  5.045134e-03  7.168119e-03  0.000000e+00
      vertex  5.480397e-03  7.293020e-03  0.000000e+00
    endloop
  endfacet
  facet normal  0.000000e+00  0.000000e+00 -1.000000e+00
    outer loop
      vertex  5.045134e-03  7.168119e-03  0.000000e+00
      vertex  5.039689e-03  7.267971e-03  0.000000e+00
      vertex  5.480397e-03  7.293020e-03  0.000000e+00
    endloop
  endfacet
  facet normal  0.000000e+00  0.000000e+00  1.000000e+00
    outer loop
      vertex  5.486326e-03  7.193196e-03 -0.000000e+00
      vertex  5.480397e-03  7.293020e-03 -0.000000e+00
      vertex  5.045134e-03  7.168119e-03 -0.000000e+00
    endloop
  endfacet
  facet normal  0.000000e+00 -0.000000e+00  1.000000e+00
    outer loop
      vertex  5.045134e-03  7.168119e-03 -0.000000e+00
      vertex  5.480397e-03  7.293020e-03 -0.000000e+00
      vertex  5.039689e-03  7.267971e-03 -0.000000e+00
    endloop
  endfacet
  facet normal  0.000000e+00  0.000000e+00  0.000000e+00
    outer loop
      vertex  5.486326e-03  7.193196e-03  0.000000e+00
      vertex  5.486326e-03  7.193196e-03 -0.000000e+00
      vertex  5.045134e-03  7.168119e-03 -0.000000e+00
    endloop
  endfacet
  facet normal  0.000000e+00  0.000000e+00  0.000000e+00
    outer loop
      vertex  5.486326e-03  7.193196e-03  0.000000e+00
      vertex  5.045134e-03  7.168119e-03 -0.000000e+00
      vertex  5.045134e-03  7.168119e-03  0.000000e+00
    endloop
  endfacet
  facet normal  0.000000e+00  0.000000e+00  0.000000e+00
    outer loop
      vertex  5.480397e-03  7.293020e-03  0.000000e+00
      vertex  5.039689e-03  7.267971e-03  0.000000e+00
      vertex  5.480397e-03  7.293020e-03 -0.000000e+00
    endloop
  endfacet
  facet normal  0.000000e+00  0.000000e+00  0.000000e+00
    outer loop
      vertex  5.039689e-03  7.267971e-03  0.000000e+00
      vertex  5.039689e-03  7.267971e-03 -0.000000e+00
      vertex  5.480397e-03  7.293020e-03 -0.000000e+00
    endloop
  endfacet
  facet normal -0.000000e+00  0.000000e+00 -1.000000e+00
    outer loop
      vertex  5.045134e-03  7.168119e-03  0.000000e+00
      vertex  4.567659e-03  7.143047e-03  0.000000e+00
      vertex  5.039689e-03  7.267971e-03  0.000000e+00
    endloop
  endfacet
  facet normal  0.000000e+00  0.000000e+00 -1.000000e+00
    outer loop
      vertex  4.567659e-03  7.143047e-03  0.000000e+00
      vertex  4.562598e-03  7.242918e-03  0.000000e+00
      vertex  5.039689e-03  7.267971e-03  0.000000e+00
    endloop
  endfacet
  facet normal  0.000000e+00  0.000000e+00  1.000000e+00
    outer loop
      vertex  5.045134e-03  7.168119e-03 -0.000000e+00
      vertex  5.039689e-03  7.267971e-03 -0.000000e+00
      vertex  4.567659e-03  7.143047e-03 -0.000000e+00
    endloop
  endfacet
  facet normal  0.000000e+00 -0.000000e+00  1.000000e+00
    outer loop
      vertex  4.567659e-03  7.143047e-03 -0.000000e+00
      vertex  5.039689e-03  7.267971e-03 -0.000000e+00
      vertex  4.562598e-03  7.242918e-03 -0.000000e+00
    endloop
  endfacet
  facet normal  0.000000e+00  0.000000e+00  0.000000e+00
    outer loop
      vertex  5.045134e-03  7.168119e-03  0.000000e+00
      vertex  5.045134e-03  7.168119e-03 -0.000000e+00
      vertex  4.567659e-03  7.143047e-03 -0.000000e+00
    endloop
  endfacet
  facet normal  0.000000e+00  0.000000e+00  0.000000e+00
    outer loop
      vertex  5.045134e-03  7.168119e-03  0.000000e+00
      vertex  4.567659e-03  7.143047e-03 -0.000000e+00
      vertex  4.567659e-03  7.143047e-03  0.000000e+00
    endloop
  endfacet
  facet normal  0.000000e+00  0.000000e+00  0.000000e+00
    outer loop
      vertex  5.039689e-03  7.267971e-03  0.000000e+00
      vertex  4.562598e-03  7.242918e-03  0.000000e+00
      vertex  5.039689e-03  7.267971e-03 -0.000000e+00
    endloop
  endfacet
  facet normal  0.000000e+00  0.000000e+00  0.000000e+00
    outer loop
      vertex  4.562598e-03  7.242918e-03  0.000000e+00
      vertex  4.562598e-03  7.242918e-03 -0.000000e+00
      vertex  5.039689e-03  7.267971e-03 -0.000000e+00
    endloop
  endfacet
  facet normal -0.000000e+00  0.000000e+00 -1.000000e+00
    outer loop
      vertex  4.567659e-03  7.143047e-03  0.000000e+00
      vertex  4.056535e-03  7.117976e-03  0.000000e+00
      vertex  4.562598e-03  7.242918e-03  0.000000e+00
    endloop
  endfacet
  facet normal  0.000000e+00  0.000000e+00 -1.000000e+00
    outer loop
      vertex  4.056535e-03  7.117976e-03  0.000000e+00
      vertex  4.051784e-03  7.217863e-03  0.000000e+00
      vertex  4.562598e-03  7.242918e-03  0.000000e+00
    endloop
  endfacet
  facet normal  0.000000e+00  0.000000e+00  1.000000e+00
    outer loop
      vertex  4.567659e-03  7.143047e-03 -0.000000e+00
      vertex  4.562598e-03  7.242918e-03 -0.000000e+00
      vertex  4.056535e-03  7.117976e-03 -0.000000e+00
    endloop
  endfacet
  facet normal  0.000000e+00 -0.000000e+00  1.000000e+00
    outer loop
      vertex  4.056535e-03  7.117976e-03 -0.000000e+00
      vertex  4.562598e-03  7.242918e-03 -0.000000e+00
      vertex  4.051784e-03  7.217863e-03 -0.000000e+00
    endloop
  endfacet
  facet normal  0.000000e+00  0.000000e+00  0.000000e+00
    outer loop
      vertex  4.567659e-03  7.143047e-03  0.000000e+00
      vertex  4.567659e-03  7.143047e-03 -0.000000e+00
      vertex  4.056535e-03  7.117976e-03 -0.000000e+00
    endloop
  endfacet
  facet normal  0.000000e+00  0.000000e+00  0.000000e+00
    outer loop
      vertex  4.567659e-03  7.143047e-03  0.000000e+00
      vertex  4.056535e-03  7.117976e-03 -0.000000e+00
      vertex  4.056535e-03  7.117976e-03  0.000000e+00
    endloop
  endfacet
  facet normal  0.000000e+00  0.000000e+00  0.000000e+00
    outer loop
      vertex  4.562598e-03  7.242918e-03  0.000000e+00
      vertex  4.051784e-03  7.217863e-03  0.000000e+00
      vertex  4.562598e-03  7.242918e-03 -0.000000e+00
    endloop
  endfacet
  facet normal  0.000000e+00  0.000000e+00  0.000000e+00
    outer loop
      vertex  4.051784e-03  7.217863e-03  0.000000e+00
      vertex  4.051784e-03  7.217863e-03 -0.000000e+00
      vertex  4.562598e-03  7.242918e-03 -0.000000e+00
    endloop
  endfacet
  facet normal -0.000000e+00  0.000000e+00 -1.000000e+00
    outer loop
      vertex  4.056535e-03  7.117976e-03  0.000000e+00
      vertex  3.514643e-03  7.092908e-03  0.000000e+00
      vertex  4.051784e-03  7.217863e-03  0.000000e+00
    endloop
  endfacet
  facet normal  0.000000e+00  0.000000e+00 -1.000000e+00
    outer loop
      vertex  3.514643e-03  7.092908e-03  0.000000e+00
      vertex  3.510141e-03  7.192806e-03  0.000000e+00
      vertex  4.051784e-03  7.217863e-03  0.000000e+00
    endloop
  endfacet
  facet normal  0.000000e+00  0.000000e+00  1.000000e+00
    outer loop
      vertex  4.056535e-03  7.117976e-03 -0.000000e+00
      vertex  4.051784e-03  7.217863e-03 -0.000000e+00
      vertex  3.514643e-03  7.092908e-03 -0.000000e+00
    endloop
  endfacet
  facet normal  0.000000e+00 -0.000000e+00  1.000000e+00
    outer loop
      vertex  3.514643e-03  7.092908e-03 -0.000000e+00
      vertex  4.051784e-03  7.217863e-03 -0.000000e+00
      vertex  3.510141e-03  7.192806e-03 -0.000000e+00
    endloop
  endfacet
  facet normal  0.000000e+00  0.000000e+00  0.000000e+00
    outer loop
      vertex  4.056535e-03  7.117976e-03  0.000000e+00
      vertex  4.056535e-03  7.117976e-03 -0.000000e+00
      vertex  3.514643e-03  7.092908e-03 -0.000000e+00
    endloop
  endfacet
  facet normal  0.000000e+00  0.000000e+00  0.000000e+00
    outer loop
      vertex  4.056535e-03  7.117976e-03  0.000000e+00
      vertex  3.514643e-03  7.092908e-03 -0.000000e+00
      vertex  3.514643e-03  7.092908e-03  0.000000e+00
    endloop
  endfacet
  facet normal  0.000000e+00  0.000000e+00  0.000000e+00
    outer loop
      vertex  4.051784e-03  7.217863e-03  0.000000e+00
      vertex  3.510141e-03  7.192806e-03  0.000000e+00
      vertex  4.051784e-03  7.217863e-03 -0.000000e+00
    endloop
  endfacet
  facet normal  0.000000e+00  0.000000e+00  0.000000e+00
    outer loop
      vertex  3.510141e-03  7.192806e-03  0.000000e+00
      vertex  3.510141e-03  7.192806e-03 -0.000000e+00
      vertex  4.051784e-03  7.217863e-03 -0.000000e+00
    endloop
  endfacet
  facet normal -0.000000e+00  0.000000e+00 -1.000000e+00
    outer loop
      vertex  3.514643e-03  7.092908e-03  0.000000e+00
      vertex  2.945091e-03  7.067841e-03  0.000000e+00
      vertex  3.510141e-03  7.192806e-03  0.000000e+00
    endloop
  endfacet
  facet normal  0.000000e+00  0.000000e+00 -1.000000e+00
    outer loop
      vertex  2.945091e-03  7.067841e-03  0.000000e+00
      vertex  2.940790e-03  7.167748e-03  0.000000e+00
      vertex  3.510141e-03  7.192806e-03  0.000000e+00
    endloop
  endfacet
  facet normal  0.000000e+00  0.000000e+00  1.000000e+00
    outer loop
      vertex  3.514643e-03  7.092908e-03 -0.000000e+00
      vertex  3.510141e-03  7.192806e-03 -0.000000e+00
      vertex  2.945091e-03  7.067841e-03 -0.000000e+00
    endloop
  endfacet
  facet normal  0.000000e+00 -0.000000e+00  1.000000e+00
    outer loop
      vertex  2.945091e-03  7.067841e-03 -0.000000e+00
      vertex  3.510141e-03  7.192806e-03 -0.000000e+00
      vertex  2.940790e-03  7.167748e-03 -0.000000e+00
    endloop
  endfacet
  facet normal  0.000000e+00  0.000000e+00  0.000000e+00
    outer loop
      vertex  3.514643e-03  7.092908e-03  0.000000e+00
      vertex  3.514643e-03  7.092908e-03 -0.000000e+00
      vertex  2.945091e-03  7.067841e-03 -0.000000e+00
    endloop
  endfacet
  facet normal  0.000000e+00  0.000000e+00  0.000000e+00
    outer loop
      vertex  3.514643e-03  7.092908e-03  0.000000e+00
      vertex  2.945091e-03  7.067841e-03 -0.000000e+00
      vertex  2.945091e-03  7.067841e-03  0.000000e+00
    endloop
  endfacet
  facet normal  0.000000e+00  0.000000e+00  0.000000e+00
    outer loop
      vertex  3.510141e-03  7.192806e-03  0.000000e+00
      vertex  2.940790e-03  7.167748e-03  0.000000e+00
      vertex  3.510141e-03  7.192806e-03 -0.000000e+00
    endloop
  endfacet
  facet normal  0.000000e+00  0.000000e+00  0.000000e+00
    outer loop
      vertex  2.940790e-03  7.167748e-03  0.000000e+00
      vertex  2.940790e-03  7.167748e-03 -0.000000e+00
      vertex  3.510141e-03  7.192806e-03 -0.000000e+00
    endloop
  endfacet
  facet normal -0.000000e+00  0.000000e+00 -1.000000e+00
    outer loop
      vertex  2.945091e-03  7.067841e-03  0.000000e+00
      vertex  2.351198e-03  7.042775e-03  0.000000e+00
      vertex  2.940790e-03  7.167748e-03  0.000000e+00
    endloop
  endfacet
  facet normal  0.000000e+00  0.000000e+00 -1.000000e+00
    outer loop
      vertex  2.351198e-03  7.042775e-03  0.000000e+00
      vertex  2.347058e-03  7.142689e-03  0.000000e+00
      vertex  2.940790e-03  7.167748e-03  0.000000e+00
    endloop
  endfacet
  facet normal  0.000000e+00  0.000000e+00  1.000000e+00
    outer loop
      vertex  2.945091e-03  7.067841e-03 -0.000000e+00
      vertex  2.940790e-03  7.167748e-03 -0.000000e+00
      vertex  2.351198e-03  7.042775e-03 -0.000000e+00
    endloop
  endfacet
  facet normal  0.000000e+00 -0.000000e+00  1.000000e+00
    outer loop
      vertex  2.351198e-03  7.042775e-03 -0.000000e+00
      vertex  2.940790e-03  7.167748e-03 -0.000000e+00
      vertex  2.347058e-03  7.142689e-03 -0.000000e+00
    endloop
  endfacet
  facet normal  0.000000e+00  0.000000e+00  0.000000e+00
    outer loop
      vertex  2.945091e-03  7.067841e-03  0.000000e+00
      vertex  2.945091e-03  7.067841e-03 -0.000000e+00
      vertex  2.351198e-03  7.042775e-03 -0.000000e+00
    endloop
  endfacet
  facet normal  0.000000e+00  0.000000e+00  0.000000e+00
    outer loop
      vertex  2.945091e-03  7.067841e-03  0.000000e+00
      vertex  2.351198e-03  7.042775e-03 -0.000000e+00
      vertex  2.351198e-03  7.042775e-03  0.000000e+00
    endloop
  endfacet
  facet normal  0.000000e+00  0.000000e+00  0.000000e+00
    outer loop
      vertex  2.940790e-03  7.167748e-03  0.000000e+00
      vertex  2.347058e-03  7.142689e-03  0.000000e+00
      vertex  2.940790e-03  7.167748e-03 -0.000000e+00
    endloop
  endfacet
  facet normal  0.000000e+00  0.000000e+00  0.000000e+00
    outer loop
      vertex  2.347058e-03  7.142689e-03  0.000000e+00
      vertex  2.347058e-03  7.142689e-03 -0.000000e+00
      vertex  2.940790e-03  7.167748e-03 -0.000000e+00
    endloop
  endfacet
  facet normal -0.000000e+00  0.000000e+00 -1.000000e+00
    outer loop
      vertex  2.351198e-03  7.042775e-03  0.000000e+00
      vertex  1.736472e-03  7.017709e-03  0.000000e+00
      vertex  2.347058e-03  7.142689e-03  0.000000e+00
    endloop
  endfacet
  facet normal  0.000000e+00  0.000000e+00 -1.000000e+00
    outer loop
      vertex  1.736472e-03  7.017709e-03  0.000000e+00
      vertex  1.732458e-03  7.117629e-03  0.000000e+00
      vertex  2.347058e-03  7.142689e-03  0.000000e+00
    endloop
  endfacet
  facet normal  0.000000e+00  0.000000e+00  1.000000e+00
    outer loop
      vertex  2.351198e-03  7.042775e-03 -0.000000e+00
      vertex  2.347058e-03  7.142689e-03 -0.000000e+00
      vertex  1.736472e-03  7.017709e-03 -0.000000e+00
    endloop
  endfacet
  facet normal  0.000000e+00 -0.000000e+00  1.000000e+00
    outer loop
      vertex  1.736472e-03  7.017709e-03 -0.000000e+00
      vertex  2.347058e-03  7.142689e-03 -0.000000e+00
      vertex  1.732458e-03  7.117629e-03 -0.000000e+00
    endloop
  endfacet
  facet normal  0.000000e+00  0.000000e+00  0.000000e+00
    outer loop
      vertex  2.351198e-03  7.042775e-03  0.000000e+00
      vertex  2.351198e-03  7.042775e-03 -0.000000e+00
      vertex  1.736472e-03  7.017709e-03 -0.000000e+00
    endloop
  endfacet
  facet normal  0.000000e+00  0.000000e+00  0.000000e+00
    outer loop
      vertex  2.351198e-03  7.042775e-03  0.000000e+00
      vertex  1.736472e-03  7.017709e-03 -0.000000e+00
      vertex  1.736472e-03  7.017709e-03  0.000000e+00
    endloop
  endfacet
  facet normal  0.000000e+00  0.000000e+00  0.000000e+00
    outer loop
      vertex  2.347058e-03  7.142689e-03  0.000000e+00
      vertex  1.732458e-03  7.117629e-03  0.000000e+00
      vertex  2.347058e-03  7.142689e-03 -0.000000e+00
    endloop
  endfacet
  facet normal  0.000000e+00  0.000000e+00  0.000000e+00
    outer loop
      vertex  1.732458e-03  7.117629e-03  0.000000e+00
      vertex  1.732458e-03  7.117629e-03 -0.000000e+00
      vertex  2.347058e-03  7.142689e-03 -0.000000e+00
    endloop
  endfacet
  facet normal -0.000000e+00  0.000000e+00 -1.000000e+00
    outer loop
      vertex  1.736472e-03  7.017709e-03  0.000000e+00
      vertex  1.104591e-03  6.992645e-03  0.000000e+00
      vertex  1.732458e-03  7.117629e-03  0.000000e+00
    endloop
  endfacet
  facet normal  0.000000e+00  0.000000e+00 -1.000000e+00
    outer loop
      vertex  1.104591e-03  6.992645e-03  0.000000e+00
      vertex  1.100672e-03  7.092568e-03  0.000000e+00
      vertex  1.732458e-03  7.117629e-03  0.000000e+00
    endloop
  endfacet
  facet normal  0.000000e+00  0.000000e+00  1.000000e+00
    outer loop
      vertex  1.736472e-03  7.017709e-03 -0.000000e+00
      vertex  1.732458e-03  7.117629e-03 -0.000000e+00
      vertex  1.104591e-03  6.992645e-03 -0.000000e+00
    endloop
  endfacet
  facet normal  0.000000e+00 -0.000000e+00  1.000000e+00
    outer loop
      vertex  1.104591e-03  6.992645e-03 -0.000000e+00
      vertex  1.732458e-03  7.117629e-03 -0.000000e+00
      vertex  1.100672e-03  7.092568e-03 -0.000000e+00
    endloop
  endfacet
  facet normal  0.000000e+00  0.000000e+00  0.000000e+00
    outer loop
      vertex  1.736472e-03  7.017709e-03  0.000000e+00
      vertex  1.736472e-03  7.017709e-03 -0.000000e+00
      vertex  1.104591e-03  6.992645e-03 -0.000000e+00
    endloop
  endfacet
  facet normal  0.000000e+00  0.000000e+00  0.000000e+00
    outer loop
      vertex  1.736472e-03  7.017709e-03  0.000000e+00
      vertex  1.104591e-03  6.992645e-03 -0.000000e+00
      vertex  1.104591e-03  6.992645e-03  0.000000e+00
    endloop
  endfacet
  facet normal  0.000000e+00  0.000000e+00  0.000000e+00
    outer loop
      vertex  1.732458e-03  7.117629e-03  0.000000e+00
      vertex  1.100672e-03  7.092568e-03  0.000000e+00
      vertex  1.732458e-03  7.117629e-03 -0.000000e+00
    endloop
  endfacet
  facet normal  0.000000e+00  0.000000e+00  0.000000e+00
    outer loop
      vertex  1.100672e-03  7.092568e-03  0.000000e+00
      vertex  1.100672e-03  7.092568e-03 -0.000000e+00
      vertex  1.732458e-03  7.117629e-03 -0.000000e+00
    endloop
  endfacet
  facet normal -0.000000e+00  0.000000e+00 -1.000000e+00
    outer loop
      vertex  1.104591e-03  6.992645e-03  0.000000e+00
      vertex  4.593788e-04  6.967581e-03  0.000000e+00
      vertex  1.100672e-03  7.092568e-03  0.000000e+00
    endloop
  endfacet
  facet normal  0.000000e+00  0.000000e+00 -1.000000e+00
    outer loop
      vertex  4.593788e-04  6.967581e-03  0.000000e+00
      vertex  4.555291e-04  7.067507e-03  0.000000e+00
      vertex  1.100672e-03  7.092568e-03  0.000000e+00
    endloop
  endfacet
  facet normal  0.000000e+00  0.000000e+00  1.000000e+00
    outer loop
      vertex  1.104591e-03  6.992645e-03 -0.000000e+00
      vertex  1.100672e-03  7.092568e-03 -0.000000e+00
      vertex  4.593788e-04  6.967581e-03 -0.000000e+00
    endloop
  endfacet
  facet normal  0.000000e+00 -0.000000e+00  1.000000e+00
    outer loop
      vertex  4.593788e-04  6.967581e-03 -0.000000e+00
      vertex  1.100672e-03  7.092568e-03 -0.000000e+00
      vertex  4.555291e-04  7.067507e-03 -0.000000e+00
    endloop
  endfacet
  facet normal  0.000000e+00  0.000000e+00  0.000000e+00
    outer loop
      vertex  1.104591e-03  6.992645e-03  0.000000e+00
      vertex  1.104591e-03  6.992645e-03 -0.000000e+00
      vertex  4.593788e-04  6.967581e-03 -0.000000e+00
    endloop
  endfacet
  facet normal  0.000000e+00  0.000000e+00  0.000000e+00
    outer loop
      vertex  1.104591e-03  6.992645e-03  0.000000e+00
      vertex  4.593788e-04  6.967581e-03 -0.000000e+00
      vertex  4.593788e-04  6.967581e-03  0.000000e+00
    endloop
  endfacet
  facet normal  0.000000e+00  0.000000e+00  0.000000e+00
    outer loop
      vertex  1.100672e-03  7.092568e-03  0.000000e+00
      vertex  4.555291e-04  7.067507e-03  0.000000e+00
      vertex  1.100672e-03  7.092568e-03 -0.000000e+00
    endloop
  endfacet
  facet normal  0.000000e+00  0.000000e+00  0.000000e+00
    outer loop
      vertex  4.555291e-04  7.067507e-03  0.000000e+00
      vertex  4.555291e-04  7.067507e-03 -0.000000e+00
      vertex  1.100672e-03  7.092568e-03 -0.000000e+00
    endloop
  endfacet
  facet normal -0.000000e+00  0.000000e+00 -1.000000e+00
    outer loop
      vertex  4.593788e-04  6.967581e-03  0.000000e+00
      vertex -1.952160e-04  6.942517e-03  0.000000e+00
      vertex  4.555291e-04  7.067507e-03  0.000000e+00
    endloop
  endfacet
  facet normal  0.000000e+00  0.000000e+00 -1.000000e+00
    outer loop
      vertex -1.952160e-04  6.942517e-03  0.000000e+00
      vertex -1.990226e-04  7.042445e-03  0.000000e+00
      vertex  4.555291e-04  7.067507e-03  0.000000e+00
    endloop
  endfacet
  facet normal  0.000000e+00  0.000000e+00  1.000000e+00
    outer loop
      vertex  4.593788e-04  6.967581e-03 -0.000000e+00
      vertex  4.555291e-04  7.067507e-03 -0.000000e+00
      vertex -1.952160e-04  6.942517e-03 -0.000000e+00
    endloop
  endfacet
  facet normal  0.000000e+00 -0.000000e+00  1.000000e+00
    outer loop
      vertex -1.952160e-04  6.942517e-03 -0.000000e+00
      vertex  4.555291e-04  7.067507e-03 -0.000000e+00
      vertex -1.990226e-04  7.042445e-03 -0.000000e+00
    endloop
  endfacet
  facet normal  0.000000e+00  0.000000e+00  0.000000e+00
    outer loop
      vertex  4.593788e-04  6.967581e-03  0.000000e+00
      vertex  4.593788e-04  6.967581e-03 -0.000000e+00
      vertex -1.952160e-04  6.942517e-03 -0.000000e+00
    endloop
  endfacet
  facet normal  0.000000e+00  0.000000e+00  0.000000e+00
    outer loop
      vertex  4.593788e-04  6.967581e-03  0.000000e+00
      vertex -1.952160e-04  6.942517e-03 -0.000000e+00
      vertex -1.952160e-04  6.942517e-03  0.000000e+00
    endloop
  endfacet
  facet normal  0.000000e+00  0.000000e+00  0.000000e+00
    outer loop
      vertex  4.555291e-04  7.067507e-03  0.000000e+00
      vertex -1.990226e-04  7.042445e-03  0.000000e+00
      vertex  4.555291e-04  7.067507e-03 -0.000000e+00
    endloop
  endfacet
  facet normal  0.000000e+00  0.000000e+00  0.000000e+00
    outer loop
      vertex -1.990226e-04  7.042445e-03  0.000000e+00
      vertex -1.990226e-04  7.042445e-03 -0.000000e+00
      vertex  4.555291e-04  7.067507e-03 -0.000000e+00
    endloop
  endfacet
  facet normal -0.000000e+00  0.000000e+00 -1.000000e+00
    outer loop
      vertex -1.952160e-04  6.942517e-03  0.000000e+00
      vertex -8.551465e-04  6.917454e-03  0.000000e+00
      vertex -1.990226e-04  7.042445e-03  0.000000e+00
    endloop
  endfacet
  facet normal  0.000000e+00  0.000000e+00 -1.000000e+00
    outer loop
      vertex -8.551465e-04  6.917454e-03  0.000000e+00
      vertex -8.589342e-04  7.017383e-03  0.000000e+00
      vertex -1.990226e-04  7.042445e-03  0.000000e+00
    endloop
  endfacet
  facet normal  0.000000e+00  0.000000e+00  1.000000e+00
    outer loop
      vertex -1.952160e-04  6.942517e-03 -0.000000e+00
      vertex -1.990226e-04  7.042445e-03 -0.000000e+00
      vertex -8.551465e-04  6.917454e-03 -0.000000e+00
    endloop
  endfacet
  facet normal  0.000000e+00 -0.000000e+00  1.000000e+00
    outer loop
      vertex -8.551465e-04  6.917454e-03 -0.000000e+00
      vertex -1.990226e-04  7.042445e-03 -0.000000e+00
      vertex -8.589342e-04  7.017383e-03 -0.000000e+00
    endloop
  endfacet
  facet normal  0.000000e+00  0.000000e+00  0.000000e+00
    outer loop
      vertex -1.952160e-04  6.942517e-03  0.000000e+00
      vertex -1.952160e-04  6.942517e-03 -0.000000e+00
      vertex -8.551465e-04  6.917454e-03 -0.000000e+00
    endloop
  endfacet
  facet normal  0.000000e+00  0.000000e+00  0.000000e+00
    outer loop
      vertex -1.952160e-04  6.942517e-03  0.000000e+00
      vertex -8.551465e-04  6.917454e-03 -0.000000e+00
      vertex -8.551465e-04  6.917454e-03  0.000000e+00
    endloop
  endfacet
  facet normal  0.000000e+00  0.000000e+00  0.000000e+00
    outer loop
      vertex -1.990226e-04  7.042445e-03  0.000000e+00
      vertex -8.589342e-04  7.017383e-03  0.000000e+00
      vertex -1.990226e-04  7.042445e-03 -0.000000e+00
    endloop
  endfacet
  facet normal  0.000000e+00  0.000000e+00  0.000000e+00
    outer loop
      vertex -8.589342e-04  7.017383e-03  0.000000e+00
      vertex -8.589342e-04  7.017383e-03 -0.000000e+00
      vertex -1.990226e-04  7.042445e-03 -0.000000e+00
    endloop
  endfacet
  facet normal -0.000000e+00  0.000000e+00 -1.000000e+00
    outer loop
      vertex -8.551465e-04  6.917454e-03  0.000000e+00
      vertex -1.516291e-03  6.892392e-03  0.000000e+00
      vertex -8.589342e-04  7.017383e-03  0.000000e+00
    endloop
  endfacet
  facet normal  0.000000e+00  0.000000e+00 -1.000000e+00
    outer loop
      vertex -1.516291e-03  6.892392e-03  0.000000e+00
      vertex -1.520084e-03  6.992320e-03  0.000000e+00
      vertex -8.589342e-04  7.017383e-03  0.000000e+00
    endloop
  endfacet
  facet normal  0.000000e+00  0.000000e+00  1.000000e+00
    outer loop
      vertex -8.551465e-04  6.917454e-03 -0.000000e+00
      vertex -8.589342e-04  7.017383e-03 -0.000000e+00
      vertex -1.516291e-03  6.892392e-03 -0.000000e+00
    endloop
  endfacet
  facet normal  0.000000e+00 -0.000000e+00  1.000000e+00
    outer loop
      vertex -1.516291e-03  6.892392e-03 -0.000000e+00
      vertex -8.589342e-04  7.017383e-03 -0.000000e+00
      vertex -1.520084e-03  6.992320e-03 -0.000000e+00
    endloop
  endfacet
  facet normal  0.000000e+00  0.000000e+00  0.000000e+00
    outer loop
      vertex -8.551465e-04  6.917454e-03  0.000000e+00
      vertex -8.551465e-04  6.917454e-03 -0.000000e+00
      vertex -1.516291e-03  6.892392e-03 -0.000000e+00
    endloop
  endfacet
  facet normal  0.000000e+00  0.000000e+00  0.000000e+00
    outer loop
      vertex -8.551465e-04  6.917454e-03  0.000000e+00
      vertex -1.516291e-03  6.892392e-03 -0.000000e+00
      vertex -1.516291e-03  6.892392e-03  0.000000e+00
    endloop
  endfacet
  facet normal  0.000000e+00  0.000000e+00  0.000000e+00
    outer loop
      vertex -8.589342e-04  7.017383e-03  0.000000e+00
      vertex -1.520084e-03  6.992320e-03  0.000000e+00
      vertex -8.589342e-04  7.017383e-03 -0.000000e+00
    endloop
  endfacet
  facet normal  0.000000e+00  0.000000e+00  0.000000e+00
    outer loop
      vertex -1.520084e-03  6.992320e-03  0.000000e+00
      vertex -1.520084e-03  6.992320e-03 -0.000000e+00
      vertex -8.589342e-04  7.017383e-03 -0.000000e+00
    endloop
  endfacet
  facet normal -0.000000e+00  0.000000e+00 -1.000000e+00
    outer loop
      vertex -1.516291e-03  6.892392e-03  0.000000e+00
      vertex -2.174481e-03  6.867330e-03  0.000000e+00
      vertex -1.520084e-03  6.992320e-03  0.000000e+00
    endloop
  endfacet
  facet normal  0.000000e+00  0.000000e+00 -1.000000e+00
    outer loop
      vertex -2.174481e-03  6.867330e-03  0.000000e+00
      vertex -2.178302e-03  6.967257e-03  0.000000e+00
      vertex -1.520084e-03  6.992320e-03  0.000000e+00
    endloop
  endfacet
  facet normal  0.000000e+00  0.000000e+00  1.000000e+00
    outer loop
      vertex -1.516291e-03  6.892392e-03 -0.000000e+00
      vertex -1.520084e-03  6.992320e-03 -0.000000e+00
      vertex -2.174481e-03  6.867330e-03 -0.000000e+00
    endloop
  endfacet
  facet normal  0.000000e+00 -0.000000e+00  1.000000e+00
    outer loop
      vertex -2.174481e-03  6.867330e-03 -0.000000e+00
      vertex -1.520084e-03  6.992320e-03 -0.000000e+00
      vertex -2.178302e-03  6.967257e-03 -0.000000e+00
    endloop
  endfacet
  facet normal  0.000000e+00  0.000000e+00  0.000000e+00
    outer loop
      vertex -1.516291e-03  6.892392e-03  0.000000e+00
      vertex -1.516291e-03  6.892392e-03 -0.000000e+00
      vertex -2.174481e-03  6.867330e-03 -0.000000e+00
    endloop
  endfacet
  facet normal  0.000000e+00  0.000000e+00  0.000000e+00
    outer loop
      vertex -1.516291e-03  6.892392e-03  0.000000e+00
      vertex -2.174481e-03  6.867330e-03 -0.000000e+00
      vertex -2.174481e-03  6.867330e-03  0.000000e+00
    endloop
  endfacet
  facet normal  0.000000e+00  0.000000e+00  0.000000e+00
    outer loop
      vertex -1.520084e-03  6.992320e-03  0.000000e+00
      vertex -2.178302e-03  6.967257e-03  0.000000e+00
      vertex -1.520084e-03  6.992320e-03 -0.000000e+00
    endloop
  endfacet
  facet normal  0.000000e+00  0.000000e+00  0.000000e+00
    outer loop
      vertex -2.178302e-03  6.967257e-03  0.000000e+00
      vertex -2.178302e-03  6.967257e-03 -0.000000e+00
      vertex -1.520084e-03  6.992320e-03 -0.000000e+00
    endloop
  endfacet
  facet normal -0.000000e+00  0.000000e+00 -1.000000e+00
    outer loop
      vertex -2.174481e-03  6.867330e-03  0.000000e+00
      vertex -2.825522e-03  6.842268e-03  0.000000e+00
      vertex -2.178302e-03  6.967257e-03  0.000000e+00
    endloop
  endfacet
  facet normal  0.000000e+00  0.000000e+00 -1.000000e+00
    outer loop
      vertex -2.825522e-03  6.842268e-03  0.000000e+00
      vertex -2.829398e-03  6.942193e-03  0.000000e+00
      vertex -2.178302e-03  6.967257e-03  0.000000e+00
    endloop
  endfacet
  facet normal  0.000000e+00  0.000000e+00  1.000000e+00
    outer loop
      vertex -2.174481e-03  6.867330e-03 -0.000000e+00
      vertex -2.178302e-03  6.967257e-03 -0.000000e+00
      vertex -2.825522e-03  6.842268e-03 -0.000000e+00
    endloop
  endfacet
  facet normal  0.000000e+00 -0.000000e+00  1.000000e+00
    outer loop
      vertex -2.825522e-03  6.842268e-03 -0.000000e+00
      vertex -2.178302e-03  6.967257e-03 -0.000000e+00
      vertex -2.829398e-03  6.942193e-03 -0.000000e+00
    endloop
  endfacet
  facet normal  0.000000e+00  0.000000e+00  0.000000e+00
    outer loop
      vertex -2.174481e-03  6.867330e-03  0.000000e+00
      vertex -2.174481e-03  6.867330e-03 -0.000000e+00
      vertex -2.825522e-03  6.842268e-03 -0.000000e+00
    endloop
  endfacet
  facet normal  0.000000e+00  0.000000e+00  0.000000e+00
    outer loop
      vertex -2.174481e-03  6.867330e-03  0.000000e+00
      vertex -2.825522e-03  6.842268e-03 -0.000000e+00
      vertex -2.825522e-03  6.842268e-03  0.000000e+00
    endloop
  endfacet
  facet normal  0.000000e+00  0.000000e+00  0.000000e+00
    outer loop
      vertex -2.178302e-03  6.967257e-03  0.000000e+00
      vertex -2.829398e-03  6.942193e-03  0.000000e+00
      vertex -2.178302e-03  6.967257e-03 -0.000000e+00
    endloop
  endfacet
  facet normal  0.000000e+00  0.000000e+00  0.000000e+00
    outer loop
      vertex -2.829398e-03  6.942193e-03  0.000000e+00
      vertex -2.829398e-03  6.942193e-03 -0.000000e+00
      vertex -2.178302e-03  6.967257e-03 -0.000000e+00
    endloop
  endfacet
  facet normal -0.000000e+00  0.000000e+00 -1.000000e+00
    outer loop
      vertex -2.825522e-03  6.842268e-03  0.000000e+00
      vertex -3.465228e-03  6.817207e-03  0.000000e+00
      vertex -2.829398e-03  6.942193e-03  0.000000e+00
    endloop
  endfacet
  facet normal  0.000000e+00  0.000000e+00 -1.000000e+00
    outer loop
      vertex -3.465228e-03  6.817207e-03  0.000000e+00
      vertex -3.469186e-03  6.917129e-03  0.000000e+00
      vertex -2.829398e-03  6.942193e-03  0.000000e+00
    endloop
  endfacet
  facet normal  0.000000e+00  0.000000e+00  1.000000e+00
    outer loop
      vertex -2.825522e-03  6.842268e-03 -0.000000e+00
      vertex -2.829398e-03  6.942193e-03 -0.000000e+00
      vertex -3.465228e-03  6.817207e-03 -0.000000e+00
    endloop
  endfacet
  facet normal  0.000000e+00 -0.000000e+00  1.000000e+00
    outer loop
      vertex -3.465228e-03  6.817207e-03 -0.000000e+00
      vertex -2.829398e-03  6.942193e-03 -0.000000e+00
      vertex -3.469186e-03  6.917129e-03 -0.000000e+00
    endloop
  endfacet
  facet normal  0.000000e+00  0.000000e+00  0.000000e+00
    outer loop
      vertex -2.825522e-03  6.842268e-03  0.000000e+00
      vertex -2.825522e-03  6.842268e-03 -0.000000e+00
      vertex -3.465228e-03  6.817207e-03 -0.000000e+00
    endloop
  endfacet
  facet normal  0.000000e+00  0.000000e+00  0.000000e+00
    outer loop
      vertex -2.825522e-03  6.842268e-03  0.000000e+00
      vertex -3.465228e-03  6.817207e-03 -0.000000e+00
      vertex -3.465228e-03  6.817207e-03  0.000000e+00
    endloop
  endfacet
  facet normal  0.000000e+00  0.000000e+00  0.000000e+00
    outer loop
      vertex -2.829398e-03  6.942193e-03  0.000000e+00
      vertex -3.469186e-03  6.917129e-03  0.000000e+00
      vertex -2.829398e-03  6.942193e-03 -0.000000e+00
    endloop
  endfacet
  facet normal  0.000000e+00  0.000000e+00  0.000000e+00
    outer loop
      vertex -3.469186e-03  6.917129e-03  0.000000e+00
      vertex -3.469186e-03  6.917129e-03 -0.000000e+00
      vertex -2.829398e-03  6.942193e-03 -0.000000e+00
    endloop
  endfacet
  facet normal -0.000000e+00  0.000000e+00 -1.000000e+00
    outer loop
      vertex -3.465228e-03  6.817207e-03  0.000000e+00
      vertex -4.089442e-03  6.792147e-03  0.000000e+00
      vertex -3.469186e-03  6.917129e-03  0.000000e+00
    endloop
  endfacet
  facet normal  0.000000e+00  0.000000e+00 -1.000000e+00
    outer loop
      vertex -4.089442e-03  6.792147e-03  0.000000e+00
      vertex -4.093513e-03  6.892064e-03  0.000000e+00
      vertex -3.469186e-03  6.917129e-03  0.000000e+00
    endloop
  endfacet
  facet normal  0.000000e+00  0.000000e+00  1.000000e+00
    outer loop
      vertex -3.465228e-03  6.817207e-03 -0.000000e+00
      vertex -3.469186e-03  6.917129e-03 -0.000000e+00
      vertex -4.089442e-03  6.792147e-03 -0.000000e+00
    endloop
  endfacet
  facet normal  0.000000e+00 -0.000000e+00  1.000000e+00
    outer loop
      vertex -4.089442e-03  6.792147e-03 -0.000000e+00
      vertex -3.469186e-03  6.917129e-03 -0.000000e+00
      vertex -4.093513e-03  6.892064e-03 -0.000000e+00
    endloop
  endfacet
  facet normal  0.000000e+00  0.000000e+00  0.000000e+00
    outer loop
      vertex -3.465228e-03  6.817207e-03  0.000000e+00
      vertex -3.465228e-03  6.817207e-03 -0.000000e+00
      vertex -4.089442e-03  6.792147e-03 -0.000000e+00
    endloop
  endfacet
  facet normal  0.000000e+00  0.000000e+00  0.000000e+00
    outer loop
      vertex -3.465228e-03  6.817207e-03  0.000000e+00
      vertex -4.089442e-03  6.792147e-03 -0.000000e+00
      vertex -4.089442e-03  6.792147e-03  0.000000e+00
    endloop
  endfacet
  facet normal  0.000000e+00  0.000000e+00  0.000000e+00
    outer loop
      vertex -3.469186e-03  6.917129e-03  0.000000e+00
      vertex -4.093513e-03  6.892064e-03  0.000000e+00
      vertex -3.469186e-03  6.917129e-03 -0.000000e+00
    endloop
  endfacet
  facet normal  0.000000e+00  0.000000e+00  0.000000e+00
    outer loop
      vertex -4.093513e-03  6.892064e-03  0.000000e+00
      vertex -4.093513e-03  6.892064e-03 -0.000000e+00
      vertex -3.469186e-03  6.917129e-03 -0.000000e+00
    endloop
  endfacet
  facet normal -0.000000e+00  0.000000e+00 -1.000000e+00
    outer loop
      vertex -4.089442e-03  6.792147e-03  0.000000e+00
      vertex -4.694066e-03  6.767087e-03  0.000000e+00
      vertex -4.093513e-03  6.892064e-03  0.000000e+00
    endloop
  endfacet
  facet normal  0.000000e+00  0.000000e+00 -1.000000e+00
    outer loop
      vertex -4.694066e-03  6.767087e-03  0.000000e+00
      vertex -4.698285e-03  6.866998e-03  0.000000e+00
      vertex -4.093513e-03  6.892064e-03  0.000000e+00
    endloop
  endfacet
  facet normal  0.000000e+00  0.000000e+00  1.000000e+00
    outer loop
      vertex -4.089442e-03  6.792147e-03 -0.000000e+00
      vertex -4.093513e-03  6.892064e-03 -0.000000e+00
      vertex -4.694066e-03  6.767087e-03 -0.000000e+00
    endloop
  endfacet
  facet normal  0.000000e+00 -0.000000e+00  1.000000e+00
    outer loop
      vertex -4.694066e-03  6.767087e-03 -0.000000e+00
      vertex -4.093513e-03  6.892064e-03 -0.000000e+00
      vertex -4.698285e-03  6.866998e-03 -0.000000e+00
    endloop
  endfacet
  facet normal  0.000000e+00  0.000000e+00  0.000000e+00
    outer loop
      vertex -4.089442e-03  6.792147e-03  0.000000e+00
      vertex -4.089442e-03  6.792147e-03 -0.000000e+00
      vertex -4.694066e-03  6.767087e-03 -0.000000e+00
    endloop
  endfacet
  facet normal  0.000000e+00  0.000000e+00  0.000000e+00
    outer loop
      vertex -4.089442e-03  6.792147e-03  0.000000e+00
      vertex -4.694066e-03  6.767087e-03 -0.000000e+00
      vertex -4.694066e-03  6.767087e-03  0.000000e+00
    endloop
  endfacet
  facet normal  0.000000e+00  0.000000e+00  0.000000e+00
    outer loop
      vertex -4.093513e-03  6.892064e-03  0.000000e+00
      vertex -4.698285e-03  6.866998e-03  0.000000e+00
      vertex -4.093513e-03  6.892064e-03 -0.000000e+00
    endloop
  endfacet
  facet normal  0.000000e+00  0.000000e+00  0.000000e+00
    outer loop
      vertex -4.698285e-03  6.866998e-03  0.000000e+00
      vertex -4.698285e-03  6.866998e-03 -0.000000e+00
      vertex -4.093513e-03  6.892064e-03 -0.000000e+00
    endloop
  endfacet
  facet normal -0.000000e+00  0.000000e+00 -1.000000e+00
    outer loop
      vertex -4.694066e-03  6.767087e-03  0.000000e+00
      vertex -5.275085e-03  6.742029e-03  0.000000e+00
      vertex -4.698285e-03  6.866998e-03  0.000000e+00
    endloop
  endfacet
  facet normal  0.000000e+00  0.000000e+00 -1.000000e+00
    outer loop
      vertex -5.275085e-03  6.742029e-03  0.000000e+00
      vertex -5.279493e-03  6.841931e-03  0.000000e+00
      vertex -4.698285e-03  6.866998e-03  0.000000e+00
    endloop
  endfacet
  facet normal  0.000000e+00  0.000000e+00  1.000000e+00
    outer loop
      vertex -4.694066e-03  6.767087e-03 -0.000000e+00
      vertex -4.698285e-03  6.866998e-03 -0.000000e+00
      vertex -5.275085e-03  6.742029e-03 -0.000000e+00
    endloop
  endfacet
  facet normal  0.000000e+00 -0.000000e+00  1.000000e+00
    outer loop
      vertex -5.275085e-03  6.742029e-03 -0.000000e+00
      vertex -4.698285e-03  6.866998e-03 -0.000000e+00
      vertex -5.279493e-03  6.841931e-03 -0.000000e+00
    endloop
  endfacet
  facet normal  0.000000e+00  0.000000e+00  0.000000e+00
    outer loop
      vertex -4.694066e-03  6.767087e-03  0.000000e+00
      vertex -4.694066e-03  6.767087e-03 -0.000000e+00
      vertex -5.275085e-03  6.742029e-03 -0.000000e+00
    endloop
  endfacet
  facet normal  0.000000e+00  0.000000e+00  0.000000e+00
    outer loop
      vertex -4.694066e-03  6.767087e-03  0.000000e+00
      vertex -5.275085e-03  6.742029e-03 -0.000000e+00
      vertex -5.275085e-03  6.742029e-03  0.000000e+00
    endloop
  endfacet
  facet normal  0.000000e+00  0.000000e+00  0.000000e+00
    outer loop
      vertex -4.698285e-03  6.866998e-03  0.000000e+00
      vertex -5.279493e-03  6.841931e-03  0.000000e+00
      vertex -4.698285e-03  6.866998e-03 -0.000000e+00
    endloop
  endfacet
  facet normal  0.000000e+00  0.000000e+00  0.000000e+00
    outer loop
      vertex -5.279493e-03  6.841931e-03  0.000000e+00
      vertex -5.279493e-03  6.841931e-03 -0.000000e+00
      vertex -4.698285e-03  6.866998e-03 -0.000000e+00
    endloop
  endfacet
  facet normal -0.000000e+00  0.000000e+00 -1.000000e+00
    outer loop
      vertex -5.275085e-03  6.742029e-03  0.000000e+00
      vertex -5.828597e-03  6.716971e-03  0.000000e+00
      vertex -5.279493e-03  6.841931e-03  0.000000e+00
    endloop
  endfacet
  facet normal  0.000000e+00  0.000000e+00 -1.000000e+00
    outer loop
      vertex -5.828597e-03  6.716971e-03  0.000000e+00
      vertex -5.833245e-03  6.816863e-03  0.000000e+00
      vertex -5.279493e-03  6.841931e-03  0.000000e+00
    endloop
  endfacet
  facet normal  0.000000e+00  0.000000e+00  1.000000e+00
    outer loop
      vertex -5.275085e-03  6.742029e-03 -0.000000e+00
      vertex -5.279493e-03  6.841931e-03 -0.000000e+00
      vertex -5.828597e-03  6.716971e-03 -0.000000e+00
    endloop
  endfacet
  facet normal  0.000000e+00 -0.000000e+00  1.000000e+00
    outer loop
      vertex -5.828597e-03  6.716971e-03 -0.000000e+00
      vertex -5.279493e-03  6.841931e-03 -0.000000e+00
      vertex -5.833245e-03  6.816863e-03 -0.000000e+00
    endloop
  endfacet
  facet normal  0.000000e+00  0.000000e+00  0.000000e+00
    outer loop
      vertex -5.275085e-03  6.742029e-03  0.000000e+00
      vertex -5.275085e-03  6.742029e-03 -0.000000e+00
      vertex -5.828597e-03  6.716971e-03 -0.000000e+00
    endloop
  endfacet
  facet normal  0.000000e+00  0.000000e+00  0.000000e+00
    outer loop
      vertex -5.275085e-03  6.742029e-03  0.000000e+00
      vertex -5.828597e-03  6.716971e-03 -0.000000e+00
      vertex -5.828597e-03  6.716971e-03  0.000000e+00
    endloop
  endfacet
  facet normal  0.000000e+00  0.000000e+00  0.000000e+00
    outer loop
      vertex -5.279493e-03  6.841931e-03  0.000000e+00
      vertex -5.833245e-03  6.816863e-03  0.000000e+00
      vertex -5.279493e-03  6.841931e-03 -0.000000e+00
    endloop
  endfacet
  facet normal  0.000000e+00  0.000000e+00  0.000000e+00
    outer loop
      vertex -5.833245e-03  6.816863e-03  0.000000e+00
      vertex -5.833245e-03  6.816863e-03 -0.000000e+00
      vertex -5.279493e-03  6.841931e-03 -0.000000e+00
    endloop
  endfacet
  facet normal -0.000000e+00  0.000000e+00 -1.000000e+00
    outer loop
      vertex -5.828597e-03  6.716971e-03  0.000000e+00
      vertex -6.350834e-03  6.691916e-03  0.000000e+00
      vertex -5.833245e-03  6.816863e-03  0.000000e+00
    endloop
  endfacet
  facet normal  0.000000e+00  0.000000e+00 -1.000000e+00
    outer loop
      vertex -6.350834e-03  6.691916e-03  0.000000e+00
      vertex -6.355785e-03  6.791793e-03  0.000000e+00
      vertex -5.833245e-03  6.816863e-03  0.000000e+00
    endloop
  endfacet
  facet normal  0.000000e+00  0.000000e+00  1.000000e+00
    outer loop
      vertex -5.828597e-03  6.716971e-03 -0.000000e+00
      vertex -5.833245e-03  6.816863e-03 -0.000000e+00
      vertex -6.350834e-03  6.691916e-03 -0.000000e+00
    endloop
  endfacet
  facet normal  0.000000e+00 -0.000000e+00  1.000000e+00
    outer loop
      vertex -6.350834e-03  6.691916e-03 -0.000000e+00
      vertex -5.833245e-03  6.816863e-03 -0.000000e+00
      vertex -6.355785e-03  6.791793e-03 -0.000000e+00
    endloop
  endfacet
  facet normal  0.000000e+00  0.000000e+00  0.000000e+00
    outer loop
      vertex -5.828597e-03  6.716971e-03  0.000000e+00
      vertex -5.828597e-03  6.716971e-03 -0.000000e+00
      vertex -6.350834e-03  6.691916e-03 -0.000000e+00
    endloop
  endfacet
  facet normal  0.000000e+00  0.000000e+00  0.000000e+00
    outer loop
      vertex -5.828597e-03  6.716971e-03  0.000000e+00
      vertex -6.350834e-03  6.691916e-03 -0.000000e+00
      vertex -6.350834e-03  6.691916e-03  0.000000e+00
    endloop
  endfacet
  facet normal  0.000000e+00  0.000000e+00  0.000000e+00
    outer loop
      vertex -5.833245e-03  6.816863e-03  0.000000e+00
      vertex -6.355785e-03  6.791793e-03  0.000000e+00
      vertex -5.833245e-03  6.816863e-03 -0.000000e+00
    endloop
  endfacet
  facet normal  0.000000e+00  0.000000e+00  0.000000e+00
    outer loop
      vertex -6.355785e-03  6.791793e-03  0.000000e+00
      vertex -6.355785e-03  6.791793e-03 -0.000000e+00
      vertex -5.833245e-03  6.816863e-03 -0.000000e+00
    endloop
  endfacet
  facet normal -0.000000e+00  0.000000e+00 -1.000000e+00
    outer loop
      vertex -6.350834e-03  6.691916e-03  0.000000e+00
      vertex -6.838189e-03  6.666863e-03  0.000000e+00
      vertex -6.355785e-03  6.791793e-03  0.000000e+00
    endloop
  endfacet
  facet normal  0.000000e+00  0.000000e+00 -1.000000e+00
    outer loop
      vertex -6.838189e-03  6.666863e-03  0.000000e+00
      vertex -6.843526e-03  6.766721e-03  0.000000e+00
      vertex -6.355785e-03  6.791793e-03  0.000000e+00
    endloop
  endfacet
  facet normal  0.000000e+00  0.000000e+00  1.000000e+00
    outer loop
      vertex -6.350834e-03  6.691916e-03 -0.000000e+00
      vertex -6.355785e-03  6.791793e-03 -0.000000e+00
      vertex -6.838189e-03  6.666863e-03 -0.000000e+00
    endloop
  endfacet
  facet normal  0.000000e+00 -0.000000e+00  1.000000e+00
    outer loop
      vertex -6.838189e-03  6.666863e-03 -0.000000e+00
      vertex -6.355785e-03  6.791793e-03 -0.000000e+00
      vertex -6.843526e-03  6.766721e-03 -0.000000e+00
    endloop
  endfacet
  facet normal  0.000000e+00  0.000000e+00  0.000000e+00
    outer loop
      vertex -6.350834e-03  6.691916e-03  0.000000e+00
      vertex -6.350834e-03  6.691916e-03 -0.000000e+00
      vertex -6.838189e-03  6.666863e-03 -0.000000e+00
    endloop
  endfacet
  facet normal  0.000000e+00  0.000000e+00  0.000000e+00
    outer loop
      vertex -6.350834e-03  6.691916e-03  0.000000e+00
      vertex -6.838189e-03  6.666863e-03 -0.000000e+00
      vertex -6.838189e-03  6.666863e-03  0.000000e+00
    endloop
  endfacet
  facet normal  0.000000e+00  0.000000e+00  0.000000e+00
    outer loop
      vertex -6.355785e-03  6.791793e-03  0.000000e+00
      vertex -6.843526e-03  6.766721e-03  0.000000e+00
      vertex -6.355785e-03  6.791793e-03 -0.000000e+00
    endloop
  endfacet
  facet normal  0.000000e+00  0.000000e+00  0.000000e+00
    outer loop
      vertex -6.843526e-03  6.766721e-03  0.000000e+00
      vertex -6.843526e-03  6.766721e-03 -0.000000e+00
      vertex -6.355785e-03  6.791793e-03 -0.000000e+00
    endloop
  endfacet
  facet normal -0.000000e+00  0.000000e+00 -1.000000e+00
    outer loop
      vertex -6.838189e-03  6.666863e-03  0.000000e+00
      vertex -7.287239e-03  6.641814e-03  0.000000e+00
      vertex -6.843526e-03  6.766721e-03  0.000000e+00
    endloop
  endfacet
  facet normal  0.000000e+00  0.000000e+00 -1.000000e+00
    outer loop
      vertex -7.287239e-03  6.641814e-03  0.000000e+00
      vertex -7.293070e-03  6.741644e-03  0.000000e+00
      vertex -6.843526e-03  6.766721e-03  0.000000e+00
    endloop
  endfacet
  facet normal  0.000000e+00  0.000000e+00  1.000000e+00
    outer loop
      vertex -6.838189e-03  6.666863e-03 -0.000000e+00
      vertex -6.843526e-03  6.766721e-03 -0.000000e+00
      vertex -7.287239e-03  6.641814e-03 -0.000000e+00
    endloop
  endfacet
  facet normal  0.000000e+00 -0.000000e+00  1.000000e+00
    outer loop
      vertex -7.287239e-03  6.641814e-03 -0.000000e+00
      vertex -6.843526e-03  6.766721e-03 -0.000000e+00
      vertex -7.293070e-03  6.741644e-03 -0.000000e+00
    endloop
  endfacet
  facet normal  0.000000e+00  0.000000e+00  0.000000e+00
    outer loop
      vertex -6.838189e-03  6.666863e-03  0.000000e+00
      vertex -6.838189e-03  6.666863e-03 -0.000000e+00
      vertex -7.287239e-03  6.641814e-03 -0.000000e+00
    endloop
  endfacet
  facet normal  0.000000e+00  0.000000e+00  0.000000e+00
    outer loop
      vertex -6.838189e-03  6.666863e-03  0.000000e+00
      vertex -7.287239e-03  6.641814e-03 -0.000000e+00
      vertex -7.287239e-03  6.641814e-03  0.000000e+00
    endloop
  endfacet
  facet normal  0.000000e+00  0.000000e+00  0.000000e+00
    outer loop
      vertex -6.843526e-03  6.766721e-03  0.000000e+00
      vertex -7.293070e-03  6.741644e-03  0.000000e+00
      vertex -6.843526e-03  6.766721e-03 -0.000000e+00
    endloop
  endfacet
  facet normal  0.000000e+00  0.000000e+00  0.000000e+00
    outer loop
      vertex -7.293070e-03  6.741644e-03  0.000000e+00
      vertex -7.293070e-03  6.741644e-03 -0.000000e+00
      vertex -6.843526e-03  6.766721e-03 -0.000000e+00
    endloop
  endfacet
  facet normal -0.000000e+00  0.000000e+00 -1.000000e+00
    outer loop
      vertex -7.287239e-03  6.641814e-03  0.000000e+00
      vertex -7.694765e-03  6.616772e-03  0.000000e+00
      vertex -7.293070e-03  6.741644e-03  0.000000e+00
    endloop
  endfacet
  facet normal  0.000000e+00  0.000000e+00 -1.000000e+00
    outer loop
      vertex -7.694765e-03  6.616772e-03  0.000000e+00
      vertex -7.701242e-03  6.716562e-03  0.000000e+00
      vertex -7.293070e-03  6.741644e-03  0.000000e+00
    endloop
  endfacet
  facet normal  0.000000e+00  0.000000e+00  1.000000e+00
    outer loop
      vertex -7.287239e-03  6.641814e-03 -0.000000e+00
      vertex -7.293070e-03  6.741644e-03 -0.000000e+00
      vertex -7.694765e-03  6.616772e-03 -0.000000e+00
    endloop
  endfacet
  facet normal  0.000000e+00 -0.000000e+00  1.000000e+00
    outer loop
      vertex -7.694765e-03  6.616772e-03 -0.000000e+00
      vertex -7.293070e-03  6.741644e-03 -0.000000e+00
      vertex -7.701242e-03  6.716562e-03 -0.000000e+00
    endloop
  endfacet
  facet normal  0.000000e+00  0.000000e+00  0.000000e+00
    outer loop
      vertex -7.287239e-03  6.641814e-03  0.000000e+00
      vertex -7.287239e-03  6.641814e-03 -0.000000e+00
      vertex -7.694765e-03  6.616772e-03 -0.000000e+00
    endloop
  endfacet
  facet normal  0.000000e+00  0.000000e+00  0.000000e+00
    outer loop
      vertex -7.287239e-03  6.641814e-03  0.000000e+00
      vertex -7.694765e-03  6.616772e-03 -0.000000e+00
      vertex -7.694765e-03  6.616772e-03  0.000000e+00
    endloop
  endfacet
  facet normal  0.000000e+00  0.000000e+00  0.000000e+00
    outer loop
      vertex -7.293070e-03  6.741644e-03  0.000000e+00
      vertex -7.701242e-03  6.716562e-03  0.000000e+00
      vertex -7.293070e-03  6.741644e-03 -0.000000e+00
    endloop
  endfacet
  facet normal  0.000000e+00  0.000000e+00  0.000000e+00
    outer loop
      vertex -7.701242e-03  6.716562e-03  0.000000e+00
      vertex -7.701242e-03  6.716562e-03 -0.000000e+00
      vertex -7.293070e-03  6.741644e-03 -0.000000e+00
    endloop
  endfacet
  facet normal -0.000000e+00  0.000000e+00 -1.000000e+00
    outer loop
      vertex -7.694765e-03  6.616772e-03  0.000000e+00
      vertex -8.057766e-03  6.591739e-03  0.000000e+00
      vertex -7.701242e-03  6.716562e-03  0.000000e+00
    endloop
  endfacet
  facet normal  0.000000e+00  0.000000e+00 -1.000000e+00
    outer loop
      vertex -8.057766e-03  6.591739e-03  0.000000e+00
      vertex -8.065111e-03  6.691469e-03  0.000000e+00
      vertex -7.701242e-03  6.716562e-03  0.000000e+00
    endloop
  endfacet
  facet normal  0.000000e+00  0.000000e+00  1.000000e+00
    outer loop
      vertex -7.694765e-03  6.616772e-03 -0.000000e+00
      vertex -7.701242e-03  6.716562e-03 -0.000000e+00
      vertex -8.057766e-03  6.591739e-03 -0.000000e+00
    endloop
  endfacet
  facet normal  0.000000e+00 -0.000000e+00  1.000000e+00
    outer loop
      vertex -8.057766e-03  6.591739e-03 -0.000000e+00
      vertex -7.701242e-03  6.716562e-03 -0.000000e+00
      vertex -8.065111e-03  6.691469e-03 -0.000000e+00
    endloop
  endfacet
  facet normal  0.000000e+00  0.000000e+00  0.000000e+00
    outer loop
      vertex -7.694765e-03  6.616772e-03  0.000000e+00
      vertex -7.694765e-03  6.616772e-03 -0.000000e+00
      vertex -8.057766e-03  6.591739e-03 -0.000000e+00
    endloop
  endfacet
  facet normal  0.000000e+00  0.000000e+00  0.000000e+00
    outer loop
      vertex -7.694765e-03  6.616772e-03  0.000000e+00
      vertex -8.057766e-03  6.591739e-03 -0.000000e+00
      vertex -8.057766e-03  6.591739e-03  0.000000e+00
    endloop
  endfacet
  facet normal  0.000000e+00  0.000000e+00  0.000000e+00
    outer loop
      vertex -7.701242e-03  6.716562e-03  0.000000e+00
      vertex -8.065111e-03  6.691469e-03  0.000000e+00
      vertex -7.701242e-03  6.716562e-03 -0.000000e+00
    endloop
  endfacet
  facet normal  0.000000e+00  0.000000e+00  0.000000e+00
    outer loop
      vertex -8.065111e-03  6.691469e-03  0.000000e+00
      vertex -8.065111e-03  6.691469e-03 -0.000000e+00
      vertex -7.701242e-03  6.716562e-03 -0.000000e+00
    endloop
  endfacet
  facet normal -0.000000e+00  0.000000e+00 -1.000000e+00
    outer loop
      vertex -8.057766e-03  6.591739e-03  0.000000e+00
      vertex -8.373474e-03  6.566725e-03  0.000000e+00
      vertex -8.065111e-03  6.691469e-03  0.000000e+00
    endloop
  endfacet
  facet normal  0.000000e+00  0.000000e+00 -1.000000e+00
    outer loop
      vertex -8.373474e-03  6.566725e-03  0.000000e+00
      vertex -8.382028e-03  6.666358e-03  0.000000e+00
      vertex -8.065111e-03  6.691469e-03  0.000000e+00
    endloop
  endfacet
  facet normal  0.000000e+00  0.000000e+00  1.000000e+00
    outer loop
      vertex -8.057766e-03  6.591739e-03 -0.000000e+00
      vertex -8.065111e-03  6.691469e-03 -0.000000e+00
      vertex -8.373474e-03  6.566725e-03 -0.000000e+00
    endloop
  endfacet
  facet normal  0.000000e+00 -0.000000e+00  1.000000e+00
    outer loop
      vertex -8.373474e-03  6.566725e-03 -0.000000e+00
      vertex -8.065111e-03  6.691469e-03 -0.000000e+00
      vertex -8.382028e-03  6.666358e-03 -0.000000e+00
    endloop
  endfacet
  facet normal  0.000000e+00  0.000000e+00  0.000000e+00
    outer loop
      vertex -8.057766e-03  6.591739e-03  0.000000e+00
      vertex -8.057766e-03  6.591739e-03 -0.000000e+00
      vertex -8.373474e-03  6.566725e-03 -0.000000e+00
    endloop
  endfacet
  facet normal  0.000000e+00  0.000000e+00  0.000000e+00
    outer loop
      vertex -8.057766e-03  6.591739e-03  0.000000e+00
      vertex -8.373474e-03  6.566725e-03 -0.000000e+00
      vertex -8.373474e-03  6.566725e-03  0.000000e+00
    endloop
  endfacet
  facet normal  0.000000e+00  0.000000e+00  0.000000e+00
    outer loop
      vertex -8.065111e-03  6.691469e-03  0.000000e+00
      vertex -8.382028e-03  6.666358e-03  0.000000e+00
      vertex -8.065111e-03  6.691469e-03 -0.000000e+00
    endloop
  endfacet
  facet normal  0.000000e+00  0.000000e+00  0.000000e+00
    outer loop
      vertex -8.382028e-03  6.666358e-03  0.000000e+00
      vertex -8.382028e-03  6.666358e-03 -0.000000e+00
      vertex -8.065111e-03  6.691469e-03 -0.000000e+00
    endloop
  endfacet
  facet normal -0.000000e+00  0.000000e+00 -1.000000e+00
    outer loop
      vertex -8.373474e-03  6.566725e-03  0.000000e+00
      vertex -8.639338e-03  6.541746e-03  0.000000e+00
      vertex -8.382028e-03  6.666358e-03  0.000000e+00
    endloop
  endfacet
  facet normal  0.000000e+00  0.000000e+00 -1.000000e+00
    outer loop
      vertex -8.639338e-03  6.541746e-03  0.000000e+00
      vertex -8.649672e-03  6.641211e-03  0.000000e+00
      vertex -8.382028e-03  6.666358e-03  0.000000e+00
    endloop
  endfacet
  facet normal  0.000000e+00  0.000000e+00  1.000000e+00
    outer loop
      vertex -8.373474e-03  6.566725e-03 -0.000000e+00
      vertex -8.382028e-03  6.666358e-03 -0.000000e+00
      vertex -8.639338e-03  6.541746e-03 -0.000000e+00
    endloop
  endfacet
  facet normal  0.000000e+00 -0.000000e+00  1.000000e+00
    outer loop
      vertex -8.639338e-03  6.541746e-03 -0.000000e+00
      vertex -8.382028e-03  6.666358e-03 -0.000000e+00
      vertex -8.649672e-03  6.641211e-03 -0.000000e+00
    endloop
  endfacet
  facet normal  0.000000e+00  0.000000e+00  0.000000e+00
    outer loop
      vertex -8.373474e-03  6.566725e-03  0.000000e+00
      vertex -8.373474e-03  6.566725e-03 -0.000000e+00
      vertex -8.639338e-03  6.541746e-03 -0.000000e+00
    endloop
  endfacet
  facet normal  0.000000e+00  0.000000e+00  0.000000e+00
    outer loop
      vertex -8.373474e-03  6.566725e-03  0.000000e+00
      vertex -8.639338e-03  6.541746e-03 -0.000000e+00
      vertex -8.639338e-03  6.541746e-03  0.000000e+00
    endloop
  endfacet
  facet normal  0.000000e+00  0.000000e+00  0.000000e+00
    outer loop
      vertex -8.382028e-03  6.666358e-03  0.000000e+00
      vertex -8.649672e-03  6.641211e-03  0.000000e+00
      vertex -8.382028e-03  6.666358e-03 -0.000000e+00
    endloop
  endfacet
  facet normal  0.000000e+00  0.000000e+00  0.000000e+00
    outer loop
      vertex -8.649672e-03  6.641211e-03  0.000000e+00
      vertex -8.649672e-03  6.641211e-03 -0.000000e+00
      vertex -8.382028e-03  6.666358e-03 -0.000000e+00
    endloop
  endfacet
  facet normal -0.000000e+00  0.000000e+00 -1.000000e+00
    outer loop
      vertex -8.639338e-03  6.541746e-03  0.000000e+00
      vertex -8.852971e-03  6.516852e-03  0.000000e+00
      vertex -8.649672e-03  6.641211e-03  0.000000e+00
    endloop
  endfacet
  facet normal  0.000000e+00  0.000000e+00 -1.000000e+00
    outer loop
      vertex -8.852971e-03  6.516852e-03  0.000000e+00
      vertex -8.866146e-03  6.615980e-03  0.000000e+00
      vertex -8.649672e-03  6.641211e-03  0.000000e+00
    endloop
  endfacet
  facet normal  0.000000e+00  0.000000e+00  1.000000e+00
    outer loop
      vertex -8.639338e-03  6.541746e-03 -0.000000e+00
      vertex -8.649672e-03  6.641211e-03 -0.000000e+00
      vertex -8.852971e-03  6.516852e-03 -0.000000e+00
    endloop
  endfacet
  facet normal  0.000000e+00 -0.000000e+00  1.000000e+00
    outer loop
      vertex -8.852971e-03  6.516852e-03 -0.000000e+00
      vertex -8.649672e-03  6.641211e-03 -0.000000e+00
      vertex -8.866146e-03  6.615980e-03 -0.000000e+00
    endloop
  endfacet
  facet normal  0.000000e+00  0.000000e+00  0.000000e+00
    outer loop
      vertex -8.639338e-03  6.541746e-03  0.000000e+00
      vertex -8.639338e-03  6.541746e-03 -0.000000e+00
      vertex -8.852971e-03  6.516852e-03 -0.000000e+00
    endloop
  endfacet
  facet normal  0.000000e+00  0.000000e+00  0.000000e+00
    outer loop
      vertex -8.639338e-03  6.541746e-03  0.000000e+00
      vertex -8.852971e-03  6.516852e-03 -0.000000e+00
      vertex -8.852971e-03  6.516852e-03  0.000000e+00
    endloop
  endfacet
  facet normal  0.000000e+00  0.000000e+00  0.000000e+00
    outer loop
      vertex -8.649672e-03  6.641211e-03  0.000000e+00
      vertex -8.866146e-03  6.615980e-03  0.000000e+00
      vertex -8.649672e-03  6.641211e-03 -0.000000e+00
    endloop
  endfacet
  facet normal  0.000000e+00  0.000000e+00  0.000000e+00
    outer loop
      vertex -8.866146e-03  6.615980e-03  0.000000e+00
      vertex -8.866146e-03  6.615980e-03 -0.000000e+00
      vertex -8.649672e-03  6.641211e-03 -0.000000e+00
    endloop
  endfacet
  facet normal -0.000000e+00  0.000000e+00 -1.000000e+00
    outer loop
      vertex -8.852971e-03  6.516852e-03  0.000000e+00
      vertex -9.011898e-03  6.492203e-03  0.000000e+00
      vertex -8.866146e-03  6.615980e-03  0.000000e+00
    endloop
  endfacet
  facet normal  0.000000e+00  0.000000e+00 -1.000000e+00
    outer loop
      vertex -9.011898e-03  6.492203e-03  0.000000e+00
      vertex -9.030254e-03  6.590504e-03  0.000000e+00
      vertex -8.866146e-03  6.615980e-03  0.000000e+00
    endloop
  endfacet
  facet normal  0.000000e+00  0.000000e+00  1.000000e+00
    outer loop
      vertex -8.852971e-03  6.516852e-03 -0.000000e+00
      vertex -8.866146e-03  6.615980e-03 -0.000000e+00
      vertex -9.011898e-03  6.492203e-03 -0.000000e+00
    endloop
  endfacet
  facet normal  0.000000e+00 -0.000000e+00  1.000000e+00
    outer loop
      vertex -9.011898e-03  6.492203e-03 -0.000000e+00
      vertex -8.866146e-03  6.615980e-03 -0.000000e+00
      vertex -9.030254e-03  6.590504e-03 -0.000000e+00
    endloop
  endfacet
  facet normal  0.000000e+00  0.000000e+00  0.000000e+00
    outer loop
      vertex -8.852971e-03  6.516852e-03  0.000000e+00
      vertex -8.852971e-03  6.516852e-03 -0.000000e+00
      vertex -9.011898e-03  6.492203e-03 -0.000000e+00
    endloop
  endfacet
  facet normal  0.000000e+00  0.000000e+00  0.000000e+00
    outer loop
      vertex -8.852971e-03  6.516852e-03  0.000000e+00
      vertex -9.011898e-03  6.492203e-03 -0.000000e+00
      vertex -9.011898e-03  6.492203e-03  0.000000e+00
    endloop
  endfacet
  facet normal  0.000000e+00  0.000000e+00  0.000000e+00
    outer loop
      vertex -8.866146e-03  6.615980e-03  0.000000e+00
      vertex -9.030254e-03  6.590504e-03  0.000000e+00
      vertex -8.866146e-03  6.615980e-03 -0.000000e+00
    endloop
  endfacet
  facet normal  0.000000e+00  0.000000e+00  0.000000e+00
    outer loop
      vertex -9.030254e-03  6.590504e-03  0.000000e+00
      vertex -9.030254e-03  6.590504e-03 -0.000000e+00
      vertex -8.866146e-03  6.615980e-03 -0.000000e+00
    endloop
  endfacet
  facet normal -0.000000e+00  0.000000e+00 -1.000000e+00
    outer loop
      vertex -9.011898e-03  6.492203e-03  0.000000e+00
      vertex -9.112347e-03  6.468658e-03  0.000000e+00
      vertex -9.030254e-03  6.590504e-03  0.000000e+00
    endloop
  endfacet
  facet normal  0.000000e+00  0.000000e+00 -1.000000e+00
    outer loop
      vertex -9.112347e-03  6.468658e-03  0.000000e+00
      vertex -9.142751e-03  6.563924e-03  0.000000e+00
      vertex -9.030254e-03  6.590504e-03  0.000000e+00
    endloop
  endfacet
  facet normal  0.000000e+00  0.000000e+00  1.000000e+00
    outer loop
      vertex -9.011898e-03  6.492203e-03 -0.000000e+00
      vertex -9.030254e-03  6.590504e-03 -0.000000e+00
      vertex -9.112347e-03  6.468658e-03 -0.000000e+00
    endloop
  endfacet
  facet normal  0.000000e+00 -0.000000e+00  1.000000e+00
    outer loop
      vertex -9.112347e-03  6.468658e-03 -0.000000e+00
      vertex -9.030254e-03  6.590504e-03 -0.000000e+00
      vertex -9.142751e-03  6.563924e-03 -0.000000e+00
    endloop
  endfacet
  facet normal  0.000000e+00  0.000000e+00  0.000000e+00
    outer loop
      vertex -9.011898e-03  6.492203e-03  0.000000e+00
      vertex -9.011898e-03  6.492203e-03 -0.000000e+00
      vertex -9.112347e-03  6.468658e-03 -0.000000e+00
    endloop
  endfacet
  facet normal  0.000000e+00  0.000000e+00  0.000000e+00
    outer loop
      vertex -9.011898e-03  6.492203e-03  0.000000e+00
      vertex -9.112347e-03  6.468658e-03 -0.000000e+00
      vertex -9.112347e-03  6.468658e-03  0.000000e+00
    endloop
  endfacet
  facet normal  0.000000e+00  0.000000e+00  0.000000e+00
    outer loop
      vertex -9.030254e-03  6.590504e-03  0.000000e+00
      vertex -9.142751e-03  6.563924e-03  0.000000e+00
      vertex -9.030254e-03  6.590504e-03 -0.000000e+00
    endloop
  endfacet
  facet normal  0.000000e+00  0.000000e+00  0.000000e+00
    outer loop
      vertex -9.142751e-03  6.563924e-03  0.000000e+00
      vertex -9.142751e-03  6.563924e-03 -0.000000e+00
      vertex -9.030254e-03  6.590504e-03 -0.000000e+00
    endloop
  endfacet
  facet normal -0.000000e+00  0.000000e+00 -1.000000e+00
    outer loop
      vertex -9.112347e-03  6.468658e-03  0.000000e+00
      vertex -9.140102e-03  6.458383e-03  0.000000e+00
      vertex -9.142751e-03  6.563924e-03  0.000000e+00
    endloop
  endfacet
  facet normal  0.000000e+00  0.000000e+00 -1.000000e+00
    outer loop
      vertex -9.140102e-03  6.458383e-03  0.000000e+00
      vertex -9.215499e-03  6.524073e-03  0.000000e+00
      vertex -9.142751e-03  6.563924e-03  0.000000e+00
    endloop
  endfacet
  facet normal  0.000000e+00  0.000000e+00  1.000000e+00
    outer loop
      vertex -9.112347e-03  6.468658e-03 -0.000000e+00
      vertex -9.142751e-03  6.563924e-03 -0.000000e+00
      vertex -9.140102e-03  6.458383e-03 -0.000000e+00
    endloop
  endfacet
  facet normal  0.000000e+00  0.000000e+00  1.000000e+00
    outer loop
      vertex -9.140102e-03  6.458383e-03 -0.000000e+00
      vertex -9.142751e-03  6.563924e-03 -0.000000e+00
      vertex -9.215499e-03  6.524073e-03 -0.000000e+00
    endloop
  endfacet
  facet normal  0.000000e+00  0.000000e+00  0.000000e+00
    outer loop
      vertex -9.112347e-03  6.468658e-03  0.000000e+00
      vertex -9.112347e-03  6.468658e-03 -0.000000e+00
      vertex -9.140102e-03  6.458383e-03 -0.000000e+00
    endloop
  endfacet
  facet normal  0.000000e+00  0.000000e+00  0.000000e+00
    outer loop
      vertex -9.112347e-03  6.468658e-03  0.000000e+00
      vertex -9.140102e-03  6.458383e-03 -0.000000e+00
      vertex -9.140102e-03  6.458383e-03  0.000000e+00
    endloop
  endfacet
  facet normal  0.000000e+00  0.000000e+00  0.000000e+00
    outer loop
      vertex -9.142751e-03  6.563924e-03  0.000000e+00
      vertex -9.215499e-03  6.524073e-03  0.000000e+00
      vertex -9.142751e-03  6.563924e-03 -0.000000e+00
    endloop
  endfacet
  facet normal  0.000000e+00  0.000000e+00  0.000000e+00
    outer loop
      vertex -9.215499e-03  6.524073e-03  0.000000e+00
      vertex -9.215499e-03  6.524073e-03 -0.000000e+00
      vertex -9.142751e-03  6.563924e-03 -0.000000e+00
    endloop
  endfacet
  facet normal  0.000000e+00  0.000000e+00  1.000000e+00
    outer loop
      vertex -9.140102e-03  6.458383e-03  0.000000e+00
      vertex -9.142171e-03  6.507015e-03  0.000000e+00
      vertex -9.215499e-03  6.524073e-03  0.000000e+00
    endloop
  endfacet
  facet normal -0.000000e+00  0.000000e+00 -1.000000e+00
    outer loop
      vertex -9.142171e-03  6.507015e-03  0.000000e+00
      vertex -9.199835e-03  6.425315e-03  0.000000e+00
      vertex -9.215499e-03  6.524073e-03  0.000000e+00
    endloop
  endfacet
  facet normal  0.000000e+00  0.000000e+00 -1.000000e+00
    outer loop
      vertex -9.140102e-03  6.458383e-03 -0.000000e+00
      vertex -9.215499e-03  6.524073e-03 -0.000000e+00
      vertex -9.142171e-03  6.507015e-03 -0.000000e+00
    endloop
  endfacet
  facet normal  0.000000e+00  0.000000e+00  1.000000e+00
    outer loop
      vertex -9.142171e-03  6.507015e-03 -0.000000e+00
      vertex -9.215499e-03  6.524073e-03 -0.000000e+00
      vertex -9.199835e-03  6.425315e-03 -0.000000e+00
    endloop
  endfacet
  facet normal  0.000000e+00  0.000000e+00  0.000000e+00
    outer loop
      vertex -9.140102e-03  6.458383e-03  0.000000e+00
      vertex -9.140102e-03  6.458383e-03 -0.000000e+00
      vertex -9.142171e-03  6.507015e-03 -0.000000e+00
    endloop
  endfacet
  facet normal  0.000000e+00  0.000000e+00  0.000000e+00
    outer loop
      vertex -9.140102e-03  6.458383e-03  0.000000e+00
      vertex -9.142171e-03  6.507015e-03 -0.000000e+00
      vertex -9.142171e-03  6.507015e-03  0.000000e+00
    endloop
  endfacet
  facet normal  0.000000e+00  0.000000e+00  0.000000e+00
    outer loop
      vertex -9.215499e-03  6.524073e-03  0.000000e+00
      vertex -9.199835e-03  6.425315e-03  0.000000e+00
      vertex -9.215499e-03  6.524073e-03 -0.000000e+00
    endloop
  endfacet
  facet normal  0.000000e+00  0.000000e+00  0.000000e+00
    outer loop
      vertex -9.199835e-03  6.425315e-03  0.000000e+00
      vertex -9.199835e-03  6.425315e-03 -0.000000e+00
      vertex -9.215499e-03  6.524073e-03 -0.000000e+00
    endloop
  endfacet
  facet normal  0.000000e+00 -0.000000e+00 -1.000000e+00
    outer loop
      vertex -9.142171e-03  6.507015e-03  0.000000e+00
      vertex -9.093692e-03  6.489386e-03  0.000000e+00
      vertex -9.199835e-03  6.425315e-03  0.000000e+00
    endloop
  endfacet
  facet normal  0.000000e+00  0.000000e+00 -1.000000e+00
    outer loop
      vertex -9.093692e-03  6.489386e-03  0.000000e+00
      vertex -9.119674e-03  6.392820e-03  0.000000e+00
      vertex -9.199835e-03  6.425315e-03  0.000000e+00
    endloop
  endfacet
  facet normal  0.000000e+00  0.000000e+00  1.000000e+00
    outer loop
      vertex -9.142171e-03  6.507015e-03 -0.000000e+00
      vertex -9.199835e-03  6.425315e-03 -0.000000e+00
      vertex -9.093692e-03  6.489386e-03 -0.000000e+00
    endloop
  endfacet
  facet normal  0.000000e+00  0.000000e+00  1.000000e+00
    outer loop
      vertex -9.093692e-03  6.489386e-03 -0.000000e+00
      vertex -9.199835e-03  6.425315e-03 -0.000000e+00
      vertex -9.119674e-03  6.392820e-03 -0.000000e+00
    endloop
  endfacet
  facet normal  0.000000e+00  0.000000e+00  0.000000e+00
    outer loop
      vertex -9.142171e-03  6.507015e-03  0.000000e+00
      vertex -9.142171e-03  6.507015e-03 -0.000000e+00
      vertex -9.093692e-03  6.489386e-03 -0.000000e+00
    endloop
  endfacet
  facet normal  0.000000e+00  0.000000e+00  0.000000e+00
    outer loop
      vertex -9.142171e-03  6.507015e-03  0.000000e+00
      vertex -9.093692e-03  6.489386e-03 -0.000000e+00
      vertex -9.093692e-03  6.489386e-03  0.000000e+00
    endloop
  endfacet
  facet normal  0.000000e+00  0.000000e+00  0.000000e+00
    outer loop
      vertex -9.199835e-03  6.425315e-03  0.000000e+00
      vertex -9.119674e-03  6.392820e-03  0.000000e+00
      vertex -9.199835e-03  6.425315e-03 -0.000000e+00
    endloop
  endfacet
  facet normal  0.000000e+00  0.000000e+00  0.000000e+00
    outer loop
      vertex -9.119674e-03  6.392820e-03  0.000000e+00
      vertex -9.119674e-03  6.392820e-03 -0.000000e+00
      vertex -9.199835e-03  6.425315e-03 -0.000000e+00
    endloop
  endfacet
  facet normal  0.000000e+00 -0.000000e+00 -1.000000e+00
    outer loop
      vertex -9.093692e-03  6.489386e-03  0.000000e+00
      vertex -8.976525e-03  6.465363e-03  0.000000e+00
      vertex -9.119674e-03  6.392820e-03  0.000000e+00
    endloop
  endfacet
  facet normal  0.000000e+00  0.000000e+00 -1.000000e+00
    outer loop
      vertex -8.976525e-03  6.465363e-03  0.000000e+00
      vertex -8.992928e-03  6.366717e-03  0.000000e+00
      vertex -9.119674e-03  6.392820e-03  0.000000e+00
    endloop
  endfacet
  facet normal  0.000000e+00  0.000000e+00  1.000000e+00
    outer loop
      vertex -9.093692e-03  6.489386e-03 -0.000000e+00
      vertex -9.119674e-03  6.392820e-03 -0.000000e+00
      vertex -8.976525e-03  6.465363e-03 -0.000000e+00
    endloop
  endfacet
  facet normal  0.000000e+00  0.000000e+00  1.000000e+00
    outer loop
      vertex -8.976525e-03  6.465363e-03 -0.000000e+00
      vertex -9.119674e-03  6.392820e-03 -0.000000e+00
      vertex -8.992928e-03  6.366717e-03 -0.000000e+00
    endloop
  endfacet
  facet normal  0.000000e+00  0.000000e+00  0.000000e+00
    outer loop
      vertex -9.093692e-03  6.489386e-03  0.000000e+00
      vertex -9.093692e-03  6.489386e-03 -0.000000e+00
      vertex -8.976525e-03  6.465363e-03 -0.000000e+00
    endloop
  endfacet
  facet normal  0.000000e+00  0.000000e+00  0.000000e+00
    outer loop
      vertex -9.093692e-03  6.489386e-03  0.000000e+00
      vertex -8.976525e-03  6.465363e-03 -0.000000e+00
      vertex -8.976525e-03  6.465363e-03  0.000000e+00
    endloop
  endfacet
  facet normal  0.000000e+00  0.000000e+00  0.000000e+00
    outer loop
      vertex -9.119674e-03  6.392820e-03  0.000000e+00
      vertex -8.992928e-03  6.366717e-03  0.000000e+00
      vertex -9.119674e-03  6.392820e-03 -0.000000e+00
    endloop
  endfacet
  facet normal  0.000000e+00  0.000000e+00  0.000000e+00
    outer loop
      vertex -8.992928e-03  6.366717e-03  0.000000e+00
      vertex -8.992928e-03  6.366717e-03 -0.000000e+00
      vertex -9.119674e-03  6.392820e-03 -0.000000e+00
    endloop
  endfacet
  facet normal  0.000000e+00 -0.000000e+00 -1.000000e+00
    outer loop
      vertex -8.976525e-03  6.465363e-03  0.000000e+00
      vertex -8.799399e-03  6.440618e-03  0.000000e+00
      vertex -8.992928e-03  6.366717e-03  0.000000e+00
    endloop
  endfacet
  facet normal  0.000000e+00  0.000000e+00 -1.000000e+00
    outer loop
      vertex -8.799399e-03  6.440618e-03  0.000000e+00
      vertex -8.811370e-03  6.341337e-03  0.000000e+00
      vertex -8.992928e-03  6.366717e-03  0.000000e+00
    endloop
  endfacet
  facet normal  0.000000e+00  0.000000e+00  1.000000e+00
    outer loop
      vertex -8.976525e-03  6.465363e-03 -0.000000e+00
      vertex -8.992928e-03  6.366717e-03 -0.000000e+00
      vertex -8.799399e-03  6.440618e-03 -0.000000e+00
    endloop
  endfacet
  facet normal  0.000000e+00  0.000000e+00  1.000000e+00
    outer loop
      vertex -8.799399e-03  6.440618e-03 -0.000000e+00
      vertex -8.992928e-03  6.366717e-03 -0.000000e+00
      vertex -8.811370e-03  6.341337e-03 -0.000000e+00
    endloop
  endfacet
  facet normal  0.000000e+00  0.000000e+00  0.000000e+00
    outer loop
      vertex -8.976525e-03  6.465363e-03  0.000000e+00
      vertex -8.976525e-03  6.465363e-03 -0.000000e+00
      vertex -8.799399e-03  6.440618e-03 -0.000000e+00
    endloop
  endfacet
  facet normal  0.000000e+00  0.000000e+00  0.000000e+00
    outer loop
      vertex -8.976525e-03  6.465363e-03  0.000000e+00
      vertex -8.799399e-03  6.440618e-03 -0.000000e+00
      vertex -8.799399e-03  6.440618e-03  0.000000e+00
    endloop
  endfacet
  facet normal  0.000000e+00  0.000000e+00  0.000000e+00
    outer loop
      vertex -8.992928e-03  6.366717e-03  0.000000e+00
      vertex -8.811370e-03  6.341337e-03  0.000000e+00
      vertex -8.992928e-03  6.366717e-03 -0.000000e+00
    endloop
  endfacet
  facet normal  0.000000e+00  0.000000e+00  0.000000e+00
    outer loop
      vertex -8.811370e-03  6.341337e-03  0.000000e+00
      vertex -8.811370e-03  6.341337e-03 -0.000000e+00
      vertex -8.992928e-03  6.366717e-03 -0.000000e+00
    endloop
  endfacet
  facet normal  0.000000e+00 -0.000000e+00 -1.000000e+00
    outer loop
      vertex -8.799399e-03  6.440618e-03  0.000000e+00
      vertex -8.564554e-03  6.415691e-03  0.000000e+00
      vertex -8.811370e-03  6.341337e-03  0.000000e+00
    endloop
  endfacet
  facet normal  0.000000e+00  0.000000e+00 -1.000000e+00
    outer loop
      vertex -8.564554e-03  6.415691e-03  0.000000e+00
      vertex -8.573998e-03  6.316138e-03  0.000000e+00
      vertex -8.811370e-03  6.341337e-03  0.000000e+00
    endloop
  endfacet
  facet normal  0.000000e+00  0.000000e+00  1.000000e+00
    outer loop
      vertex -8.799399e-03  6.440618e-03 -0.000000e+00
      vertex -8.811370e-03  6.341337e-03 -0.000000e+00
      vertex -8.564554e-03  6.415691e-03 -0.000000e+00
    endloop
  endfacet
  facet normal  0.000000e+00  0.000000e+00  1.000000e+00
    outer loop
      vertex -8.564554e-03  6.415691e-03 -0.000000e+00
      vertex -8.811370e-03  6.341337e-03 -0.000000e+00
      vertex -8.573998e-03  6.316138e-03 -0.000000e+00
    endloop
  endfacet
  facet normal  0.000000e+00  0.000000e+00  0.000000e+00
    outer loop
      vertex -8.799399e-03  6.440618e-03  0.000000e+00
      vertex -8.799399e-03  6.440618e-03 -0.000000e+00
      vertex -8.564554e-03  6.415691e-03 -0.000000e+00
    endloop
  endfacet
  facet normal  0.000000e+00  0.000000e+00  0.000000e+00
    outer loop
      vertex -8.799399e-03  6.440618e-03  0.000000e+00
      vertex -8.564554e-03  6.415691e-03 -0.000000e+00
      vertex -8.564554e-03  6.415691e-03  0.000000e+00
    endloop
  endfacet
  facet normal  0.000000e+00  0.000000e+00  0.000000e+00
    outer loop
      vertex -8.811370e-03  6.341337e-03  0.000000e+00
      vertex -8.573998e-03  6.316138e-03  0.000000e+00
      vertex -8.811370e-03  6.341337e-03 -0.000000e+00
    endloop
  endfacet
  facet normal  0.000000e+00  0.000000e+00  0.000000e+00
    outer loop
      vertex -8.573998e-03  6.316138e-03  0.000000e+00
      vertex -8.573998e-03  6.316138e-03 -0.000000e+00
      vertex -8.811370e-03  6.341337e-03 -0.000000e+00
    endloop
  endfacet
  facet normal  0.000000e+00 -0.000000e+00 -1.000000e+00
    outer loop
      vertex -8.564554e-03  6.415691e-03  0.000000e+00
      vertex -8.273471e-03  6.390699e-03  0.000000e+00
      vertex -8.573998e-03  6.316138e-03  0.000000e+00
    endloop
  endfacet
  facet normal  0.000000e+00  0.000000e+00 -1.000000e+00
    outer loop
      vertex -8.273471e-03  6.390699e-03  0.000000e+00
      vertex -8.281295e-03  6.291005e-03  0.000000e+00
      vertex -8.573998e-03  6.316138e-03  0.000000e+00
    endloop
  endfacet
  facet normal  0.000000e+00  0.000000e+00  1.000000e+00
    outer loop
      vertex -8.564554e-03  6.415691e-03 -0.000000e+00
      vertex -8.573998e-03  6.316138e-03 -0.000000e+00
      vertex -8.273471e-03  6.390699e-03 -0.000000e+00
    endloop
  endfacet
  facet normal  0.000000e+00  0.000000e+00  1.000000e+00
    outer loop
      vertex -8.273471e-03  6.390699e-03 -0.000000e+00
      vertex -8.573998e-03  6.316138e-03 -0.000000e+00
      vertex -8.281295e-03  6.291005e-03 -0.000000e+00
    endloop
  endfacet
  facet normal  0.000000e+00  0.000000e+00  0.000000e+00
    outer loop
      vertex -8.564554e-03  6.415691e-03  0.000000e+00
      vertex -8.564554e-03  6.415691e-03 -0.000000e+00
      vertex -8.273471e-03  6.390699e-03 -0.000000e+00
    endloop
  endfacet
  facet normal  0.000000e+00  0.000000e+00  0.000000e+00
    outer loop
      vertex -8.564554e-03  6.415691e-03  0.000000e+00
      vertex -8.273471e-03  6.390699e-03 -0.000000e+00
      vertex -8.273471e-03  6.390699e-03  0.000000e+00
    endloop
  endfacet
  facet normal  0.000000e+00  0.000000e+00  0.000000e+00
    outer loop
      vertex -8.573998e-03  6.316138e-03  0.000000e+00
      vertex -8.281295e-03  6.291005e-03  0.000000e+00
      vertex -8.573998e-03  6.316138e-03 -0.000000e+00
    endloop
  endfacet
  facet normal  0.000000e+00  0.000000e+00  0.000000e+00
    outer loop
      vertex -8.281295e-03  6.291005e-03  0.000000e+00
      vertex -8.281295e-03  6.291005e-03 -0.000000e+00
      vertex -8.573998e-03  6.316138e-03 -0.000000e+00
    endloop
  endfacet
  facet normal  0.000000e+00 -0.000000e+00 -1.000000e+00
    outer loop
      vertex -8.273471e-03  6.390699e-03  0.000000e+00
      vertex -7.927699e-03  6.365677e-03  0.000000e+00
      vertex -8.281295e-03  6.291005e-03  0.000000e+00
    endloop
  endfacet
  facet normal  0.000000e+00  0.000000e+00 -1.000000e+00
    outer loop
      vertex -7.927699e-03  6.365677e-03  0.000000e+00
      vertex -7.934403e-03  6.265902e-03  0.000000e+00
      vertex -8.281295e-03  6.291005e-03  0.000000e+00
    endloop
  endfacet
  facet normal  0.000000e+00  0.000000e+00  1.000000e+00
    outer loop
      vertex -8.273471e-03  6.390699e-03 -0.000000e+00
      vertex -8.281295e-03  6.291005e-03 -0.000000e+00
      vertex -7.927699e-03  6.365677e-03 -0.000000e+00
    endloop
  endfacet
  facet normal  0.000000e+00  0.000000e+00  1.000000e+00
    outer loop
      vertex -7.927699e-03  6.365677e-03 -0.000000e+00
      vertex -8.281295e-03  6.291005e-03 -0.000000e+00
      vertex -7.934403e-03  6.265902e-03 -0.000000e+00
    endloop
  endfacet
  facet normal  0.000000e+00  0.000000e+00  0.000000e+00
    outer loop
      vertex -8.273471e-03  6.390699e-03  0.000000e+00
      vertex -8.273471e-03  6.390699e-03 -0.000000e+00
      vertex -7.927699e-03  6.365677e-03 -0.000000e+00
    endloop
  endfacet
  facet normal  0.000000e+00  0.000000e+00  0.000000e+00
    outer loop
      vertex -8.273471e-03  6.390699e-03  0.000000e+00
      vertex -7.927699e-03  6.365677e-03 -0.000000e+00
      vertex -7.927699e-03  6.365677e-03  0.000000e+00
    endloop
  endfacet
  facet normal  0.000000e+00  0.000000e+00  0.000000e+00
    outer loop
      vertex -8.281295e-03  6.291005e-03  0.000000e+00
      vertex -7.934403e-03  6.265902e-03  0.000000e+00
      vertex -8.281295e-03  6.291005e-03 -0.000000e+00
    endloop
  endfacet
  facet normal  0.000000e+00  0.000000e+00  0.000000e+00
    outer loop
      vertex -7.934403e-03  6.265902e-03  0.000000e+00
      vertex -7.934403e-03  6.265902e-03 -0.000000e+00
      vertex -8.281295e-03  6.291005e-03 -0.000000e+00
    endloop
  endfacet
  facet normal  0.000000e+00 -0.000000e+00 -1.000000e+00
    outer loop
      vertex -7.927699e-03  6.365677e-03  0.000000e+00
      vertex -7.529037e-03  6.340640e-03  0.000000e+00
      vertex -7.934403e-03  6.265902e-03  0.000000e+00
    endloop
  endfacet
  facet normal  0.000000e+00  0.000000e+00 -1.000000e+00
    outer loop
      vertex -7.529037e-03  6.340640e-03  0.000000e+00
      vertex -7.534927e-03  6.240814e-03  0.000000e+00
      vertex -7.934403e-03  6.265902e-03  0.000000e+00
    endloop
  endfacet
  facet normal  0.000000e+00  0.000000e+00  1.000000e+00
    outer loop
      vertex -7.927699e-03  6.365677e-03 -0.000000e+00
      vertex -7.934403e-03  6.265902e-03 -0.000000e+00
      vertex -7.529037e-03  6.340640e-03 -0.000000e+00
    endloop
  endfacet
  facet normal  0.000000e+00  0.000000e+00  1.000000e+00
    outer loop
      vertex -7.529037e-03  6.340640e-03 -0.000000e+00
      vertex -7.934403e-03  6.265902e-03 -0.000000e+00
      vertex -7.534927e-03  6.240814e-03 -0.000000e+00
    endloop
  endfacet
  facet normal  0.000000e+00  0.000000e+00  0.000000e+00
    outer loop
      vertex -7.927699e-03  6.365677e-03  0.000000e+00
      vertex -7.927699e-03  6.365677e-03 -0.000000e+00
      vertex -7.529037e-03  6.340640e-03 -0.000000e+00
    endloop
  endfacet
  facet normal  0.000000e+00  0.000000e+00  0.000000e+00
    outer loop
      vertex -7.927699e-03  6.365677e-03  0.000000e+00
      vertex -7.529037e-03  6.340640e-03 -0.000000e+00
      vertex -7.529037e-03  6.340640e-03  0.000000e+00
    endloop
  endfacet
  facet normal  0.000000e+00  0.000000e+00  0.000000e+00
    outer loop
      vertex -7.934403e-03  6.265902e-03  0.000000e+00
      vertex -7.534927e-03  6.240814e-03  0.000000e+00
      vertex -7.934403e-03  6.265902e-03 -0.000000e+00
    endloop
  endfacet
  facet normal  0.000000e+00  0.000000e+00  0.000000e+00
    outer loop
      vertex -7.534927e-03  6.240814e-03  0.000000e+00
      vertex -7.534927e-03  6.240814e-03 -0.000000e+00
      vertex -7.934403e-03  6.265902e-03 -0.000000e+00
    endloop
  endfacet
  facet normal  0.000000e+00 -0.000000e+00 -1.000000e+00
    outer loop
      vertex -7.529037e-03  6.340640e-03  0.000000e+00
      vertex -7.079589e-03  6.315595e-03  0.000000e+00
      vertex -7.534927e-03  6.240814e-03  0.000000e+00
    endloop
  endfacet
  facet normal  0.000000e+00  0.000000e+00 -1.000000e+00
    outer loop
      vertex -7.079589e-03  6.315595e-03  0.000000e+00
      vertex -7.084865e-03  6.215734e-03  0.000000e+00
      vertex -7.534927e-03  6.240814e-03  0.000000e+00
    endloop
  endfacet
  facet normal  0.000000e+00  0.000000e+00  1.000000e+00
    outer loop
      vertex -7.529037e-03  6.340640e-03 -0.000000e+00
      vertex -7.534927e-03  6.240814e-03 -0.000000e+00
      vertex -7.079589e-03  6.315595e-03 -0.000000e+00
    endloop
  endfacet
  facet normal  0.000000e+00  0.000000e+00  1.000000e+00
    outer loop
      vertex -7.079589e-03  6.315595e-03 -0.000000e+00
      vertex -7.534927e-03  6.240814e-03 -0.000000e+00
      vertex -7.084865e-03  6.215734e-03 -0.000000e+00
    endloop
  endfacet
  facet normal  0.000000e+00  0.000000e+00  0.000000e+00
    outer loop
      vertex -7.529037e-03  6.340640e-03  0.000000e+00
      vertex -7.529037e-03  6.340640e-03 -0.000000e+00
      vertex -7.079589e-03  6.315595e-03 -0.000000e+00
    endloop
  endfacet
  facet normal  0.000000e+00  0.000000e+00  0.000000e+00
    outer loop
      vertex -7.529037e-03  6.340640e-03  0.000000e+00
      vertex -7.079589e-03  6.315595e-03 -0.000000e+00
      vertex -7.079589e-03  6.315595e-03  0.000000e+00
    endloop
  endfacet
  facet normal  0.000000e+00  0.000000e+00  0.000000e+00
    outer loop
      vertex -7.534927e-03  6.240814e-03  0.000000e+00
      vertex -7.084865e-03  6.215734e-03  0.000000e+00
      vertex -7.534927e-03  6.240814e-03 -0.000000e+00
    endloop
  endfacet
  facet normal  0.000000e+00  0.000000e+00  0.000000e+00
    outer loop
      vertex -7.084865e-03  6.215734e-03  0.000000e+00
      vertex -7.084865e-03  6.215734e-03 -0.000000e+00
      vertex -7.534927e-03  6.240814e-03 -0.000000e+00
    endloop
  endfacet
  facet normal  0.000000e+00 -0.000000e+00 -1.000000e+00
    outer loop
      vertex -7.079589e-03  6.315595e-03  0.000000e+00
      vertex -6.581776e-03  6.290544e-03  0.000000e+00
      vertex -7.084865e-03  6.215734e-03  0.000000e+00
    endloop
  endfacet
  facet normal  0.000000e+00  0.000000e+00 -1.000000e+00
    outer loop
      vertex -6.581776e-03  6.290544e-03  0.000000e+00
      vertex -6.586578e-03  6.190659e-03  0.000000e+00
      vertex -7.084865e-03  6.215734e-03  0.000000e+00
    endloop
  endfacet
  facet normal  0.000000e+00  0.000000e+00  1.000000e+00
    outer loop
      vertex -7.079589e-03  6.315595e-03 -0.000000e+00
      vertex -7.084865e-03  6.215734e-03 -0.000000e+00
      vertex -6.581776e-03  6.290544e-03 -0.000000e+00
    endloop
  endfacet
  facet normal  0.000000e+00  0.000000e+00  1.000000e+00
    outer loop
      vertex -6.581776e-03  6.290544e-03 -0.000000e+00
      vertex -7.084865e-03  6.215734e-03 -0.000000e+00
      vertex -6.586578e-03  6.190659e-03 -0.000000e+00
    endloop
  endfacet
  facet normal  0.000000e+00  0.000000e+00  0.000000e+00
    outer loop
      vertex -7.079589e-03  6.315595e-03  0.000000e+00
      vertex -7.079589e-03  6.315595e-03 -0.000000e+00
      vertex -6.581776e-03  6.290544e-03 -0.000000e+00
    endloop
  endfacet
  facet normal  0.000000e+00  0.000000e+00  0.000000e+00
    outer loop
      vertex -7.079589e-03  6.315595e-03  0.000000e+00
      vertex -6.581776e-03  6.290544e-03 -0.000000e+00
      vertex -6.581776e-03  6.290544e-03  0.000000e+00
    endloop
  endfacet
  facet normal  0.000000e+00  0.000000e+00  0.000000e+00
    outer loop
      vertex -7.084865e-03  6.215734e-03  0.000000e+00
      vertex -6.586578e-03  6.190659e-03  0.000000e+00
      vertex -7.084865e-03  6.215734e-03 -0.000000e+00
    endloop
  endfacet
  facet normal  0.000000e+00  0.000000e+00  0.000000e+00
    outer loop
      vertex -6.586578e-03  6.190659e-03  0.000000e+00
      vertex -6.586578e-03  6.190659e-03 -0.000000e+00
      vertex -7.084865e-03  6.215734e-03 -0.000000e+00
    endloop
  endfacet
  facet normal  0.000000e+00 -0.000000e+00 -1.000000e+00
    outer loop
      vertex -6.581776e-03  6.290544e-03  0.000000e+00
      vertex -6.038334e-03  6.265490e-03  0.000000e+00
      vertex -6.586578e-03  6.190659e-03  0.000000e+00
    endloop
  endfacet
  facet normal  0.000000e+00  0.000000e+00 -1.000000e+00
    outer loop
      vertex -6.038334e-03  6.265490e-03  0.000000e+00
      vertex -6.042762e-03  6.165588e-03  0.000000e+00
      vertex -6.586578e-03  6.190659e-03  0.000000e+00
    endloop
  endfacet
  facet normal  0.000000e+00  0.000000e+00  1.000000e+00
    outer loop
      vertex -6.581776e-03  6.290544e-03 -0.000000e+00
      vertex -6.586578e-03  6.190659e-03 -0.000000e+00
      vertex -6.038334e-03  6.265490e-03 -0.000000e+00
    endloop
  endfacet
  facet normal  0.000000e+00  0.000000e+00  1.000000e+00
    outer loop
      vertex -6.038334e-03  6.265490e-03 -0.000000e+00
      vertex -6.586578e-03  6.190659e-03 -0.000000e+00
      vertex -6.042762e-03  6.165588e-03 -0.000000e+00
    endloop
  endfacet
  facet normal  0.000000e+00  0.000000e+00  0.000000e+00
    outer loop
      vertex -6.581776e-03  6.290544e-03  0.000000e+00
      vertex -6.581776e-03  6.290544e-03 -0.000000e+00
      vertex -6.038334e-03  6.265490e-03 -0.000000e+00
    endloop
  endfacet
  facet normal  0.000000e+00  0.000000e+00  0.000000e+00
    outer loop
      vertex -6.581776e-03  6.290544e-03  0.000000e+00
      vertex -6.038334e-03  6.265490e-03 -0.000000e+00
      vertex -6.038334e-03  6.265490e-03  0.000000e+00
    endloop
  endfacet
  facet normal  0.000000e+00  0.000000e+00  0.000000e+00
    outer loop
      vertex -6.586578e-03  6.190659e-03  0.000000e+00
      vertex -6.042762e-03  6.165588e-03  0.000000e+00
      vertex -6.586578e-03  6.190659e-03 -0.000000e+00
    endloop
  endfacet
  facet normal  0.000000e+00  0.000000e+00  0.000000e+00
    outer loop
      vertex -6.042762e-03  6.165588e-03  0.000000e+00
      vertex -6.042762e-03  6.165588e-03 -0.000000e+00
      vertex -6.586578e-03  6.190659e-03 -0.000000e+00
    endloop
  endfacet
  facet normal  0.000000e+00 -0.000000e+00 -1.000000e+00
    outer loop
      vertex -6.038334e-03  6.265490e-03  0.000000e+00
      vertex -5.452304e-03  6.240434e-03  0.000000e+00
      vertex -6.042762e-03  6.165588e-03  0.000000e+00
    endloop
  endfacet
  facet normal  0.000000e+00  0.000000e+00 -1.000000e+00
    outer loop
      vertex -5.452304e-03  6.240434e-03  0.000000e+00
      vertex -5.456434e-03  6.140519e-03  0.000000e+00
      vertex -6.042762e-03  6.165588e-03  0.000000e+00
    endloop
  endfacet
  facet normal  0.000000e+00  0.000000e+00  1.000000e+00
    outer loop
      vertex -6.038334e-03  6.265490e-03 -0.000000e+00
      vertex -6.042762e-03  6.165588e-03 -0.000000e+00
      vertex -5.452304e-03  6.240434e-03 -0.000000e+00
    endloop
  endfacet
  facet normal  0.000000e+00  0.000000e+00  1.000000e+00
    outer loop
      vertex -5.452304e-03  6.240434e-03 -0.000000e+00
      vertex -6.042762e-03  6.165588e-03 -0.000000e+00
      vertex -5.456434e-03  6.140519e-03 -0.000000e+00
    endloop
  endfacet
  facet normal  0.000000e+00  0.000000e+00  0.000000e+00
    outer loop
      vertex -6.038334e-03  6.265490e-03  0.000000e+00
      vertex -6.038334e-03  6.265490e-03 -0.000000e+00
      vertex -5.452304e-03  6.240434e-03 -0.000000e+00
    endloop
  endfacet
  facet normal  0.000000e+00  0.000000e+00  0.000000e+00
    outer loop
      vertex -6.038334e-03  6.265490e-03  0.000000e+00
      vertex -5.452304e-03  6.240434e-03 -0.000000e+00
      vertex -5.452304e-03  6.240434e-03  0.000000e+00
    endloop
  endfacet
  facet normal  0.000000e+00  0.000000e+00  0.000000e+00
    outer loop
      vertex -6.042762e-03  6.165588e-03  0.000000e+00
      vertex -5.456434e-03  6.140519e-03  0.000000e+00
      vertex -6.042762e-03  6.165588e-03 -0.000000e+00
    endloop
  endfacet
  facet normal  0.000000e+00  0.000000e+00  0.000000e+00
    outer loop
      vertex -5.456434e-03  6.140519e-03  0.000000e+00
      vertex -5.456434e-03  6.140519e-03 -0.000000e+00
      vertex -6.042762e-03  6.165588e-03 -0.000000e+00
    endloop
  endfacet
  facet normal  0.000000e+00 -0.000000e+00 -1.000000e+00
    outer loop
      vertex -5.452304e-03  6.240434e-03  0.000000e+00
      vertex -4.827019e-03  6.215376e-03  0.000000e+00
      vertex -5.456434e-03  6.140519e-03  0.000000e+00
    endloop
  endfacet
  facet normal  0.000000e+00  0.000000e+00 -1.000000e+00
    outer loop
      vertex -4.827019e-03  6.215376e-03  0.000000e+00
      vertex -4.830909e-03  6.115451e-03  0.000000e+00
      vertex -5.456434e-03  6.140519e-03  0.000000e+00
    endloop
  endfacet
  facet normal  0.000000e+00  0.000000e+00  1.000000e+00
    outer loop
      vertex -5.452304e-03  6.240434e-03 -0.000000e+00
      vertex -5.456434e-03  6.140519e-03 -0.000000e+00
      vertex -4.827019e-03  6.215376e-03 -0.000000e+00
    endloop
  endfacet
  facet normal  0.000000e+00  0.000000e+00  1.000000e+00
    outer loop
      vertex -4.827019e-03  6.215376e-03 -0.000000e+00
      vertex -5.456434e-03  6.140519e-03 -0.000000e+00
      vertex -4.830909e-03  6.115451e-03 -0.000000e+00
    endloop
  endfacet
  facet normal  0.000000e+00  0.000000e+00  0.000000e+00
    outer loop
      vertex -5.452304e-03  6.240434e-03  0.000000e+00
      vertex -5.452304e-03  6.240434e-03 -0.000000e+00
      vertex -4.827019e-03  6.215376e-03 -0.000000e+00
    endloop
  endfacet
  facet normal  0.000000e+00  0.000000e+00  0.000000e+00
    outer loop
      vertex -5.452304e-03  6.240434e-03  0.000000e+00
      vertex -4.827019e-03  6.215376e-03 -0.000000e+00
      vertex -4.827019e-03  6.215376e-03  0.000000e+00
    endloop
  endfacet
  facet normal  0.000000e+00  0.000000e+00  0.000000e+00
    outer loop
      vertex -5.456434e-03  6.140519e-03  0.000000e+00
      vertex -4.830909e-03  6.115451e-03  0.000000e+00
      vertex -5.456434e-03  6.140519e-03 -0.000000e+00
    endloop
  endfacet
  facet normal  0.000000e+00  0.000000e+00  0.000000e+00
    outer loop
      vertex -4.830909e-03  6.115451e-03  0.000000e+00
      vertex -4.830909e-03  6.115451e-03 -0.000000e+00
      vertex -5.456434e-03  6.140519e-03 -0.000000e+00
    endloop
  endfacet
  facet normal  0.000000e+00 -0.000000e+00 -1.000000e+00
    outer loop
      vertex -4.827019e-03  6.215376e-03  0.000000e+00
      vertex -4.166085e-03  6.190317e-03  0.000000e+00
      vertex -4.830909e-03  6.115451e-03  0.000000e+00
    endloop
  endfacet
  facet normal  0.000000e+00  0.000000e+00 -1.000000e+00
    outer loop
      vertex -4.166085e-03  6.190317e-03  0.000000e+00
      vertex -4.169782e-03  6.090385e-03  0.000000e+00
      vertex -4.830909e-03  6.115451e-03  0.000000e+00
    endloop
  endfacet
  facet normal  0.000000e+00  0.000000e+00  1.000000e+00
    outer loop
      vertex -4.827019e-03  6.215376e-03 -0.000000e+00
      vertex -4.830909e-03  6.115451e-03 -0.000000e+00
      vertex -4.166085e-03  6.190317e-03 -0.000000e+00
    endloop
  endfacet
  facet normal  0.000000e+00  0.000000e+00  1.000000e+00
    outer loop
      vertex -4.166085e-03  6.190317e-03 -0.000000e+00
      vertex -4.830909e-03  6.115451e-03 -0.000000e+00
      vertex -4.169782e-03  6.090385e-03 -0.000000e+00
    endloop
  endfacet
  facet normal  0.000000e+00  0.000000e+00  0.000000e+00
    outer loop
      vertex -4.827019e-03  6.215376e-03  0.000000e+00
      vertex -4.827019e-03  6.215376e-03 -0.000000e+00
      vertex -4.166085e-03  6.190317e-03 -0.000000e+00
    endloop
  endfacet
  facet normal  0.000000e+00  0.000000e+00  0.000000e+00
    outer loop
      vertex -4.827019e-03  6.215376e-03  0.000000e+00
      vertex -4.166085e-03  6.190317e-03 -0.000000e+00
      vertex -4.166085e-03  6.190317e-03  0.000000e+00
    endloop
  endfacet
  facet normal  0.000000e+00  0.000000e+00  0.000000e+00
    outer loop
      vertex -4.830909e-03  6.115451e-03  0.000000e+00
      vertex -4.169782e-03  6.090385e-03  0.000000e+00
      vertex -4.830909e-03  6.115451e-03 -0.000000e+00
    endloop
  endfacet
  facet normal  0.000000e+00  0.000000e+00  0.000000e+00
    outer loop
      vertex -4.169782e-03  6.090385e-03  0.000000e+00
      vertex -4.169782e-03  6.090385e-03 -0.000000e+00
      vertex -4.830909e-03  6.115451e-03 -0.000000e+00
    endloop
  endfacet
  facet normal  0.000000e+00 -0.000000e+00 -1.000000e+00
    outer loop
      vertex -4.166085e-03  6.190317e-03  0.000000e+00
      vertex -3.473365e-03  6.165257e-03  0.000000e+00
      vertex -4.169782e-03  6.090385e-03  0.000000e+00
    endloop
  endfacet
  facet normal  0.000000e+00  0.000000e+00 -1.000000e+00
    outer loop
      vertex -3.473365e-03  6.165257e-03  0.000000e+00
      vertex -3.476906e-03  6.065320e-03  0.000000e+00
      vertex -4.169782e-03  6.090385e-03  0.000000e+00
    endloop
  endfacet
  facet normal  0.000000e+00  0.000000e+00  1.000000e+00
    outer loop
      vertex -4.166085e-03  6.190317e-03 -0.000000e+00
      vertex -4.169782e-03  6.090385e-03 -0.000000e+00
      vertex -3.473365e-03  6.165257e-03 -0.000000e+00
    endloop
  endfacet
  facet normal  0.000000e+00  0.000000e+00  1.000000e+00
    outer loop
      vertex -3.473365e-03  6.165257e-03 -0.000000e+00
      vertex -4.169782e-03  6.090385e-03 -0.000000e+00
      vertex -3.476906e-03  6.065320e-03 -0.000000e+00
    endloop
  endfacet
  facet normal  0.000000e+00  0.000000e+00  0.000000e+00
    outer loop
      vertex -4.166085e-03  6.190317e-03  0.000000e+00
      vertex -4.166085e-03  6.190317e-03 -0.000000e+00
      vertex -3.473365e-03  6.165257e-03 -0.000000e+00
    endloop
  endfacet
  facet normal  0.000000e+00  0.000000e+00  0.000000e+00
    outer loop
      vertex -4.166085e-03  6.190317e-03  0.000000e+00
      vertex -3.473365e-03  6.165257e-03 -0.000000e+00
      vertex -3.473365e-03  6.165257e-03  0.000000e+00
    endloop
  endfacet
  facet normal  0.000000e+00  0.000000e+00  0.000000e+00
    outer loop
      vertex -4.169782e-03  6.090385e-03  0.000000e+00
      vertex -3.476906e-03  6.065320e-03  0.000000e+00
      vertex -4.169782e-03  6.090385e-03 -0.000000e+00
    endloop
  endfacet
  facet normal  0.000000e+00  0.000000e+00  0.000000e+00
    outer loop
      vertex -3.476906e-03  6.065320e-03  0.000000e+00
      vertex -3.476906e-03  6.065320e-03 -0.000000e+00
      vertex -4.169782e-03  6.090385e-03 -0.000000e+00
    endloop
  endfacet
  facet normal  0.000000e+00 -0.000000e+00 -1.000000e+00
    outer loop
      vertex -3.473365e-03  6.165257e-03  0.000000e+00
      vertex -2.752951e-03  6.140196e-03  0.000000e+00
      vertex -3.476906e-03  6.065320e-03  0.000000e+00
    endloop
  endfacet
  facet normal  0.000000e+00  0.000000e+00 -1.000000e+00
    outer loop
      vertex -2.752951e-03  6.140196e-03  0.000000e+00
      vertex -2.756368e-03  6.040255e-03  0.000000e+00
      vertex -3.476906e-03  6.065320e-03  0.000000e+00
    endloop
  endfacet
  facet normal  0.000000e+00  0.000000e+00  1.000000e+00
    outer loop
      vertex -3.473365e-03  6.165257e-03 -0.000000e+00
      vertex -3.476906e-03  6.065320e-03 -0.000000e+00
      vertex -2.752951e-03  6.140196e-03 -0.000000e+00
    endloop
  endfacet
  facet normal  0.000000e+00  0.000000e+00  1.000000e+00
    outer loop
      vertex -2.752951e-03  6.140196e-03 -0.000000e+00
      vertex -3.476906e-03  6.065320e-03 -0.000000e+00
      vertex -2.756368e-03  6.040255e-03 -0.000000e+00
    endloop
  endfacet
  facet normal  0.000000e+00  0.000000e+00  0.000000e+00
    outer loop
      vertex -3.473365e-03  6.165257e-03  0.000000e+00
      vertex -3.473365e-03  6.165257e-03 -0.000000e+00
      vertex -2.752951e-03  6.140196e-03 -0.000000e+00
    endloop
  endfacet
  facet normal  0.000000e+00  0.000000e+00  0.000000e+00
    outer loop
      vertex -3.473365e-03  6.165257e-03  0.000000e+00
      vertex -2.752951e-03  6.140196e-03 -0.000000e+00
      vertex -2.752951e-03  6.140196e-03  0.000000e+00
    endloop
  endfacet
  facet normal  0.000000e+00  0.000000e+00  0.000000e+00
    outer loop
      vertex -3.476906e-03  6.065320e-03  0.000000e+00
      vertex -2.756368e-03  6.040255e-03  0.000000e+00
      vertex -3.476906e-03  6.065320e-03 -0.000000e+00
    endloop
  endfacet
  facet normal  0.000000e+00  0.000000e+00  0.000000e+00
    outer loop
      vertex -2.756368e-03  6.040255e-03  0.000000e+00
      vertex -2.756368e-03  6.040255e-03 -0.000000e+00
      vertex -3.476906e-03  6.065320e-03 -0.000000e+00
    endloop
  endfacet
  facet normal  0.000000e+00 -0.000000e+00 -1.000000e+00
    outer loop
      vertex -2.752951e-03  6.140196e-03  0.000000e+00
      vertex -2.009145e-03  6.115135e-03  0.000000e+00
      vertex -2.756368e-03  6.040255e-03  0.000000e+00
    endloop
  endfacet
  facet normal  0.000000e+00  0.000000e+00 -1.000000e+00
    outer loop
      vertex -2.009145e-03  6.115135e-03  0.000000e+00
      vertex -2.012467e-03  6.015191e-03  0.000000e+00
      vertex -2.756368e-03  6.040255e-03  0.000000e+00
    endloop
  endfacet
  facet normal  0.000000e+00  0.000000e+00  1.000000e+00
    outer loop
      vertex -2.752951e-03  6.140196e-03 -0.000000e+00
      vertex -2.756368e-03  6.040255e-03 -0.000000e+00
      vertex -2.009145e-03  6.115135e-03 -0.000000e+00
    endloop
  endfacet
  facet normal  0.000000e+00  0.000000e+00  1.000000e+00
    outer loop
      vertex -2.009145e-03  6.115135e-03 -0.000000e+00
      vertex -2.756368e-03  6.040255e-03 -0.000000e+00
      vertex -2.012467e-03  6.015191e-03 -0.000000e+00
    endloop
  endfacet
  facet normal  0.000000e+00  0.000000e+00  0.000000e+00
    outer loop
      vertex -2.752951e-03  6.140196e-03  0.000000e+00
      vertex -2.752951e-03  6.140196e-03 -0.000000e+00
      vertex -2.009145e-03  6.115135e-03 -0.000000e+00
    endloop
  endfacet
  facet normal  0.000000e+00  0.000000e+00  0.000000e+00
    outer loop
      vertex -2.752951e-03  6.140196e-03  0.000000e+00
      vertex -2.009145e-03  6.115135e-03 -0.000000e+00
      vertex -2.009145e-03  6.115135e-03  0.000000e+00
    endloop
  endfacet
  facet normal  0.000000e+00  0.000000e+00  0.000000e+00
    outer loop
      vertex -2.756368e-03  6.040255e-03  0.000000e+00
      vertex -2.012467e-03  6.015191e-03  0.000000e+00
      vertex -2.756368e-03  6.040255e-03 -0.000000e+00
    endloop
  endfacet
  facet normal  0.000000e+00  0.000000e+00  0.000000e+00
    outer loop
      vertex -2.012467e-03  6.015191e-03  0.000000e+00
      vertex -2.012467e-03  6.015191e-03 -0.000000e+00
      vertex -2.756368e-03  6.040255e-03 -0.000000e+00
    endloop
  endfacet
  facet normal  0.000000e+00 -0.000000e+00 -1.000000e+00
    outer loop
      vertex -2.009145e-03  6.115135e-03  0.000000e+00
      vertex -1.246434e-03  6.090074e-03  0.000000e+00
      vertex -2.012467e-03  6.015191e-03  0.000000e+00
    endloop
  endfacet
  facet normal  0.000000e+00  0.000000e+00 -1.000000e+00
    outer loop
      vertex -1.246434e-03  6.090074e-03  0.000000e+00
      vertex -1.249685e-03  5.990127e-03  0.000000e+00
      vertex -2.012467e-03  6.015191e-03  0.000000e+00
    endloop
  endfacet
  facet normal  0.000000e+00  0.000000e+00  1.000000e+00
    outer loop
      vertex -2.009145e-03  6.115135e-03 -0.000000e+00
      vertex -2.012467e-03  6.015191e-03 -0.000000e+00
      vertex -1.246434e-03  6.090074e-03 -0.000000e+00
    endloop
  endfacet
  facet normal  0.000000e+00  0.000000e+00  1.000000e+00
    outer loop
      vertex -1.246434e-03  6.090074e-03 -0.000000e+00
      vertex -2.012467e-03  6.015191e-03 -0.000000e+00
      vertex -1.249685e-03  5.990127e-03 -0.000000e+00
    endloop
  endfacet
  facet normal  0.000000e+00  0.000000e+00  0.000000e+00
    outer loop
      vertex -2.009145e-03  6.115135e-03  0.000000e+00
      vertex -2.009145e-03  6.115135e-03 -0.000000e+00
      vertex -1.246434e-03  6.090074e-03 -0.000000e+00
    endloop
  endfacet
  facet normal  0.000000e+00  0.000000e+00  0.000000e+00
    outer loop
      vertex -2.009145e-03  6.115135e-03  0.000000e+00
      vertex -1.246434e-03  6.090074e-03 -0.000000e+00
      vertex -1.246434e-03  6.090074e-03  0.000000e+00
    endloop
  endfacet
  facet normal  0.000000e+00  0.000000e+00  0.000000e+00
    outer loop
      vertex -2.012467e-03  6.015191e-03  0.000000e+00
      vertex -1.249685e-03  5.990127e-03  0.000000e+00
      vertex -2.012467e-03  6.015191e-03 -0.000000e+00
    endloop
  endfacet
  facet normal  0.000000e+00  0.000000e+00  0.000000e+00
    outer loop
      vertex -1.249685e-03  5.990127e-03  0.000000e+00
      vertex -1.249685e-03  5.990127e-03 -0.000000e+00
      vertex -2.012467e-03  6.015191e-03 -0.000000e+00
    endloop
  endfacet
  facet normal  0.000000e+00 -0.000000e+00 -1.000000e+00
    outer loop
      vertex -1.246434e-03  6.090074e-03  0.000000e+00
      vertex -4.694601e-04  6.065012e-03  0.000000e+00
      vertex -1.249685e-03  5.990127e-03  0.000000e+00
    endloop
  endfacet
  facet normal  0.000000e+00  0.000000e+00 -1.000000e+00
    outer loop
      vertex -4.694601e-04  6.065012e-03  0.000000e+00
      vertex -4.726612e-04  5.965063e-03  0.000000e+00
      vertex -1.249685e-03  5.990127e-03  0.000000e+00
    endloop
  endfacet
  facet normal  0.000000e+00  0.000000e+00  1.000000e+00
    outer loop
      vertex -1.246434e-03  6.090074e-03 -0.000000e+00
      vertex -1.249685e-03  5.990127e-03 -0.000000e+00
      vertex -4.694601e-04  6.065012e-03 -0.000000e+00
    endloop
  endfacet
  facet normal  0.000000e+00  0.000000e+00  1.000000e+00
    outer loop
      vertex -4.694601e-04  6.065012e-03 -0.000000e+00
      vertex -1.249685e-03  5.990127e-03 -0.000000e+00
      vertex -4.726612e-04  5.965063e-03 -0.000000e+00
    endloop
  endfacet
  facet normal  0.000000e+00  0.000000e+00  0.000000e+00
    outer loop
      vertex -1.246434e-03  6.090074e-03  0.000000e+00
      vertex -1.246434e-03  6.090074e-03 -0.000000e+00
      vertex -4.694601e-04  6.065012e-03 -0.000000e+00
    endloop
  endfacet
  facet normal  0.000000e+00  0.000000e+00  0.000000e+00
    outer loop
      vertex -1.246434e-03  6.090074e-03  0.000000e+00
      vertex -4.694601e-04  6.065012e-03 -0.000000e+00
      vertex -4.694601e-04  6.065012e-03  0.000000e+00
    endloop
  endfacet
  facet normal  0.000000e+00  0.000000e+00  0.000000e+00
    outer loop
      vertex -1.249685e-03  5.990127e-03  0.000000e+00
      vertex -4.726612e-04  5.965063e-03  0.000000e+00
      vertex -1.249685e-03  5.990127e-03 -0.000000e+00
    endloop
  endfacet
  facet normal  0.000000e+00  0.000000e+00  0.000000e+00
    outer loop
      vertex -4.726612e-04  5.965063e-03  0.000000e+00
      vertex -4.726612e-04  5.965063e-03 -0.000000e+00
      vertex -1.249685e-03  5.990127e-03 -0.000000e+00
    endloop
  endfacet
  facet normal  0.000000e+00 -0.000000e+00 -1.000000e+00
    outer loop
      vertex -4.694601e-04  6.065012e-03  0.000000e+00
      vertex  3.170069e-04  6.039950e-03  0.000000e+00
      vertex -4.726612e-04  5.965063e-03  0.000000e+00
    endloop
  endfacet
  facet normal  0.000000e+00  0.000000e+00 -1.000000e+00
    outer loop
      vertex  3.170069e-04  6.039950e-03  0.000000e+00
      vertex  3.138345e-04  5.940000e-03  0.000000e+00
      vertex -4.726612e-04  5.965063e-03  0.000000e+00
    endloop
  endfacet
  facet normal  0.000000e+00  0.000000e+00  1.000000e+00
    outer loop
      vertex -4.694601e-04  6.065012e-03 -0.000000e+00
      vertex -4.726612e-04  5.965063e-03 -0.000000e+00
      vertex  3.170069e-04  6.039950e-03 -0.000000e+00
    endloop
  endfacet
  facet normal  0.000000e+00  0.000000e+00  1.000000e+00
    outer loop
      vertex  3.170069e-04  6.039950e-03 -0.000000e+00
      vertex -4.726612e-04  5.965063e-03 -0.000000e+00
      vertex  3.138345e-04  5.940000e-03 -0.000000e+00
    endloop
  endfacet
  facet normal  0.000000e+00  0.000000e+00  0.000000e+00
    outer loop
      vertex -4.694601e-04  6.065012e-03  0.000000e+00
      vertex -4.694601e-04  6.065012e-03 -0.000000e+00
      vertex  3.170069e-04  6.039950e-03 -0.000000e+00
    endloop
  endfacet
  facet normal  0.000000e+00  0.000000e+00  0.000000e+00
    outer loop
      vertex -4.694601e-04  6.065012e-03  0.000000e+00
      vertex  3.170069e-04  6.039950e-03 -0.000000e+00
      vertex  3.170069e-04  6.039950e-03  0.000000e+00
    endloop
  endfacet
  facet normal  0.000000e+00  0.000000e+00  0.000000e+00
    outer loop
      vertex -4.726612e-04  5.965063e-03  0.000000e+00
      vertex  3.138345e-04  5.940000e-03  0.000000e+00
      vertex -4.726612e-04  5.965063e-03 -0.000000e+00
    endloop
  endfacet
  facet normal  0.000000e+00  0.000000e+00  0.000000e+00
    outer loop
      vertex  3.138345e-04  5.940000e-03  0.000000e+00
      vertex  3.138345e-04  5.940000e-03 -0.000000e+00
      vertex -4.726612e-04  5.965063e-03 -0.000000e+00
    endloop
  endfacet
  facet normal  0.000000e+00 -0.000000e+00 -1.000000e+00
    outer loop
      vertex  3.170069e-04  6.039950e-03  0.000000e+00
      vertex  1.108097e-03  6.014887e-03  0.000000e+00
      vertex  3.138345e-04  5.940000e-03  0.000000e+00
    endloop
  endfacet
  facet normal  0.000000e+00  0.000000e+00 -1.000000e+00
    outer loop
      vertex  1.108097e-03  6.014887e-03  0.000000e+00
      vertex  1.104934e-03  5.914937e-03  0.000000e+00
      vertex  3.138345e-04  5.940000e-03  0.000000e+00
    endloop
  endfacet
  facet normal  0.000000e+00  0.000000e+00  1.000000e+00
    outer loop
      vertex  3.170069e-04  6.039950e-03 -0.000000e+00
      vertex  3.138345e-04  5.940000e-03 -0.000000e+00
      vertex  1.108097e-03  6.014887e-03 -0.000000e+00
    endloop
  endfacet
  facet normal  0.000000e+00  0.000000e+00  1.000000e+00
    outer loop
      vertex  1.108097e-03  6.014887e-03 -0.000000e+00
      vertex  3.138345e-04  5.940000e-03 -0.000000e+00
      vertex  1.104934e-03  5.914937e-03 -0.000000e+00
    endloop
  endfacet
  facet normal  0.000000e+00  0.000000e+00  0.000000e+00
    outer loop
      vertex  3.170069e-04  6.039950e-03  0.000000e+00
      vertex  3.170069e-04  6.039950e-03 -0.000000e+00
      vertex  1.108097e-03  6.014887e-03 -0.000000e+00
    endloop
  endfacet
  facet normal  0.000000e+00  0.000000e+00  0.000000e+00
    outer loop
      vertex  3.170069e-04  6.039950e-03  0.000000e+00
      vertex  1.108097e-03  6.014887e-03 -0.000000e+00
      vertex  1.108097e-03  6.014887e-03  0.000000e+00
    endloop
  endfacet
  facet normal  0.000000e+00  0.000000e+00  0.000000e+00
    outer loop
      vertex  3.138345e-04  5.940000e-03  0.000000e+00
      vertex  1.104934e-03  5.914937e-03  0.000000e+00
      vertex  3.138345e-04  5.940000e-03 -0.000000e+00
    endloop
  endfacet
  facet normal  0.000000e+00  0.000000e+00  0.000000e+00
    outer loop
      vertex  1.104934e-03  5.914937e-03  0.000000e+00
      vertex  1.104934e-03  5.914937e-03 -0.000000e+00
      vertex  3.138345e-04  5.940000e-03 -0.000000e+00
    endloop
  endfacet
  facet normal  0.000000e+00 -0.000000e+00 -1.000000e+00
    outer loop
      vertex  1.108097e-03  6.014887e-03  0.000000e+00
      vertex  1.898873e-03  5.989824e-03  0.000000e+00
      vertex  1.104934e-03  5.914937e-03  0.000000e+00
    endloop
  endfacet
  facet normal  0.000000e+00  0.000000e+00 -1.000000e+00
    outer loop
      vertex  1.898873e-03  5.989824e-03  0.000000e+00
      vertex  1.895698e-03  5.889875e-03  0.000000e+00
      vertex  1.104934e-03  5.914937e-03  0.000000e+00
    endloop
  endfacet
  facet normal  0.000000e+00  0.000000e+00  1.000000e+00
    outer loop
      vertex  1.108097e-03  6.014887e-03 -0.000000e+00
      vertex  1.104934e-03  5.914937e-03 -0.000000e+00
      vertex  1.898873e-03  5.989824e-03 -0.000000e+00
    endloop
  endfacet
  facet normal  0.000000e+00  0.000000e+00  1.000000e+00
    outer loop
      vertex  1.898873e-03  5.989824e-03 -0.000000e+00
      vertex  1.104934e-03  5.914937e-03 -0.000000e+00
      vertex  1.895698e-03  5.889875e-03 -0.000000e+00
    endloop
  endfacet
  facet normal  0.000000e+00  0.000000e+00  0.000000e+00
    outer loop
      vertex  1.108097e-03  6.014887e-03  0.000000e+00
      vertex  1.108097e-03  6.014887e-03 -0.000000e+00
      vertex  1.898873e-03  5.989824e-03 -0.000000e+00
    endloop
  endfacet
  facet normal  0.000000e+00  0.000000e+00  0.000000e+00
    outer loop
      vertex  1.108097e-03  6.014887e-03  0.000000e+00
      vertex  1.898873e-03  5.989824e-03 -0.000000e+00
      vertex  1.898873e-03  5.989824e-03  0.000000e+00
    endloop
  endfacet
  facet normal  0.000000e+00  0.000000e+00  0.000000e+00
    outer loop
      vertex  1.104934e-03  5.914937e-03  0.000000e+00
      vertex  1.895698e-03  5.889875e-03  0.000000e+00
      vertex  1.104934e-03  5.914937e-03 -0.000000e+00
    endloop
  endfacet
  facet normal  0.000000e+00  0.000000e+00  0.000000e+00
    outer loop
      vertex  1.895698e-03  5.889875e-03  0.000000e+00
      vertex  1.895698e-03  5.889875e-03 -0.000000e+00
      vertex  1.104934e-03  5.914937e-03 -0.000000e+00
    endloop
  endfacet
  facet normal  0.000000e+00 -0.000000e+00 -1.000000e+00
    outer loop
      vertex  1.898873e-03  5.989824e-03  0.000000e+00
      vertex  2.684356e-03  5.964761e-03  0.000000e+00
      vertex  1.895698e-03  5.889875e-03  0.000000e+00
    endloop
  endfacet
  facet normal  0.000000e+00  0.000000e+00 -1.000000e+00
    outer loop
      vertex  2.684356e-03  5.964761e-03  0.000000e+00
      vertex  2.681149e-03  5.864813e-03  0.000000e+00
      vertex  1.895698e-03  5.889875e-03  0.000000e+00
    endloop
  endfacet
  facet normal  0.000000e+00  0.000000e+00  1.000000e+00
    outer loop
      vertex  1.898873e-03  5.989824e-03 -0.000000e+00
      vertex  1.895698e-03  5.889875e-03 -0.000000e+00
      vertex  2.684356e-03  5.964761e-03 -0.000000e+00
    endloop
  endfacet
  facet normal  0.000000e+00  0.000000e+00  1.000000e+00
    outer loop
      vertex  2.684356e-03  5.964761e-03 -0.000000e+00
      vertex  1.895698e-03  5.889875e-03 -0.000000e+00
      vertex  2.681149e-03  5.864813e-03 -0.000000e+00
    endloop
  endfacet
  facet normal  0.000000e+00  0.000000e+00  0.000000e+00
    outer loop
      vertex  1.898873e-03  5.989824e-03  0.000000e+00
      vertex  1.898873e-03  5.989824e-03 -0.000000e+00
      vertex  2.684356e-03  5.964761e-03 -0.000000e+00
    endloop
  endfacet
  facet normal  0.000000e+00  0.000000e+00  0.000000e+00
    outer loop
      vertex  1.898873e-03  5.989824e-03  0.000000e+00
      vertex  2.684356e-03  5.964761e-03 -0.000000e+00
      vertex  2.684356e-03  5.964761e-03  0.000000e+00
    endloop
  endfacet
  facet normal  0.000000e+00  0.000000e+00  0.000000e+00
    outer loop
      vertex  1.895698e-03  5.889875e-03  0.000000e+00
      vertex  2.681149e-03  5.864813e-03  0.000000e+00
      vertex  1.895698e-03  5.889875e-03 -0.000000e+00
    endloop
  endfacet
  facet normal  0.000000e+00  0.000000e+00  0.000000e+00
    outer loop
      vertex  2.681149e-03  5.864813e-03  0.000000e+00
      vertex  2.681149e-03  5.864813e-03 -0.000000e+00
      vertex  1.895698e-03  5.889875e-03 -0.000000e+00
    endloop
  endfacet
  facet normal  0.000000e+00 -0.000000e+00 -1.000000e+00
    outer loop
      vertex  2.684356e-03  5.964761e-03  0.000000e+00
      vertex  3.459564e-03  5.939698e-03  0.000000e+00
      vertex  2.681149e-03  5.864813e-03  0.000000e+00
    endloop
  endfacet
  facet normal  0.000000e+00  0.000000e+00 -1.000000e+00
    outer loop
      vertex  3.459564e-03  5.939698e-03  0.000000e+00
      vertex  3.456304e-03  5.839751e-03  0.000000e+00
      vertex  2.681149e-03  5.864813e-03  0.000000e+00
    endloop
  endfacet
  facet normal  0.000000e+00  0.000000e+00  1.000000e+00
    outer loop
      vertex  2.684356e-03  5.964761e-03 -0.000000e+00
      vertex  2.681149e-03  5.864813e-03 -0.000000e+00
      vertex  3.459564e-03  5.939698e-03 -0.000000e+00
    endloop
  endfacet
  facet normal  0.000000e+00  0.000000e+00  1.000000e+00
    outer loop
      vertex  3.459564e-03  5.939698e-03 -0.000000e+00
      vertex  2.681149e-03  5.864813e-03 -0.000000e+00
      vertex  3.456304e-03  5.839751e-03 -0.000000e+00
    endloop
  endfacet
  facet normal  0.000000e+00  0.000000e+00  0.000000e+00
    outer loop
      vertex  2.684356e-03  5.964761e-03  0.000000e+00
      vertex  2.684356e-03  5.964761e-03 -0.000000e+00
      vertex  3.459564e-03  5.939698e-03 -0.000000e+00
    endloop
  endfacet
  facet normal  0.000000e+00  0.000000e+00  0.000000e+00
    outer loop
      vertex  2.684356e-03  5.964761e-03  0.000000e+00
      vertex  3.459564e-03  5.939698e-03 -0.000000e+00
      vertex  3.459564e-03  5.939698e-03  0.000000e+00
    endloop
  endfacet
  facet normal  0.000000e+00  0.000000e+00  0.000000e+00
    outer loop
      vertex  2.681149e-03  5.864813e-03  0.000000e+00
      vertex  3.456304e-03  5.839751e-03  0.000000e+00
      vertex  2.681149e-03  5.864813e-03 -0.000000e+00
    endloop
  endfacet
  facet normal  0.000000e+00  0.000000e+00  0.000000e+00
    outer loop
      vertex  3.456304e-03  5.839751e-03  0.000000e+00
      vertex  3.456304e-03  5.839751e-03 -0.000000e+00
      vertex  2.681149e-03  5.864813e-03 -0.000000e+00
    endloop
  endfacet
  facet normal  0.000000e+00 -0.000000e+00 -1.000000e+00
    outer loop
      vertex  3.459564e-03  5.939698e-03  0.000000e+00
      vertex  4.219539e-03  5.914634e-03  0.000000e+00
      vertex  3.456304e-03  5.839751e-03  0.000000e+00
    endloop
  endfacet
  facet normal  0.000000e+00  0.000000e+00 -1.000000e+00
    outer loop
      vertex  4.219539e-03  5.914634e-03  0.000000e+00
      vertex  4.216202e-03  5.814689e-03  0.000000e+00
      vertex  3.456304e-03  5.839751e-03  0.000000e+00
    endloop
  endfacet
  facet normal  0.000000e+00  0.000000e+00  1.000000e+00
    outer loop
      vertex  3.459564e-03  5.939698e-03 -0.000000e+00
      vertex  3.456304e-03  5.839751e-03 -0.000000e+00
      vertex  4.219539e-03  5.914634e-03 -0.000000e+00
    endloop
  endfacet
  facet normal  0.000000e+00  0.000000e+00  1.000000e+00
    outer loop
      vertex  4.219539e-03  5.914634e-03 -0.000000e+00
      vertex  3.456304e-03  5.839751e-03 -0.000000e+00
      vertex  4.216202e-03  5.814689e-03 -0.000000e+00
    endloop
  endfacet
  facet normal  0.000000e+00  0.000000e+00  0.000000e+00
    outer loop
      vertex  3.459564e-03  5.939698e-03  0.000000e+00
      vertex  3.459564e-03  5.939698e-03 -0.000000e+00
      vertex  4.219539e-03  5.914634e-03 -0.000000e+00
    endloop
  endfacet
  facet normal  0.000000e+00  0.000000e+00  0.000000e+00
    outer loop
      vertex  3.459564e-03  5.939698e-03  0.000000e+00
      vertex  4.219539e-03  5.914634e-03 -0.000000e+00
      vertex  4.219539e-03  5.914634e-03  0.000000e+00
    endloop
  endfacet
  facet normal  0.000000e+00  0.000000e+00  0.000000e+00
    outer loop
      vertex  3.456304e-03  5.839751e-03  0.000000e+00
      vertex  4.216202e-03  5.814689e-03  0.000000e+00
      vertex  3.456304e-03  5.839751e-03 -0.000000e+00
    endloop
  endfacet
  facet normal  0.000000e+00  0.000000e+00  0.000000e+00
    outer loop
      vertex  4.216202e-03  5.814689e-03  0.000000e+00
      vertex  4.216202e-03  5.814689e-03 -0.000000e+00
      vertex  3.456304e-03  5.839751e-03 -0.000000e+00
    endloop
  endfacet
  facet normal  0.000000e+00 -0.000000e+00 -1.000000e+00
    outer loop
      vertex  4.219539e-03  5.914634e-03  0.000000e+00
      vertex  4.959377e-03  5.889569e-03  0.000000e+00
      vertex  4.216202e-03  5.814689e-03  0.000000e+00
    endloop
  endfacet
  facet normal  0.000000e+00  0.000000e+00 -1.000000e+00
    outer loop
      vertex  4.959377e-03  5.889569e-03  0.000000e+00
      vertex  4.955937e-03  5.789629e-03  0.000000e+00
      vertex  4.216202e-03  5.814689e-03  0.000000e+00
    endloop
  endfacet
  facet normal  0.000000e+00  0.000000e+00  1.000000e+00
    outer loop
      vertex  4.219539e-03  5.914634e-03 -0.000000e+00
      vertex  4.216202e-03  5.814689e-03 -0.000000e+00
      vertex  4.959377e-03  5.889569e-03 -0.000000e+00
    endloop
  endfacet
  facet normal  0.000000e+00  0.000000e+00  1.000000e+00
    outer loop
      vertex  4.959377e-03  5.889569e-03 -0.000000e+00
      vertex  4.216202e-03  5.814689e-03 -0.000000e+00
      vertex  4.955937e-03  5.789629e-03 -0.000000e+00
    endloop
  endfacet
  facet normal  0.000000e+00  0.000000e+00  0.000000e+00
    outer loop
      vertex  4.219539e-03  5.914634e-03  0.000000e+00
      vertex  4.219539e-03  5.914634e-03 -0.000000e+00
      vertex  4.959377e-03  5.889569e-03 -0.000000e+00
    endloop
  endfacet
  facet normal  0.000000e+00  0.000000e+00  0.000000e+00
    outer loop
      vertex  4.219539e-03  5.914634e-03  0.000000e+00
      vertex  4.959377e-03  5.889569e-03 -0.000000e+00
      vertex  4.959377e-03  5.889569e-03  0.000000e+00
    endloop
  endfacet
  facet normal  0.000000e+00  0.000000e+00  0.000000e+00
    outer loop
      vertex  4.216202e-03  5.814689e-03  0.000000e+00
      vertex  4.955937e-03  5.789629e-03  0.000000e+00
      vertex  4.216202e-03  5.814689e-03 -0.000000e+00
    endloop
  endfacet
  facet normal  0.000000e+00  0.000000e+00  0.000000e+00
    outer loop
      vertex  4.955937e-03  5.789629e-03  0.000000e+00
      vertex  4.955937e-03  5.789629e-03 -0.000000e+00
      vertex  4.216202e-03  5.814689e-03 -0.000000e+00
    endloop
  endfacet
  facet normal  0.000000e+00 -0.000000e+00 -1.000000e+00
    outer loop
      vertex  4.959377e-03  5.889569e-03  0.000000e+00
      vertex  5.674267e-03  5.864504e-03  0.000000e+00
      vertex  4.955937e-03  5.789629e-03  0.000000e+00
    endloop
  endfacet
  facet normal  0.000000e+00  0.000000e+00 -1.000000e+00
    outer loop
      vertex  5.674267e-03  5.864504e-03  0.000000e+00
      vertex  5.670692e-03  5.764568e-03  0.000000e+00
      vertex  4.955937e-03  5.789629e-03  0.000000e+00
    endloop
  endfacet
  facet normal  0.000000e+00  0.000000e+00  1.000000e+00
    outer loop
      vertex  4.959377e-03  5.889569e-03 -0.000000e+00
      vertex  4.955937e-03  5.789629e-03 -0.000000e+00
      vertex  5.674267e-03  5.864504e-03 -0.000000e+00
    endloop
  endfacet
  facet normal  0.000000e+00  0.000000e+00  1.000000e+00
    outer loop
      vertex  5.674267e-03  5.864504e-03 -0.000000e+00
      vertex  4.955937e-03  5.789629e-03 -0.000000e+00
      vertex  5.670692e-03  5.764568e-03 -0.000000e+00
    endloop
  endfacet
  facet normal  0.000000e+00  0.000000e+00  0.000000e+00
    outer loop
      vertex  4.959377e-03  5.889569e-03  0.000000e+00
      vertex  4.959377e-03  5.889569e-03 -0.000000e+00
      vertex  5.674267e-03  5.864504e-03 -0.000000e+00
    endloop
  endfacet
  facet normal  0.000000e+00  0.000000e+00  0.000000e+00
    outer loop
      vertex  4.959377e-03  5.889569e-03  0.000000e+00
      vertex  5.674267e-03  5.864504e-03 -0.000000e+00
      vertex  5.674267e-03  5.864504e-03  0.000000e+00
    endloop
  endfacet
  facet normal  0.000000e+00  0.000000e+00  0.000000e+00
    outer loop
      vertex  4.955937e-03  5.789629e-03  0.000000e+00
      vertex  5.670692e-03  5.764568e-03  0.000000e+00
      vertex  4.955937e-03  5.789629e-03 -0.000000e+00
    endloop
  endfacet
  facet normal  0.000000e+00  0.000000e+00  0.000000e+00
    outer loop
      vertex  5.670692e-03  5.764568e-03  0.000000e+00
      vertex  5.670692e-03  5.764568e-03 -0.000000e+00
      vertex  4.955937e-03  5.789629e-03 -0.000000e+00
    endloop
  endfacet
  facet normal  0.000000e+00 -0.000000e+00 -1.000000e+00
    outer loop
      vertex  5.674267e-03  5.864504e-03  0.000000e+00
      vertex  6.359513e-03  5.839439e-03  0.000000e+00
      vertex  5.670692e-03  5.764568e-03  0.000000e+00
    endloop
  endfacet
  facet normal  0.000000e+00  0.000000e+00 -1.000000e+00
    outer loop
      vertex  6.359513e-03  5.839439e-03  0.000000e+00
      vertex  6.355768e-03  5.739509e-03  0.000000e+00
      vertex  5.670692e-03  5.764568e-03  0.000000e+00
    endloop
  endfacet
  facet normal  0.000000e+00  0.000000e+00  1.000000e+00
    outer loop
      vertex  5.674267e-03  5.864504e-03 -0.000000e+00
      vertex  5.670692e-03  5.764568e-03 -0.000000e+00
      vertex  6.359513e-03  5.839439e-03 -0.000000e+00
    endloop
  endfacet
  facet normal  0.000000e+00  0.000000e+00  1.000000e+00
    outer loop
      vertex  6.359513e-03  5.839439e-03 -0.000000e+00
      vertex  5.670692e-03  5.764568e-03 -0.000000e+00
      vertex  6.355768e-03  5.739509e-03 -0.000000e+00
    endloop
  endfacet
  facet normal  0.000000e+00  0.000000e+00  0.000000e+00
    outer loop
      vertex  5.674267e-03  5.864504e-03  0.000000e+00
      vertex  5.674267e-03  5.864504e-03 -0.000000e+00
      vertex  6.359513e-03  5.839439e-03 -0.000000e+00
    endloop
  endfacet
  facet normal  0.000000e+00  0.000000e+00  0.000000e+00
    outer loop
      vertex  5.674267e-03  5.864504e-03  0.000000e+00
      vertex  6.359513e-03  5.839439e-03 -0.000000e+00
      vertex  6.359513e-03  5.839439e-03  0.000000e+00
    endloop
  endfacet
  facet normal  0.000000e+00  0.000000e+00  0.000000e+00
    outer loop
      vertex  5.670692e-03  5.764568e-03  0.000000e+00
      vertex  6.355768e-03  5.739509e-03  0.000000e+00
      vertex  5.670692e-03  5.764568e-03 -0.000000e+00
    endloop
  endfacet
  facet normal  0.000000e+00  0.000000e+00  0.000000e+00
    outer loop
      vertex  6.355768e-03  5.739509e-03  0.000000e+00
      vertex  6.355768e-03  5.739509e-03 -0.000000e+00
      vertex  5.670692e-03  5.764568e-03 -0.000000e+00
    endloop
  endfacet
  facet normal  0.000000e+00 -0.000000e+00 -1.000000e+00
    outer loop
      vertex  6.359513e-03  5.839439e-03  0.000000e+00
      vertex  7.010573e-03  5.814372e-03  0.000000e+00
      vertex  6.355768e-03  5.739509e-03  0.000000e+00
    endloop
  endfacet
  facet normal  0.000000e+00  0.000000e+00 -1.000000e+00
    outer loop
      vertex  7.010573e-03  5.814372e-03  0.000000e+00
      vertex  7.006613e-03  5.714450e-03  0.000000e+00
      vertex  6.355768e-03  5.739509e-03  0.000000e+00
    endloop
  endfacet
  facet normal  0.000000e+00  0.000000e+00  1.000000e+00
    outer loop
      vertex  6.359513e-03  5.839439e-03 -0.000000e+00
      vertex  6.355768e-03  5.739509e-03 -0.000000e+00
      vertex  7.010573e-03  5.814372e-03 -0.000000e+00
    endloop
  endfacet
  facet normal  0.000000e+00  0.000000e+00  1.000000e+00
    outer loop
      vertex  7.010573e-03  5.814372e-03 -0.000000e+00
      vertex  6.355768e-03  5.739509e-03 -0.000000e+00
      vertex  7.006613e-03  5.714450e-03 -0.000000e+00
    endloop
  endfacet
  facet normal  0.000000e+00  0.000000e+00  0.000000e+00
    outer loop
      vertex  6.359513e-03  5.839439e-03  0.000000e+00
      vertex  6.359513e-03  5.839439e-03 -0.000000e+00
      vertex  7.010573e-03  5.814372e-03 -0.000000e+00
    endloop
  endfacet
  facet normal  0.000000e+00  0.000000e+00  0.000000e+00
    outer loop
      vertex  6.359513e-03  5.839439e-03  0.000000e+00
      vertex  7.010573e-03  5.814372e-03 -0.000000e+00
      vertex  7.010573e-03  5.814372e-03  0.000000e+00
    endloop
  endfacet
  facet normal  0.000000e+00  0.000000e+00  0.000000e+00
    outer loop
      vertex  6.355768e-03  5.739509e-03  0.000000e+00
      vertex  7.006613e-03  5.714450e-03  0.000000e+00
      vertex  6.355768e-03  5.739509e-03 -0.000000e+00
    endloop
  endfacet
  facet normal  0.000000e+00  0.000000e+00  0.000000e+00
    outer loop
      vertex  7.006613e-03  5.714450e-03  0.000000e+00
      vertex  7.006613e-03  5.714450e-03 -0.000000e+00
      vertex  6.355768e-03  5.739509e-03 -0.000000e+00
    endloop
  endfacet
  facet normal  0.000000e+00 -0.000000e+00 -1.000000e+00
    outer loop
      vertex  7.010573e-03  5.814372e-03  0.000000e+00
      vertex  7.623087e-03  5.789304e-03  0.000000e+00
      vertex  7.006613e-03  5.714450e-03  0.000000e+00
    endloop
  endfacet
  facet normal  0.000000e+00  0.000000e+00 -1.000000e+00
    outer loop
      vertex  7.623087e-03  5.789304e-03  0.000000e+00
      vertex  7.618855e-03  5.689393e-03  0.000000e+00
      vertex  7.006613e-03  5.714450e-03  0.000000e+00
    endloop
  endfacet
  facet normal  0.000000e+00  0.000000e+00  1.000000e+00
    outer loop
      vertex  7.010573e-03  5.814372e-03 -0.000000e+00
      vertex  7.006613e-03  5.714450e-03 -0.000000e+00
      vertex  7.623087e-03  5.789304e-03 -0.000000e+00
    endloop
  endfacet
  facet normal  0.000000e+00  0.000000e+00  1.000000e+00
    outer loop
      vertex  7.623087e-03  5.789304e-03 -0.000000e+00
      vertex  7.006613e-03  5.714450e-03 -0.000000e+00
      vertex  7.618855e-03  5.689393e-03 -0.000000e+00
    endloop
  endfacet
  facet normal  0.000000e+00  0.000000e+00  0.000000e+00
    outer loop
      vertex  7.010573e-03  5.814372e-03  0.000000e+00
      vertex  7.010573e-03  5.814372e-03 -0.000000e+00
      vertex  7.623087e-03  5.789304e-03 -0.000000e+00
    endloop
  endfacet
  facet normal  0.000000e+00  0.000000e+00  0.000000e+00
    outer loop
      vertex  7.010573e-03  5.814372e-03  0.000000e+00
      vertex  7.623087e-03  5.789304e-03 -0.000000e+00
      vertex  7.623087e-03  5.789304e-03  0.000000e+00
    endloop
  endfacet
  facet normal  0.000000e+00  0.000000e+00  0.000000e+00
    outer loop
      vertex  7.006613e-03  5.714450e-03  0.000000e+00
      vertex  7.618855e-03  5.689393e-03  0.000000e+00
      vertex  7.006613e-03  5.714450e-03 -0.000000e+00
    endloop
  endfacet
  facet normal  0.000000e+00  0.000000e+00  0.000000e+00
    outer loop
      vertex  7.618855e-03  5.689393e-03  0.000000e+00
      vertex  7.618855e-03  5.689393e-03 -0.000000e+00
      vertex  7.006613e-03  5.714450e-03 -0.000000e+00
    endloop
  endfacet
  facet normal  0.000000e+00 -0.000000e+00 -1.000000e+00
    outer loop
      vertex  7.623087e-03  5.789304e-03  0.000000e+00
      vertex  8.192904e-03  5.764233e-03  0.000000e+00
      vertex  7.618855e-03  5.689393e-03  0.000000e+00
    endloop
  endfacet
  facet normal  0.000000e+00  0.000000e+00 -1.000000e+00
    outer loop
      vertex  8.192904e-03  5.764233e-03  0.000000e+00
      vertex  8.188327e-03  5.664338e-03  0.000000e+00
      vertex  7.618855e-03  5.689393e-03  0.000000e+00
    endloop
  endfacet
  facet normal  0.000000e+00  0.000000e+00  1.000000e+00
    outer loop
      vertex  7.623087e-03  5.789304e-03 -0.000000e+00
      vertex  7.618855e-03  5.689393e-03 -0.000000e+00
      vertex  8.192904e-03  5.764233e-03 -0.000000e+00
    endloop
  endfacet
  facet normal  0.000000e+00  0.000000e+00  1.000000e+00
    outer loop
      vertex  8.192904e-03  5.764233e-03 -0.000000e+00
      vertex  7.618855e-03  5.689393e-03 -0.000000e+00
      vertex  8.188327e-03  5.664338e-03 -0.000000e+00
    endloop
  endfacet
  facet normal  0.000000e+00  0.000000e+00  0.000000e+00
    outer loop
      vertex  7.623087e-03  5.789304e-03  0.000000e+00
      vertex  7.623087e-03  5.789304e-03 -0.000000e+00
      vertex  8.192904e-03  5.764233e-03 -0.000000e+00
    endloop
  endfacet
  facet normal  0.000000e+00  0.000000e+00  0.000000e+00
    outer loop
      vertex  7.623087e-03  5.789304e-03  0.000000e+00
      vertex  8.192904e-03  5.764233e-03 -0.000000e+00
      vertex  8.192904e-03  5.764233e-03  0.000000e+00
    endloop
  endfacet
  facet normal  0.000000e+00  0.000000e+00  0.000000e+00
    outer loop
      vertex  7.618855e-03  5.689393e-03  0.000000e+00
      vertex  8.188327e-03  5.664338e-03  0.000000e+00
      vertex  7.618855e-03  5.689393e-03 -0.000000e+00
    endloop
  endfacet
  facet normal  0.000000e+00  0.000000e+00  0.000000e+00
    outer loop
      vertex  8.188327e-03  5.664338e-03  0.000000e+00
      vertex  8.188327e-03  5.664338e-03 -0.000000e+00
      vertex  7.618855e-03  5.689393e-03 -0.000000e+00
    endloop
  endfacet
  facet normal  0.000000e+00 -0.000000e+00 -1.000000e+00
    outer loop
      vertex  8.192904e-03  5.764233e-03  0.000000e+00
      vertex  8.716117e-03  5.739160e-03  0.000000e+00
      vertex  8.188327e-03  5.664338e-03  0.000000e+00
    endloop
  endfacet
  facet normal  0.000000e+00  0.000000e+00 -1.000000e+00
    outer loop
      vertex  8.716117e-03  5.739160e-03  0.000000e+00
      vertex  8.711095e-03  5.639286e-03  0.000000e+00
      vertex  8.188327e-03  5.664338e-03  0.000000e+00
    endloop
  endfacet
  facet normal  0.000000e+00  0.000000e+00  1.000000e+00
    outer loop
      vertex  8.192904e-03  5.764233e-03 -0.000000e+00
      vertex  8.188327e-03  5.664338e-03 -0.000000e+00
      vertex  8.716117e-03  5.739160e-03 -0.000000e+00
    endloop
  endfacet
  facet normal  0.000000e+00  0.000000e+00  1.000000e+00
    outer loop
      vertex  8.716117e-03  5.739160e-03 -0.000000e+00
      vertex  8.188327e-03  5.664338e-03 -0.000000e+00
      vertex  8.711095e-03  5.639286e-03 -0.000000e+00
    endloop
  endfacet
  facet normal  0.000000e+00  0.000000e+00  0.000000e+00
    outer loop
      vertex  8.192904e-03  5.764233e-03  0.000000e+00
      vertex  8.192904e-03  5.764233e-03 -0.000000e+00
      vertex  8.716117e-03  5.739160e-03 -0.000000e+00
    endloop
  endfacet
  facet normal  0.000000e+00  0.000000e+00  0.000000e+00
    outer loop
      vertex  8.192904e-03  5.764233e-03  0.000000e+00
      vertex  8.716117e-03  5.739160e-03 -0.000000e+00
      vertex  8.716117e-03  5.739160e-03  0.000000e+00
    endloop
  endfacet
  facet normal  0.000000e+00  0.000000e+00  0.000000e+00
    outer loop
      vertex  8.188327e-03  5.664338e-03  0.000000e+00
      vertex  8.711095e-03  5.639286e-03  0.000000e+00
      vertex  8.188327e-03  5.664338e-03 -0.000000e+00
    endloop
  endfacet
  facet normal  0.000000e+00  0.000000e+00  0.000000e+00
    outer loop
      vertex  8.711095e-03  5.639286e-03  0.000000e+00
      vertex  8.711095e-03  5.639286e-03 -0.000000e+00
      vertex  8.188327e-03  5.664338e-03 -0.000000e+00
    endloop
  endfacet
  facet normal  0.000000e+00 -0.000000e+00 -1.000000e+00
    outer loop
      vertex  8.716117e-03  5.739160e-03  0.000000e+00
      vertex  9.189088e-03  5.714082e-03  0.000000e+00
      vertex  8.711095e-03  5.639286e-03  0.000000e+00
    endloop
  endfacet
  facet normal  0.000000e+00  0.000000e+00 -1.000000e+00
    outer loop
      vertex  9.189088e-03  5.714082e-03  0.000000e+00
      vertex  9.183482e-03  5.614239e-03  0.000000e+00
      vertex  8.711095e-03  5.639286e-03  0.000000e+00
    endloop
  endfacet
  facet normal  0.000000e+00  0.000000e+00  1.000000e+00
    outer loop
      vertex  8.716117e-03  5.739160e-03 -0.000000e+00
      vertex  8.711095e-03  5.639286e-03 -0.000000e+00
      vertex  9.189088e-03  5.714082e-03 -0.000000e+00
    endloop
  endfacet
  facet normal  0.000000e+00  0.000000e+00  1.000000e+00
    outer loop
      vertex  9.189088e-03  5.714082e-03 -0.000000e+00
      vertex  8.711095e-03  5.639286e-03 -0.000000e+00
      vertex  9.183482e-03  5.614239e-03 -0.000000e+00
    endloop
  endfacet
  facet normal  0.000000e+00  0.000000e+00  0.000000e+00
    outer loop
      vertex  8.716117e-03  5.739160e-03  0.000000e+00
      vertex  8.716117e-03  5.739160e-03 -0.000000e+00
      vertex  9.189088e-03  5.714082e-03 -0.000000e+00
    endloop
  endfacet
  facet normal  0.000000e+00  0.000000e+00  0.000000e+00
    outer loop
      vertex  8.716117e-03  5.739160e-03  0.000000e+00
      vertex  9.189088e-03  5.714082e-03 -0.000000e+00
      vertex  9.189088e-03  5.714082e-03  0.000000e+00
    endloop
  endfacet
  facet normal  0.000000e+00  0.000000e+00  0.000000e+00
    outer loop
      vertex  8.711095e-03  5.639286e-03  0.000000e+00
      vertex  9.183482e-03  5.614239e-03  0.000000e+00
      vertex  8.711095e-03  5.639286e-03 -0.000000e+00
    endloop
  endfacet
  facet normal  0.000000e+00  0.000000e+00  0.000000e+00
    outer loop
      vertex  9.183482e-03  5.614239e-03  0.000000e+00
      vertex  9.183482e-03  5.614239e-03 -0.000000e+00
      vertex  8.711095e-03  5.639286e-03 -0.000000e+00
    endloop
  endfacet
  facet normal  0.000000e+00 -0.000000e+00 -1.000000e+00
    outer loop
      vertex  9.189088e-03  5.714082e-03  0.000000e+00
      vertex  9.608481e-03  5.688995e-03  0.000000e+00
      vertex  9.183482e-03  5.614239e-03  0.000000e+00
    endloop
  endfacet
  facet normal  0.000000e+00  0.000000e+00 -1.000000e+00
    outer loop
      vertex  9.608481e-03  5.688995e-03  0.000000e+00
      vertex  9.602086e-03  5.589200e-03  0.000000e+00
      vertex  9.183482e-03  5.614239e-03  0.000000e+00
    endloop
  endfacet
  facet normal  0.000000e+00  0.000000e+00  1.000000e+00
    outer loop
      vertex  9.189088e-03  5.714082e-03 -0.000000e+00
      vertex  9.183482e-03  5.614239e-03 -0.000000e+00
      vertex  9.608481e-03  5.688995e-03 -0.000000e+00
    endloop
  endfacet
  facet normal  0.000000e+00  0.000000e+00  1.000000e+00
    outer loop
      vertex  9.608481e-03  5.688995e-03 -0.000000e+00
      vertex  9.183482e-03  5.614239e-03 -0.000000e+00
      vertex  9.602086e-03  5.589200e-03 -0.000000e+00
    endloop
  endfacet
  facet normal  0.000000e+00  0.000000e+00  0.000000e+00
    outer loop
      vertex  9.189088e-03  5.714082e-03  0.000000e+00
      vertex  9.189088e-03  5.714082e-03 -0.000000e+00
      vertex  9.608481e-03  5.688995e-03 -0.000000e+00
    endloop
  endfacet
  facet normal  0.000000e+00  0.000000e+00  0.000000e+00
    outer loop
      vertex  9.189088e-03  5.714082e-03  0.000000e+00
      vertex  9.608481e-03  5.688995e-03 -0.000000e+00
      vertex  9.608481e-03  5.688995e-03  0.000000e+00
    endloop
  endfacet
  facet normal  0.000000e+00  0.000000e+00  0.000000e+00
    outer loop
      vertex  9.183482e-03  5.614239e-03  0.000000e+00
      vertex  9.602086e-03  5.589200e-03  0.000000e+00
      vertex  9.183482e-03  5.614239e-03 -0.000000e+00
    endloop
  endfacet
  facet normal  0.000000e+00  0.000000e+00  0.000000e+00
    outer loop
      vertex  9.602086e-03  5.589200e-03  0.000000e+00
      vertex  9.602086e-03  5.589200e-03 -0.000000e+00
      vertex  9.183482e-03  5.614239e-03 -0.000000e+00
    endloop
  endfacet
  facet normal  0.000000e+00 -0.000000e+00 -1.000000e+00
    outer loop
      vertex  9.608481e-03  5.688995e-03  0.000000e+00
      vertex  9.971300e-03  5.663894e-03  0.000000e+00
      vertex  9.602086e-03  5.589200e-03  0.000000e+00
    endloop
  endfacet
  facet normal  0.000000e+00  0.000000e+00 -1.000000e+00
    outer loop
      vertex  9.971300e-03  5.663894e-03  0.000000e+00
      vertex  9.963794e-03  5.564176e-03  0.000000e+00
      vertex  9.602086e-03  5.589200e-03  0.000000e+00
    endloop
  endfacet
  facet normal  0.000000e+00  0.000000e+00  1.000000e+00
    outer loop
      vertex  9.608481e-03  5.688995e-03 -0.000000e+00
      vertex  9.602086e-03  5.589200e-03 -0.000000e+00
      vertex  9.971300e-03  5.663894e-03 -0.000000e+00
    endloop
  endfacet
  facet normal  0.000000e+00  0.000000e+00  1.000000e+00
    outer loop
      vertex  9.971300e-03  5.663894e-03 -0.000000e+00
      vertex  9.602086e-03  5.589200e-03 -0.000000e+00
      vertex  9.963794e-03  5.564176e-03 -0.000000e+00
    endloop
  endfacet
  facet normal  0.000000e+00  0.000000e+00  0.000000e+00
    outer loop
      vertex  9.608481e-03  5.688995e-03  0.000000e+00
      vertex  9.608481e-03  5.688995e-03 -0.000000e+00
      vertex  9.971300e-03  5.663894e-03 -0.000000e+00
    endloop
  endfacet
  facet normal  0.000000e+00  0.000000e+00  0.000000e+00
    outer loop
      vertex  9.608481e-03  5.688995e-03  0.000000e+00
      vertex  9.971300e-03  5.663894e-03 -0.000000e+00
      vertex  9.971300e-03  5.663894e-03  0.000000e+00
    endloop
  endfacet
  facet normal  0.000000e+00  0.000000e+00  0.000000e+00
    outer loop
      vertex  9.602086e-03  5.589200e-03  0.000000e+00
      vertex  9.963794e-03  5.564176e-03  0.000000e+00
      vertex  9.602086e-03  5.589200e-03 -0.000000e+00
    endloop
  endfacet
  facet normal  0.000000e+00  0.000000e+00  0.000000e+00
    outer loop
      vertex  9.963794e-03  5.564176e-03  0.000000e+00
      vertex  9.963794e-03  5.564176e-03 -0.000000e+00
      vertex  9.602086e-03  5.589200e-03 -0.000000e+00
    endloop
  endfacet
  facet normal  0.000000e+00 -0.000000e+00 -1.000000e+00
    outer loop
      vertex  9.971300e-03  5.663894e-03  0.000000e+00
      vertex  1.027494e-02  5.638762e-03  0.000000e+00
      vertex  9.963794e-03  5.564176e-03  0.000000e+00
    endloop
  endfacet
  facet normal  0.000000e+00  0.000000e+00 -1.000000e+00
    outer loop
      vertex  1.027494e-02  5.638762e-03  0.000000e+00
      vertex  1.026577e-02  5.539183e-03  0.000000e+00
      vertex  9.963794e-03  5.564176e-03  0.000000e+00
    endloop
  endfacet
  facet normal  0.000000e+00  0.000000e+00  1.000000e+00
    outer loop
      vertex  9.971300e-03  5.663894e-03 -0.000000e+00
      vertex  9.963794e-03  5.564176e-03 -0.000000e+00
      vertex  1.027494e-02  5.638762e-03 -0.000000e+00
    endloop
  endfacet
  facet normal  0.000000e+00  0.000000e+00  1.000000e+00
    outer loop
      vertex  1.027494e-02  5.638762e-03 -0.000000e+00
      vertex  9.963794e-03  5.564176e-03 -0.000000e+00
      vertex  1.026577e-02  5.539183e-03 -0.000000e+00
    endloop
  endfacet
  facet normal  0.000000e+00  0.000000e+00  0.000000e+00
    outer loop
      vertex  9.971300e-03  5.663894e-03  0.000000e+00
      vertex  9.971300e-03  5.663894e-03 -0.000000e+00
      vertex  1.027494e-02  5.638762e-03 -0.000000e+00
    endloop
  endfacet
  facet normal  0.000000e+00  0.000000e+00  0.000000e+00
    outer loop
      vertex  9.971300e-03  5.663894e-03  0.000000e+00
      vertex  1.027494e-02  5.638762e-03 -0.000000e+00
      vertex  1.027494e-02  5.638762e-03  0.000000e+00
    endloop
  endfacet
  facet normal  0.000000e+00  0.000000e+00  0.000000e+00
    outer loop
      vertex  9.963794e-03  5.564176e-03  0.000000e+00
      vertex  1.026577e-02  5.539183e-03  0.000000e+00
      vertex  9.963794e-03  5.564176e-03 -0.000000e+00
    endloop
  endfacet
  facet normal  0.000000e+00  0.000000e+00  0.000000e+00
    outer loop
      vertex  1.026577e-02  5.539183e-03  0.000000e+00
      vertex  1.026577e-02  5.539183e-03 -0.000000e+00
      vertex  9.963794e-03  5.564176e-03 -0.000000e+00
    endloop
  endfacet
  facet normal  0.000000e+00 -0.000000e+00 -1.000000e+00
    outer loop
      vertex  1.027494e-02  5.638762e-03  0.000000e+00
      vertex  1.051728e-02  5.613555e-03  0.000000e+00
      vertex  1.026577e-02  5.539183e-03  0.000000e+00
    endloop
  endfacet
  facet normal  0.000000e+00  0.000000e+00 -1.000000e+00
    outer loop
      vertex  1.051728e-02  5.613555e-03  0.000000e+00
      vertex  1.050539e-02  5.514264e-03  0.000000e+00
      vertex  1.026577e-02  5.539183e-03  0.000000e+00
    endloop
  endfacet
  facet normal  0.000000e+00  0.000000e+00  1.000000e+00
    outer loop
      vertex  1.027494e-02  5.638762e-03 -0.000000e+00
      vertex  1.026577e-02  5.539183e-03 -0.000000e+00
      vertex  1.051728e-02  5.613555e-03 -0.000000e+00
    endloop
  endfacet
  facet normal  0.000000e+00  0.000000e+00  1.000000e+00
    outer loop
      vertex  1.051728e-02  5.613555e-03 -0.000000e+00
      vertex  1.026577e-02  5.539183e-03 -0.000000e+00
      vertex  1.050539e-02  5.514264e-03 -0.000000e+00
    endloop
  endfacet
  facet normal  0.000000e+00  0.000000e+00  0.000000e+00
    outer loop
      vertex  1.027494e-02  5.638762e-03  0.000000e+00
      vertex  1.027494e-02  5.638762e-03 -0.000000e+00
      vertex  1.051728e-02  5.613555e-03 -0.000000e+00
    endloop
  endfacet
  facet normal  0.000000e+00  0.000000e+00  0.000000e+00
    outer loop
      vertex  1.027494e-02  5.638762e-03  0.000000e+00
      vertex  1.051728e-02  5.613555e-03 -0.000000e+00
      vertex  1.051728e-02  5.613555e-03  0.000000e+00
    endloop
  endfacet
  facet normal  0.000000e+00  0.000000e+00  0.000000e+00
    outer loop
      vertex  1.026577e-02  5.539183e-03  0.000000e+00
      vertex  1.050539e-02  5.514264e-03  0.000000e+00
      vertex  1.026577e-02  5.539183e-03 -0.000000e+00
    endloop
  endfacet
  facet normal  0.000000e+00  0.000000e+00  0.000000e+00
    outer loop
      vertex  1.050539e-02  5.514264e-03  0.000000e+00
      vertex  1.050539e-02  5.514264e-03 -0.000000e+00
      vertex  1.026577e-02  5.539183e-03 -0.000000e+00
    endloop
  endfacet
  facet normal  0.000000e+00 -0.000000e+00 -1.000000e+00
    outer loop
      vertex  1.051728e-02  5.613555e-03  0.000000e+00
      vertex  1.069703e-02  5.588113e-03  0.000000e+00
      vertex  1.050539e-02  5.514264e-03  0.000000e+00
    endloop
  endfacet
  facet normal  0.000000e+00  0.000000e+00 -1.000000e+00
    outer loop
      vertex  1.069703e-02  5.588113e-03  0.000000e+00
      vertex  1.067996e-02  5.489581e-03  0.000000e+00
      vertex  1.050539e-02  5.514264e-03  0.000000e+00
    endloop
  endfacet
  facet normal  0.000000e+00  0.000000e+00  1.000000e+00
    outer loop
      vertex  1.051728e-02  5.613555e-03 -0.000000e+00
      vertex  1.050539e-02  5.514264e-03 -0.000000e+00
      vertex  1.069703e-02  5.588113e-03 -0.000000e+00
    endloop
  endfacet
  facet normal  0.000000e+00  0.000000e+00  1.000000e+00
    outer loop
      vertex  1.069703e-02  5.588113e-03 -0.000000e+00
      vertex  1.050539e-02  5.514264e-03 -0.000000e+00
      vertex  1.067996e-02  5.489581e-03 -0.000000e+00
    endloop
  endfacet
  facet normal  0.000000e+00  0.000000e+00  0.000000e+00
    outer loop
      vertex  1.051728e-02  5.613555e-03  0.000000e+00
      vertex  1.051728e-02  5.613555e-03 -0.000000e+00
      vertex  1.069703e-02  5.588113e-03 -0.000000e+00
    endloop
  endfacet
  facet normal  0.000000e+00  0.000000e+00  0.000000e+00
    outer loop
      vertex  1.051728e-02  5.613555e-03  0.000000e+00
      vertex  1.069703e-02  5.588113e-03 -0.000000e+00
      vertex  1.069703e-02  5.588113e-03  0.000000e+00
    endloop
  endfacet
  facet normal  0.000000e+00  0.000000e+00  0.000000e+00
    outer loop
      vertex  1.050539e-02  5.514264e-03  0.000000e+00
      vertex  1.067996e-02  5.489581e-03  0.000000e+00
      vertex  1.050539e-02  5.514264e-03 -0.000000e+00
    endloop
  endfacet
  facet normal  0.000000e+00  0.000000e+00  0.000000e+00
    outer loop
      vertex  1.067996e-02  5.489581e-03  0.000000e+00
      vertex  1.067996e-02  5.489581e-03 -0.000000e+00
      vertex  1.050539e-02  5.514264e-03 -0.000000e+00
    endloop
  endfacet
  facet normal  0.000000e+00 -0.000000e+00 -1.000000e+00
    outer loop
      vertex  1.069703e-02  5.588113e-03  0.000000e+00
      vertex  1.081542e-02  5.561420e-03  0.000000e+00
      vertex  1.067996e-02  5.489581e-03  0.000000e+00
    endloop
  endfacet
  facet normal  0.000000e+00  0.000000e+00 -1.000000e+00
    outer loop
      vertex  1.081542e-02  5.561420e-03  0.000000e+00
      vertex  1.078503e-02  5.466149e-03  0.000000e+00
      vertex  1.067996e-02  5.489581e-03  0.000000e+00
    endloop
  endfacet
  facet normal  0.000000e+00  0.000000e+00  1.000000e+00
    outer loop
      vertex  1.069703e-02  5.588113e-03 -0.000000e+00
      vertex  1.067996e-02  5.489581e-03 -0.000000e+00
      vertex  1.081542e-02  5.561420e-03 -0.000000e+00
    endloop
  endfacet
  facet normal  0.000000e+00  0.000000e+00  1.000000e+00
    outer loop
      vertex  1.081542e-02  5.561420e-03 -0.000000e+00
      vertex  1.067996e-02  5.489581e-03 -0.000000e+00
      vertex  1.078503e-02  5.466149e-03 -0.000000e+00
    endloop
  endfacet
  facet normal  0.000000e+00  0.000000e+00  0.000000e+00
    outer loop
      vertex  1.069703e-02  5.588113e-03  0.000000e+00
      vertex  1.069703e-02  5.588113e-03 -0.000000e+00
      vertex  1.081542e-02  5.561420e-03 -0.000000e+00
    endloop
  endfacet
  facet normal  0.000000e+00  0.000000e+00  0.000000e+00
    outer loop
      vertex  1.069703e-02  5.588113e-03  0.000000e+00
      vertex  1.081542e-02  5.561420e-03 -0.000000e+00
      vertex  1.081542e-02  5.561420e-03  0.000000e+00
    endloop
  endfacet
  facet normal  0.000000e+00  0.000000e+00  0.000000e+00
    outer loop
      vertex  1.067996e-02  5.489581e-03  0.000000e+00
      vertex  1.078503e-02  5.466149e-03  0.000000e+00
      vertex  1.067996e-02  5.489581e-03 -0.000000e+00
    endloop
  endfacet
  facet normal  0.000000e+00  0.000000e+00  0.000000e+00
    outer loop
      vertex  1.078503e-02  5.466149e-03  0.000000e+00
      vertex  1.078503e-02  5.466149e-03 -0.000000e+00
      vertex  1.067996e-02  5.489581e-03 -0.000000e+00
    endloop
  endfacet
  facet normal  0.000000e+00 -0.000000e+00 -1.000000e+00
    outer loop
      vertex  1.081542e-02  5.561420e-03  0.000000e+00
      vertex  1.089078e-02  5.509539e-03  0.000000e+00
      vertex  1.078503e-02  5.466149e-03  0.000000e+00
    endloop
  endfacet
  facet normal  0.000000e+00  0.000000e+00 -1.000000e+00
    outer loop
      vertex  1.089078e-02  5.509539e-03  0.000000e+00
      vertex  1.079986e-02  5.467905e-03  0.000000e+00
      vertex  1.078503e-02  5.466149e-03  0.000000e+00
    endloop
  endfacet
  facet normal  0.000000e+00  0.000000e+00  1.000000e+00
    outer loop
      vertex  1.081542e-02  5.561420e-03 -0.000000e+00
      vertex  1.078503e-02  5.466149e-03 -0.000000e+00
      vertex  1.089078e-02  5.509539e-03 -0.000000e+00
    endloop
  endfacet
  facet normal  0.000000e+00  0.000000e+00  1.000000e+00
    outer loop
      vertex  1.089078e-02  5.509539e-03 -0.000000e+00
      vertex  1.078503e-02  5.466149e-03 -0.000000e+00
      vertex  1.079986e-02  5.467905e-03 -0.000000e+00
    endloop
  endfacet
  facet normal  0.000000e+00  0.000000e+00  0.000000e+00
    outer loop
      vertex  1.081542e-02  5.561420e-03  0.000000e+00
      vertex  1.081542e-02  5.561420e-03 -0.000000e+00
      vertex  1.089078e-02  5.509539e-03 -0.000000e+00
    endloop
  endfacet
  facet normal  0.000000e+00  0.000000e+00  0.000000e+00
    outer loop
      vertex  1.081542e-02  5.561420e-03  0.000000e+00
      vertex  1.089078e-02  5.509539e-03 -0.000000e+00
      vertex  1.089078e-02  5.509539e-03  0.000000e+00
    endloop
  endfacet
  facet normal  0.000000e+00  0.000000e+00  0.000000e+00
    outer loop
      vertex  1.078503e-02  5.466149e-03  0.000000e+00
      vertex  1.079986e-02  5.467905e-03  0.000000e+00
      vertex  1.078503e-02  5.466149e-03 -0.000000e+00
    endloop
  endfacet
  facet normal  0.000000e+00  0.000000e+00  0.000000e+00
    outer loop
      vertex  1.079986e-02  5.467905e-03  0.000000e+00
      vertex  1.079986e-02  5.467905e-03 -0.000000e+00
      vertex  1.078503e-02  5.466149e-03 -0.000000e+00
    endloop
  endfacet
  facet normal  0.000000e+00  0.000000e+00 -1.000000e+00
    outer loop
      vertex  1.089078e-02  5.509539e-03  0.000000e+00
      vertex  1.084334e-02  5.417992e-03  0.000000e+00
      vertex  1.079986e-02  5.467905e-03  0.000000e+00
    endloop
  endfacet
  facet normal  0.000000e+00  0.000000e+00  1.000000e+00
    outer loop
      vertex  1.084334e-02  5.417992e-03  0.000000e+00
      vertex  1.080262e-02  5.509326e-03  0.000000e+00
      vertex  1.079986e-02  5.467905e-03  0.000000e+00
    endloop
  endfacet
  facet normal  0.000000e+00  0.000000e+00  1.000000e+00
    outer loop
      vertex  1.089078e-02  5.509539e-03 -0.000000e+00
      vertex  1.079986e-02  5.467905e-03 -0.000000e+00
      vertex  1.084334e-02  5.417992e-03 -0.000000e+00
    endloop
  endfacet
  facet normal  0.000000e+00  0.000000e+00 -1.000000e+00
    outer loop
      vertex  1.084334e-02  5.417992e-03 -0.000000e+00
      vertex  1.079986e-02  5.467905e-03 -0.000000e+00
      vertex  1.080262e-02  5.509326e-03 -0.000000e+00
    endloop
  endfacet
  facet normal  0.000000e+00  0.000000e+00  0.000000e+00
    outer loop
      vertex  1.089078e-02  5.509539e-03  0.000000e+00
      vertex  1.089078e-02  5.509539e-03 -0.000000e+00
      vertex  1.084334e-02  5.417992e-03 -0.000000e+00
    endloop
  endfacet
  facet normal  0.000000e+00  0.000000e+00  0.000000e+00
    outer loop
      vertex  1.089078e-02  5.509539e-03  0.000000e+00
      vertex  1.084334e-02  5.417992e-03 -0.000000e+00
      vertex  1.084334e-02  5.417992e-03  0.000000e+00
    endloop
  endfacet
  facet normal  0.000000e+00  0.000000e+00  0.000000e+00
    outer loop
      vertex  1.079986e-02  5.467905e-03  0.000000e+00
      vertex  1.080262e-02  5.509326e-03  0.000000e+00
      vertex  1.079986e-02  5.467905e-03 -0.000000e+00
    endloop
  endfacet
  facet normal  0.000000e+00  0.000000e+00  0.000000e+00
    outer loop
      vertex  1.080262e-02  5.509326e-03  0.000000e+00
      vertex  1.080262e-02  5.509326e-03 -0.000000e+00
      vertex  1.079986e-02  5.467905e-03 -0.000000e+00
    endloop
  endfacet
  facet normal -0.000000e+00  0.000000e+00 -1.000000e+00
    outer loop
      vertex  1.084334e-02  5.417992e-03  0.000000e+00
      vertex  1.074273e-02  5.389586e-03  0.000000e+00
      vertex  1.080262e-02  5.509326e-03  0.000000e+00
    endloop
  endfacet
  facet normal  0.000000e+00  0.000000e+00 -1.000000e+00
    outer loop
      vertex  1.074273e-02  5.389586e-03  0.000000e+00
      vertex  1.072293e-02  5.487607e-03  0.000000e+00
      vertex  1.080262e-02  5.509326e-03  0.000000e+00
    endloop
  endfacet
  facet normal  0.000000e+00  0.000000e+00  1.000000e+00
    outer loop
      vertex  1.084334e-02  5.417992e-03 -0.000000e+00
      vertex  1.080262e-02  5.509326e-03 -0.000000e+00
      vertex  1.074273e-02  5.389586e-03 -0.000000e+00
    endloop
  endfacet
  facet normal  0.000000e+00 -0.000000e+00  1.000000e+00
    outer loop
      vertex  1.074273e-02  5.389586e-03 -0.000000e+00
      vertex  1.080262e-02  5.509326e-03 -0.000000e+00
      vertex  1.072293e-02  5.487607e-03 -0.000000e+00
    endloop
  endfacet
  facet normal  0.000000e+00  0.000000e+00  0.000000e+00
    outer loop
      vertex  1.084334e-02  5.417992e-03  0.000000e+00
      vertex  1.084334e-02  5.417992e-03 -0.000000e+00
      vertex  1.074273e-02  5.389586e-03 -0.000000e+00
    endloop
  endfacet
  facet normal  0.000000e+00  0.000000e+00  0.000000e+00
    outer loop
      vertex  1.084334e-02  5.417992e-03  0.000000e+00
      vertex  1.074273e-02  5.389586e-03 -0.000000e+00
      vertex  1.074273e-02  5.389586e-03  0.000000e+00
    endloop
  endfacet
  facet normal  0.000000e+00  0.000000e+00  0.000000e+00
    outer loop
      vertex  1.080262e-02  5.509326e-03  0.000000e+00
      vertex  1.072293e-02  5.487607e-03  0.000000e+00
      vertex  1.080262e-02  5.509326e-03 -0.000000e+00
    endloop
  endfacet
  facet normal  0.000000e+00  0.000000e+00  0.000000e+00
    outer loop
      vertex  1.072293e-02  5.487607e-03  0.000000e+00
      vertex  1.072293e-02  5.487607e-03 -0.000000e+00
      vertex  1.080262e-02  5.509326e-03 -0.000000e+00
    endloop
  endfacet
  facet normal -0.000000e+00  0.000000e+00 -1.000000e+00
    outer loop
      vertex  1.074273e-02  5.389586e-03  0.000000e+00
      vertex  1.058140e-02  5.363956e-03  0.000000e+00
      vertex  1.072293e-02  5.487607e-03  0.000000e+00
    endloop
  endfacet
  facet normal  0.000000e+00  0.000000e+00 -1.000000e+00
    outer loop
      vertex  1.058140e-02  5.363956e-03  0.000000e+00
      vertex  1.056844e-02  5.463112e-03  0.000000e+00
      vertex  1.072293e-02  5.487607e-03  0.000000e+00
    endloop
  endfacet
  facet normal  0.000000e+00  0.000000e+00  1.000000e+00
    outer loop
      vertex  1.074273e-02  5.389586e-03 -0.000000e+00
      vertex  1.072293e-02  5.487607e-03 -0.000000e+00
      vertex  1.058140e-02  5.363956e-03 -0.000000e+00
    endloop
  endfacet
  facet normal  0.000000e+00 -0.000000e+00  1.000000e+00
    outer loop
      vertex  1.058140e-02  5.363956e-03 -0.000000e+00
      vertex  1.072293e-02  5.487607e-03 -0.000000e+00
      vertex  1.056844e-02  5.463112e-03 -0.000000e+00
    endloop
  endfacet
  facet normal  0.000000e+00  0.000000e+00  0.000000e+00
    outer loop
      vertex  1.074273e-02  5.389586e-03  0.000000e+00
      vertex  1.074273e-02  5.389586e-03 -0.000000e+00
      vertex  1.058140e-02  5.363956e-03 -0.000000e+00
    endloop
  endfacet
  facet normal  0.000000e+00  0.000000e+00  0.000000e+00
    outer loop
      vertex  1.074273e-02  5.389586e-03  0.000000e+00
      vertex  1.058140e-02  5.363956e-03 -0.000000e+00
      vertex  1.058140e-02  5.363956e-03  0.000000e+00
    endloop
  endfacet
  facet normal  0.000000e+00  0.000000e+00  0.000000e+00
    outer loop
      vertex  1.072293e-02  5.487607e-03  0.000000e+00
      vertex  1.056844e-02  5.463112e-03  0.000000e+00
      vertex  1.072293e-02  5.487607e-03 -0.000000e+00
    endloop
  endfacet
  facet normal  0.000000e+00  0.000000e+00  0.000000e+00
    outer loop
      vertex  1.056844e-02  5.463112e-03  0.000000e+00
      vertex  1.056844e-02  5.463112e-03 -0.000000e+00
      vertex  1.072293e-02  5.487607e-03 -0.000000e+00
    endloop
  endfacet
  facet normal -0.000000e+00  0.000000e+00 -1.000000e+00
    outer loop
      vertex  1.058140e-02  5.363956e-03  0.000000e+00
      vertex  1.035454e-02  5.338704e-03  0.000000e+00
      vertex  1.056844e-02  5.463112e-03  0.000000e+00
    endloop
  endfacet
  facet normal  0.000000e+00  0.000000e+00 -1.000000e+00
    outer loop
      vertex  1.035454e-02  5.338704e-03  0.000000e+00
      vertex  1.034490e-02  5.438238e-03  0.000000e+00
      vertex  1.056844e-02  5.463112e-03  0.000000e+00
    endloop
  endfacet
  facet normal  0.000000e+00  0.000000e+00  1.000000e+00
    outer loop
      vertex  1.058140e-02  5.363956e-03 -0.000000e+00
      vertex  1.056844e-02  5.463112e-03 -0.000000e+00
      vertex  1.035454e-02  5.338704e-03 -0.000000e+00
    endloop
  endfacet
  facet normal  0.000000e+00 -0.000000e+00  1.000000e+00
    outer loop
      vertex  1.035454e-02  5.338704e-03 -0.000000e+00
      vertex  1.056844e-02  5.463112e-03 -0.000000e+00
      vertex  1.034490e-02  5.438238e-03 -0.000000e+00
    endloop
  endfacet
  facet normal  0.000000e+00  0.000000e+00  0.000000e+00
    outer loop
      vertex  1.058140e-02  5.363956e-03  0.000000e+00
      vertex  1.058140e-02  5.363956e-03 -0.000000e+00
      vertex  1.035454e-02  5.338704e-03 -0.000000e+00
    endloop
  endfacet
  facet normal  0.000000e+00  0.000000e+00  0.000000e+00
    outer loop
      vertex  1.058140e-02  5.363956e-03  0.000000e+00
      vertex  1.035454e-02  5.338704e-03 -0.000000e+00
      vertex  1.035454e-02  5.338704e-03  0.000000e+00
    endloop
  endfacet
  facet normal  0.000000e+00  0.000000e+00  0.000000e+00
    outer loop
      vertex  1.056844e-02  5.463112e-03  0.000000e+00
      vertex  1.034490e-02  5.438238e-03  0.000000e+00
      vertex  1.056844e-02  5.463112e-03 -0.000000e+00
    endloop
  endfacet
  facet normal  0.000000e+00  0.000000e+00  0.000000e+00
    outer loop
      vertex  1.034490e-02  5.438238e-03  0.000000e+00
      vertex  1.034490e-02  5.438238e-03 -0.000000e+00
      vertex  1.056844e-02  5.463112e-03 -0.000000e+00
    endloop
  endfacet
  facet normal -0.000000e+00  0.000000e+00 -1.000000e+00
    outer loop
      vertex  1.035454e-02  5.338704e-03  0.000000e+00
      vertex  1.006199e-02  5.313557e-03  0.000000e+00
      vertex  1.034490e-02  5.438238e-03  0.000000e+00
    endloop
  endfacet
  facet normal  0.000000e+00  0.000000e+00 -1.000000e+00
    outer loop
      vertex  1.006199e-02  5.313557e-03  0.000000e+00
      vertex  1.005428e-02  5.413260e-03  0.000000e+00
      vertex  1.034490e-02  5.438238e-03  0.000000e+00
    endloop
  endfacet
  facet normal  0.000000e+00  0.000000e+00  1.000000e+00
    outer loop
      vertex  1.035454e-02  5.338704e-03 -0.000000e+00
      vertex  1.034490e-02  5.438238e-03 -0.000000e+00
      vertex  1.006199e-02  5.313557e-03 -0.000000e+00
    endloop
  endfacet
  facet normal  0.000000e+00 -0.000000e+00  1.000000e+00
    outer loop
      vertex  1.006199e-02  5.313557e-03 -0.000000e+00
      vertex  1.034490e-02  5.438238e-03 -0.000000e+00
      vertex  1.005428e-02  5.413260e-03 -0.000000e+00
    endloop
  endfacet
  facet normal  0.000000e+00  0.000000e+00  0.000000e+00
    outer loop
      vertex  1.035454e-02  5.338704e-03  0.000000e+00
      vertex  1.035454e-02  5.338704e-03 -0.000000e+00
      vertex  1.006199e-02  5.313557e-03 -0.000000e+00
    endloop
  endfacet
  facet normal  0.000000e+00  0.000000e+00  0.000000e+00
    outer loop
      vertex  1.035454e-02  5.338704e-03  0.000000e+00
      vertex  1.006199e-02  5.313557e-03 -0.000000e+00
      vertex  1.006199e-02  5.313557e-03  0.000000e+00
    endloop
  endfacet
  facet normal  0.000000e+00  0.000000e+00  0.000000e+00
    outer loop
      vertex  1.034490e-02  5.438238e-03  0.000000e+00
      vertex  1.005428e-02  5.413260e-03  0.000000e+00
      vertex  1.034490e-02  5.438238e-03 -0.000000e+00
    endloop
  endfacet
  facet normal  0.000000e+00  0.000000e+00  0.000000e+00
    outer loop
      vertex  1.005428e-02  5.413260e-03  0.000000e+00
      vertex  1.005428e-02  5.413260e-03 -0.000000e+00
      vertex  1.034490e-02  5.438238e-03 -0.000000e+00
    endloop
  endfacet
  facet normal -0.000000e+00  0.000000e+00 -1.000000e+00
    outer loop
      vertex  1.006199e-02  5.313557e-03  0.000000e+00
      vertex  9.704711e-03  5.288450e-03  0.000000e+00
      vertex  1.005428e-02  5.413260e-03  0.000000e+00
    endloop
  endfacet
  facet normal  0.000000e+00  0.000000e+00 -1.000000e+00
    outer loop
      vertex  9.704711e-03  5.288450e-03  0.000000e+00
      vertex  9.698275e-03  5.388242e-03  0.000000e+00
      vertex  1.005428e-02  5.413260e-03  0.000000e+00
    endloop
  endfacet
  facet normal  0.000000e+00  0.000000e+00  1.000000e+00
    outer loop
      vertex  1.006199e-02  5.313557e-03 -0.000000e+00
      vertex  1.005428e-02  5.413260e-03 -0.000000e+00
      vertex  9.704711e-03  5.288450e-03 -0.000000e+00
    endloop
  endfacet
  facet normal  0.000000e+00 -0.000000e+00  1.000000e+00
    outer loop
      vertex  9.704711e-03  5.288450e-03 -0.000000e+00
      vertex  1.005428e-02  5.413260e-03 -0.000000e+00
      vertex  9.698275e-03  5.388242e-03 -0.000000e+00
    endloop
  endfacet
  facet normal  0.000000e+00  0.000000e+00  0.000000e+00
    outer loop
      vertex  1.006199e-02  5.313557e-03  0.000000e+00
      vertex  1.006199e-02  5.313557e-03 -0.000000e+00
      vertex  9.704711e-03  5.288450e-03 -0.000000e+00
    endloop
  endfacet
  facet normal  0.000000e+00  0.000000e+00  0.000000e+00
    outer loop
      vertex  1.006199e-02  5.313557e-03  0.000000e+00
      vertex  9.704711e-03  5.288450e-03 -0.000000e+00
      vertex  9.704711e-03  5.288450e-03  0.000000e+00
    endloop
  endfacet
  facet normal  0.000000e+00  0.000000e+00  0.000000e+00
    outer loop
      vertex  1.005428e-02  5.413260e-03  0.000000e+00
      vertex  9.698275e-03  5.388242e-03  0.000000e+00
      vertex  1.005428e-02  5.413260e-03 -0.000000e+00
    endloop
  endfacet
  facet normal  0.000000e+00  0.000000e+00  0.000000e+00
    outer loop
      vertex  9.698275e-03  5.388242e-03  0.000000e+00
      vertex  9.698275e-03  5.388242e-03 -0.000000e+00
      vertex  1.005428e-02  5.413260e-03 -0.000000e+00
    endloop
  endfacet
  facet normal -0.000000e+00  0.000000e+00 -1.000000e+00
    outer loop
      vertex  9.704711e-03  5.288450e-03  0.000000e+00
      vertex  9.284318e-03  5.263360e-03  0.000000e+00
      vertex  9.698275e-03  5.388242e-03  0.000000e+00
    endloop
  endfacet
  facet normal  0.000000e+00  0.000000e+00 -1.000000e+00
    outer loop
      vertex  9.284318e-03  5.263360e-03  0.000000e+00
      vertex  9.278768e-03  5.363206e-03  0.000000e+00
      vertex  9.698275e-03  5.388242e-03  0.000000e+00
    endloop
  endfacet
  facet normal  0.000000e+00  0.000000e+00  1.000000e+00
    outer loop
      vertex  9.704711e-03  5.288450e-03 -0.000000e+00
      vertex  9.698275e-03  5.388242e-03 -0.000000e+00
      vertex  9.284318e-03  5.263360e-03 -0.000000e+00
    endloop
  endfacet
  facet normal  0.000000e+00 -0.000000e+00  1.000000e+00
    outer loop
      vertex  9.284318e-03  5.263360e-03 -0.000000e+00
      vertex  9.698275e-03  5.388242e-03 -0.000000e+00
      vertex  9.278768e-03  5.363206e-03 -0.000000e+00
    endloop
  endfacet
  facet normal  0.000000e+00  0.000000e+00  0.000000e+00
    outer loop
      vertex  9.704711e-03  5.288450e-03  0.000000e+00
      vertex  9.704711e-03  5.288450e-03 -0.000000e+00
      vertex  9.284318e-03  5.263360e-03 -0.000000e+00
    endloop
  endfacet
  facet normal  0.000000e+00  0.000000e+00  0.000000e+00
    outer loop
      vertex  9.704711e-03  5.288450e-03  0.000000e+00
      vertex  9.284318e-03  5.263360e-03 -0.000000e+00
      vertex  9.284318e-03  5.263360e-03  0.000000e+00
    endloop
  endfacet
  facet normal  0.000000e+00  0.000000e+00  0.000000e+00
    outer loop
      vertex  9.698275e-03  5.388242e-03  0.000000e+00
      vertex  9.278768e-03  5.363206e-03  0.000000e+00
      vertex  9.698275e-03  5.388242e-03 -0.000000e+00
    endloop
  endfacet
  facet normal  0.000000e+00  0.000000e+00  0.000000e+00
    outer loop
      vertex  9.278768e-03  5.363206e-03  0.000000e+00
      vertex  9.278768e-03  5.363206e-03 -0.000000e+00
      vertex  9.698275e-03  5.388242e-03 -0.000000e+00
    endloop
  endfacet
  facet normal -0.000000e+00  0.000000e+00 -1.000000e+00
    outer loop
      vertex  9.284318e-03  5.263360e-03  0.000000e+00
      vertex  8.802894e-03  5.238281e-03  0.000000e+00
      vertex  9.278768e-03  5.363206e-03  0.000000e+00
    endloop
  endfacet
  facet normal  0.000000e+00  0.000000e+00 -1.000000e+00
    outer loop
      vertex  8.802894e-03  5.238281e-03  0.000000e+00
      vertex  8.797994e-03  5.338160e-03  0.000000e+00
      vertex  9.278768e-03  5.363206e-03  0.000000e+00
    endloop
  endfacet
  facet normal  0.000000e+00  0.000000e+00  1.000000e+00
    outer loop
      vertex  9.284318e-03  5.263360e-03 -0.000000e+00
      vertex  9.278768e-03  5.363206e-03 -0.000000e+00
      vertex  8.802894e-03  5.238281e-03 -0.000000e+00
    endloop
  endfacet
  facet normal  0.000000e+00 -0.000000e+00  1.000000e+00
    outer loop
      vertex  8.802894e-03  5.238281e-03 -0.000000e+00
      vertex  9.278768e-03  5.363206e-03 -0.000000e+00
      vertex  8.797994e-03  5.338160e-03 -0.000000e+00
    endloop
  endfacet
  facet normal  0.000000e+00  0.000000e+00  0.000000e+00
    outer loop
      vertex  9.284318e-03  5.263360e-03  0.000000e+00
      vertex  9.284318e-03  5.263360e-03 -0.000000e+00
      vertex  8.802894e-03  5.238281e-03 -0.000000e+00
    endloop
  endfacet
  facet normal  0.000000e+00  0.000000e+00  0.000000e+00
    outer loop
      vertex  9.284318e-03  5.263360e-03  0.000000e+00
      vertex  8.802894e-03  5.238281e-03 -0.000000e+00
      vertex  8.802894e-03  5.238281e-03  0.000000e+00
    endloop
  endfacet
  facet normal  0.000000e+00  0.000000e+00  0.000000e+00
    outer loop
      vertex  9.278768e-03  5.363206e-03  0.000000e+00
      vertex  8.797994e-03  5.338160e-03  0.000000e+00
      vertex  9.278768e-03  5.363206e-03 -0.000000e+00
    endloop
  endfacet
  facet normal  0.000000e+00  0.000000e+00  0.000000e+00
    outer loop
      vertex  8.797994e-03  5.338160e-03  0.000000e+00
      vertex  8.797994e-03  5.338160e-03 -0.000000e+00
      vertex  9.278768e-03  5.363206e-03 -0.000000e+00
    endloop
  endfacet
  facet normal -0.000000e+00  0.000000e+00 -1.000000e+00
    outer loop
      vertex  8.802894e-03  5.238281e-03  0.000000e+00
      vertex  8.262964e-03  5.213206e-03  0.000000e+00
      vertex  8.797994e-03  5.338160e-03  0.000000e+00
    endloop
  endfacet
  facet normal  0.000000e+00  0.000000e+00 -1.000000e+00
    outer loop
      vertex  8.262964e-03  5.213206e-03  0.000000e+00
      vertex  8.258556e-03  5.313109e-03  0.000000e+00
      vertex  8.797994e-03  5.338160e-03  0.000000e+00
    endloop
  endfacet
  facet normal  0.000000e+00  0.000000e+00  1.000000e+00
    outer loop
      vertex  8.802894e-03  5.238281e-03 -0.000000e+00
      vertex  8.797994e-03  5.338160e-03 -0.000000e+00
      vertex  8.262964e-03  5.213206e-03 -0.000000e+00
    endloop
  endfacet
  facet normal  0.000000e+00 -0.000000e+00  1.000000e+00
    outer loop
      vertex  8.262964e-03  5.213206e-03 -0.000000e+00
      vertex  8.797994e-03  5.338160e-03 -0.000000e+00
      vertex  8.258556e-03  5.313109e-03 -0.000000e+00
    endloop
  endfacet
  facet normal  0.000000e+00  0.000000e+00  0.000000e+00
    outer loop
      vertex  8.802894e-03  5.238281e-03  0.000000e+00
      vertex  8.802894e-03  5.238281e-03 -0.000000e+00
      vertex  8.262964e-03  5.213206e-03 -0.000000e+00
    endloop
  endfacet
  facet normal  0.000000e+00  0.000000e+00  0.000000e+00
    outer loop
      vertex  8.802894e-03  5.238281e-03  0.000000e+00
      vertex  8.262964e-03  5.213206e-03 -0.000000e+00
      vertex  8.262964e-03  5.213206e-03  0.000000e+00
    endloop
  endfacet
  facet normal  0.000000e+00  0.000000e+00  0.000000e+00
    outer loop
      vertex  8.797994e-03  5.338160e-03  0.000000e+00
      vertex  8.258556e-03  5.313109e-03  0.000000e+00
      vertex  8.797994e-03  5.338160e-03 -0.000000e+00
    endloop
  endfacet
  facet normal  0.000000e+00  0.000000e+00  0.000000e+00
    outer loop
      vertex  8.258556e-03  5.313109e-03  0.000000e+00
      vertex  8.258556e-03  5.313109e-03 -0.000000e+00
      vertex  8.797994e-03  5.338160e-03 -0.000000e+00
    endloop
  endfacet
  facet normal -0.000000e+00  0.000000e+00 -1.000000e+00
    outer loop
      vertex  8.262964e-03  5.213206e-03  0.000000e+00
      vertex  7.667452e-03  5.188136e-03  0.000000e+00
      vertex  8.258556e-03  5.313109e-03  0.000000e+00
    endloop
  endfacet
  facet normal  0.000000e+00  0.000000e+00 -1.000000e+00
    outer loop
      vertex  7.667452e-03  5.188136e-03  0.000000e+00
      vertex  7.663426e-03  5.288055e-03  0.000000e+00
      vertex  8.258556e-03  5.313109e-03  0.000000e+00
    endloop
  endfacet
  facet normal  0.000000e+00  0.000000e+00  1.000000e+00
    outer loop
      vertex  8.262964e-03  5.213206e-03 -0.000000e+00
      vertex  8.258556e-03  5.313109e-03 -0.000000e+00
      vertex  7.667452e-03  5.188136e-03 -0.000000e+00
    endloop
  endfacet
  facet normal  0.000000e+00 -0.000000e+00  1.000000e+00
    outer loop
      vertex  7.667452e-03  5.188136e-03 -0.000000e+00
      vertex  8.258556e-03  5.313109e-03 -0.000000e+00
      vertex  7.663426e-03  5.288055e-03 -0.000000e+00
    endloop
  endfacet
  facet normal  0.000000e+00  0.000000e+00  0.000000e+00
    outer loop
      vertex  8.262964e-03  5.213206e-03  0.000000e+00
      vertex  8.262964e-03  5.213206e-03 -0.000000e+00
      vertex  7.667452e-03  5.188136e-03 -0.000000e+00
    endloop
  endfacet
  facet normal  0.000000e+00  0.000000e+00  0.000000e+00
    outer loop
      vertex  8.262964e-03  5.213206e-03  0.000000e+00
      vertex  7.667452e-03  5.188136e-03 -0.000000e+00
      vertex  7.667452e-03  5.188136e-03  0.000000e+00
    endloop
  endfacet
  facet normal  0.000000e+00  0.000000e+00  0.000000e+00
    outer loop
      vertex  8.258556e-03  5.313109e-03  0.000000e+00
      vertex  7.663426e-03  5.288055e-03  0.000000e+00
      vertex  8.258556e-03  5.313109e-03 -0.000000e+00
    endloop
  endfacet
  facet normal  0.000000e+00  0.000000e+00  0.000000e+00
    outer loop
      vertex  7.663426e-03  5.288055e-03  0.000000e+00
      vertex  7.663426e-03  5.288055e-03 -0.000000e+00
      vertex  8.258556e-03  5.313109e-03 -0.000000e+00
    endloop
  endfacet
  facet normal -0.000000e+00  0.000000e+00 -1.000000e+00
    outer loop
      vertex  7.667452e-03  5.188136e-03  0.000000e+00
      vertex  7.019666e-03  5.163067e-03  0.000000e+00
      vertex  7.663426e-03  5.288055e-03  0.000000e+00
    endloop
  endfacet
  facet normal  0.000000e+00  0.000000e+00 -1.000000e+00
    outer loop
      vertex  7.019666e-03  5.163067e-03  0.000000e+00
      vertex  7.015942e-03  5.262998e-03  0.000000e+00
      vertex  7.663426e-03  5.288055e-03  0.000000e+00
    endloop
  endfacet
  facet normal  0.000000e+00  0.000000e+00  1.000000e+00
    outer loop
      vertex  7.667452e-03  5.188136e-03 -0.000000e+00
      vertex  7.663426e-03  5.288055e-03 -0.000000e+00
      vertex  7.019666e-03  5.163067e-03 -0.000000e+00
    endloop
  endfacet
  facet normal  0.000000e+00 -0.000000e+00  1.000000e+00
    outer loop
      vertex  7.019666e-03  5.163067e-03 -0.000000e+00
      vertex  7.663426e-03  5.288055e-03 -0.000000e+00
      vertex  7.015942e-03  5.262998e-03 -0.000000e+00
    endloop
  endfacet
  facet normal  0.000000e+00  0.000000e+00  0.000000e+00
    outer loop
      vertex  7.667452e-03  5.188136e-03  0.000000e+00
      vertex  7.667452e-03  5.188136e-03 -0.000000e+00
      vertex  7.019666e-03  5.163067e-03 -0.000000e+00
    endloop
  endfacet
  facet normal  0.000000e+00  0.000000e+00  0.000000e+00
    outer loop
      vertex  7.667452e-03  5.188136e-03  0.000000e+00
      vertex  7.019666e-03  5.163067e-03 -0.000000e+00
      vertex  7.019666e-03  5.163067e-03  0.000000e+00
    endloop
  endfacet
  facet normal  0.000000e+00  0.000000e+00  0.000000e+00
    outer loop
      vertex  7.663426e-03  5.288055e-03  0.000000e+00
      vertex  7.015942e-03  5.262998e-03  0.000000e+00
      vertex  7.663426e-03  5.288055e-03 -0.000000e+00
    endloop
  endfacet
  facet normal  0.000000e+00  0.000000e+00  0.000000e+00
    outer loop
      vertex  7.015942e-03  5.262998e-03  0.000000e+00
      vertex  7.015942e-03  5.262998e-03 -0.000000e+00
      vertex  7.663426e-03  5.288055e-03 -0.000000e+00
    endloop
  endfacet
  facet normal -0.000000e+00  0.000000e+00 -1.000000e+00
    outer loop
      vertex  7.019666e-03  5.163067e-03  0.000000e+00
      vertex  6.323273e-03  5.138000e-03  0.000000e+00
      vertex  7.015942e-03  5.262998e-03  0.000000e+00
    endloop
  endfacet
  facet normal  0.000000e+00  0.000000e+00 -1.000000e+00
    outer loop
      vertex  6.323273e-03  5.138000e-03  0.000000e+00
      vertex  6.319790e-03  5.237940e-03  0.000000e+00
      vertex  7.015942e-03  5.262998e-03  0.000000e+00
    endloop
  endfacet
  facet normal  0.000000e+00  0.000000e+00  1.000000e+00
    outer loop
      vertex  7.019666e-03  5.163067e-03 -0.000000e+00
      vertex  7.015942e-03  5.262998e-03 -0.000000e+00
      vertex  6.323273e-03  5.138000e-03 -0.000000e+00
    endloop
  endfacet
  facet normal  0.000000e+00 -0.000000e+00  1.000000e+00
    outer loop
      vertex  6.323273e-03  5.138000e-03 -0.000000e+00
      vertex  7.015942e-03  5.262998e-03 -0.000000e+00
      vertex  6.319790e-03  5.237940e-03 -0.000000e+00
    endloop
  endfacet
  facet normal  0.000000e+00  0.000000e+00  0.000000e+00
    outer loop
      vertex  7.019666e-03  5.163067e-03  0.000000e+00
      vertex  7.019666e-03  5.163067e-03 -0.000000e+00
      vertex  6.323273e-03  5.138000e-03 -0.000000e+00
    endloop
  endfacet
  facet normal  0.000000e+00  0.000000e+00  0.000000e+00
    outer loop
      vertex  7.019666e-03  5.163067e-03  0.000000e+00
      vertex  6.323273e-03  5.138000e-03 -0.000000e+00
      vertex  6.323273e-03  5.138000e-03  0.000000e+00
    endloop
  endfacet
  facet normal  0.000000e+00  0.000000e+00  0.000000e+00
    outer loop
      vertex  7.015942e-03  5.262998e-03  0.000000e+00
      vertex  6.319790e-03  5.237940e-03  0.000000e+00
      vertex  7.015942e-03  5.262998e-03 -0.000000e+00
    endloop
  endfacet
  facet normal  0.000000e+00  0.000000e+00  0.000000e+00
    outer loop
      vertex  6.319790e-03  5.237940e-03  0.000000e+00
      vertex  6.319790e-03  5.237940e-03 -0.000000e+00
      vertex  7.015942e-03  5.262998e-03 -0.000000e+00
    endloop
  endfacet
  facet normal -0.000000e+00  0.000000e+00 -1.000000e+00
    outer loop
      vertex  6.323273e-03  5.138000e-03  0.000000e+00
      vertex  5.582275e-03  5.112934e-03  0.000000e+00
      vertex  6.319790e-03  5.237940e-03  0.000000e+00
    endloop
  endfacet
  facet normal  0.000000e+00  0.000000e+00 -1.000000e+00
    outer loop
      vertex  5.582275e-03  5.112934e-03  0.000000e+00
      vertex  5.578987e-03  5.212880e-03  0.000000e+00
      vertex  6.319790e-03  5.237940e-03  0.000000e+00
    endloop
  endfacet
  facet normal  0.000000e+00  0.000000e+00  1.000000e+00
    outer loop
      vertex  6.323273e-03  5.138000e-03 -0.000000e+00
      vertex  6.319790e-03  5.237940e-03 -0.000000e+00
      vertex  5.582275e-03  5.112934e-03 -0.000000e+00
    endloop
  endfacet
  facet normal  0.000000e+00 -0.000000e+00  1.000000e+00
    outer loop
      vertex  5.582275e-03  5.112934e-03 -0.000000e+00
      vertex  6.319790e-03  5.237940e-03 -0.000000e+00
      vertex  5.578987e-03  5.212880e-03 -0.000000e+00
    endloop
  endfacet
  facet normal  0.000000e+00  0.000000e+00  0.000000e+00
    outer loop
      vertex  6.323273e-03  5.138000e-03  0.000000e+00
      vertex  6.323273e-03  5.138000e-03 -0.000000e+00
      vertex  5.582275e-03  5.112934e-03 -0.000000e+00
    endloop
  endfacet
  facet normal  0.000000e+00  0.000000e+00  0.000000e+00
    outer loop
      vertex  6.323273e-03  5.138000e-03  0.000000e+00
      vertex  5.582275e-03  5.112934e-03 -0.000000e+00
      vertex  5.582275e-03  5.112934e-03  0.000000e+00
    endloop
  endfacet
  facet normal  0.000000e+00  0.000000e+00  0.000000e+00
    outer loop
      vertex  6.319790e-03  5.237940e-03  0.000000e+00
      vertex  5.578987e-03  5.212880e-03  0.000000e+00
      vertex  6.319790e-03  5.237940e-03 -0.000000e+00
    endloop
  endfacet
  facet normal  0.000000e+00  0.000000e+00  0.000000e+00
    outer loop
      vertex  5.578987e-03  5.212880e-03  0.000000e+00
      vertex  5.578987e-03  5.212880e-03 -0.000000e+00
      vertex  6.319790e-03  5.237940e-03 -0.000000e+00
    endloop
  endfacet
  facet normal -0.000000e+00  0.000000e+00 -1.000000e+00
    outer loop
      vertex  5.582275e-03  5.112934e-03  0.000000e+00
      vertex  4.800988e-03  5.087869e-03  0.000000e+00
      vertex  5.578987e-03  5.212880e-03  0.000000e+00
    endloop
  endfacet
  facet normal  0.000000e+00  0.000000e+00 -1.000000e+00
    outer loop
      vertex  4.800988e-03  5.087869e-03  0.000000e+00
      vertex  4.797856e-03  5.187820e-03  0.000000e+00
      vertex  5.578987e-03  5.212880e-03  0.000000e+00
    endloop
  endfacet
  facet normal  0.000000e+00  0.000000e+00  1.000000e+00
    outer loop
      vertex  5.582275e-03  5.112934e-03 -0.000000e+00
      vertex  5.578987e-03  5.212880e-03 -0.000000e+00
      vertex  4.800988e-03  5.087869e-03 -0.000000e+00
    endloop
  endfacet
  facet normal  0.000000e+00 -0.000000e+00  1.000000e+00
    outer loop
      vertex  4.800988e-03  5.087869e-03 -0.000000e+00
      vertex  5.578987e-03  5.212880e-03 -0.000000e+00
      vertex  4.797856e-03  5.187820e-03 -0.000000e+00
    endloop
  endfacet
  facet normal  0.000000e+00  0.000000e+00  0.000000e+00
    outer loop
      vertex  5.582275e-03  5.112934e-03  0.000000e+00
      vertex  5.582275e-03  5.112934e-03 -0.000000e+00
      vertex  4.800988e-03  5.087869e-03 -0.000000e+00
    endloop
  endfacet
  facet normal  0.000000e+00  0.000000e+00  0.000000e+00
    outer loop
      vertex  5.582275e-03  5.112934e-03  0.000000e+00
      vertex  4.800988e-03  5.087869e-03 -0.000000e+00
      vertex  4.800988e-03  5.087869e-03  0.000000e+00
    endloop
  endfacet
  facet normal  0.000000e+00  0.000000e+00  0.000000e+00
    outer loop
      vertex  5.578987e-03  5.212880e-03  0.000000e+00
      vertex  4.797856e-03  5.187820e-03  0.000000e+00
      vertex  5.578987e-03  5.212880e-03 -0.000000e+00
    endloop
  endfacet
  facet normal  0.000000e+00  0.000000e+00  0.000000e+00
    outer loop
      vertex  4.797856e-03  5.187820e-03  0.000000e+00
      vertex  4.797856e-03  5.187820e-03 -0.000000e+00
      vertex  5.578987e-03  5.212880e-03 -0.000000e+00
    endloop
  endfacet
  facet normal -0.000000e+00  0.000000e+00 -1.000000e+00
    outer loop
      vertex  4.800988e-03  5.087869e-03  0.000000e+00
      vertex  3.984014e-03  5.062805e-03  0.000000e+00
      vertex  4.797856e-03  5.187820e-03  0.000000e+00
    endloop
  endfacet
  facet normal  0.000000e+00  0.000000e+00 -1.000000e+00
    outer loop
      vertex  3.984014e-03  5.062805e-03  0.000000e+00
      vertex  3.981007e-03  5.162759e-03  0.000000e+00
      vertex  4.797856e-03  5.187820e-03  0.000000e+00
    endloop
  endfacet
  facet normal  0.000000e+00  0.000000e+00  1.000000e+00
    outer loop
      vertex  4.800988e-03  5.087869e-03 -0.000000e+00
      vertex  4.797856e-03  5.187820e-03 -0.000000e+00
      vertex  3.984014e-03  5.062805e-03 -0.000000e+00
    endloop
  endfacet
  facet normal  0.000000e+00 -0.000000e+00  1.000000e+00
    outer loop
      vertex  3.984014e-03  5.062805e-03 -0.000000e+00
      vertex  4.797856e-03  5.187820e-03 -0.000000e+00
      vertex  3.981007e-03  5.162759e-03 -0.000000e+00
    endloop
  endfacet
  facet normal  0.000000e+00  0.000000e+00  0.000000e+00
    outer loop
      vertex  4.800988e-03  5.087869e-03  0.000000e+00
      vertex  4.800988e-03  5.087869e-03 -0.000000e+00
      vertex  3.984014e-03  5.062805e-03 -0.000000e+00
    endloop
  endfacet
  facet normal  0.000000e+00  0.000000e+00  0.000000e+00
    outer loop
      vertex  4.800988e-03  5.087869e-03  0.000000e+00
      vertex  3.984014e-03  5.062805e-03 -0.000000e+00
      vertex  3.984014e-03  5.062805e-03  0.000000e+00
    endloop
  endfacet
  facet normal  0.000000e+00  0.000000e+00  0.000000e+00
    outer loop
      vertex  4.797856e-03  5.187820e-03  0.000000e+00
      vertex  3.981007e-03  5.162759e-03  0.000000e+00
      vertex  4.797856e-03  5.187820e-03 -0.000000e+00
    endloop
  endfacet
  facet normal  0.000000e+00  0.000000e+00  0.000000e+00
    outer loop
      vertex  3.981007e-03  5.162759e-03  0.000000e+00
      vertex  3.981007e-03  5.162759e-03 -0.000000e+00
      vertex  4.797856e-03  5.187820e-03 -0.000000e+00
    endloop
  endfacet
  facet normal -0.000000e+00  0.000000e+00 -1.000000e+00
    outer loop
      vertex  3.984014e-03  5.062805e-03  0.000000e+00
      vertex  3.136213e-03  5.037740e-03  0.000000e+00
      vertex  3.981007e-03  5.162759e-03  0.000000e+00
    endloop
  endfacet
  facet normal  0.000000e+00  0.000000e+00 -1.000000e+00
    outer loop
      vertex  3.136213e-03  5.037740e-03  0.000000e+00
      vertex  3.133305e-03  5.137698e-03  0.000000e+00
      vertex  3.981007e-03  5.162759e-03  0.000000e+00
    endloop
  endfacet
  facet normal  0.000000e+00  0.000000e+00  1.000000e+00
    outer loop
      vertex  3.984014e-03  5.062805e-03 -0.000000e+00
      vertex  3.981007e-03  5.162759e-03 -0.000000e+00
      vertex  3.136213e-03  5.037740e-03 -0.000000e+00
    endloop
  endfacet
  facet normal  0.000000e+00 -0.000000e+00  1.000000e+00
    outer loop
      vertex  3.136213e-03  5.037740e-03 -0.000000e+00
      vertex  3.981007e-03  5.162759e-03 -0.000000e+00
      vertex  3.133305e-03  5.137698e-03 -0.000000e+00
    endloop
  endfacet
  facet normal  0.000000e+00  0.000000e+00  0.000000e+00
    outer loop
      vertex  3.984014e-03  5.062805e-03  0.000000e+00
      vertex  3.984014e-03  5.062805e-03 -0.000000e+00
      vertex  3.136213e-03  5.037740e-03 -0.000000e+00
    endloop
  endfacet
  facet normal  0.000000e+00  0.000000e+00  0.000000e+00
    outer loop
      vertex  3.984014e-03  5.062805e-03  0.000000e+00
      vertex  3.136213e-03  5.037740e-03 -0.000000e+00
      vertex  3.136213e-03  5.037740e-03  0.000000e+00
    endloop
  endfacet
  facet normal  0.000000e+00  0.000000e+00  0.000000e+00
    outer loop
      vertex  3.981007e-03  5.162759e-03  0.000000e+00
      vertex  3.133305e-03  5.137698e-03  0.000000e+00
      vertex  3.981007e-03  5.162759e-03 -0.000000e+00
    endloop
  endfacet
  facet normal  0.000000e+00  0.000000e+00  0.000000e+00
    outer loop
      vertex  3.133305e-03  5.137698e-03  0.000000e+00
      vertex  3.133305e-03  5.137698e-03 -0.000000e+00
      vertex  3.981007e-03  5.162759e-03 -0.000000e+00
    endloop
  endfacet
  facet normal -0.000000e+00  0.000000e+00 -1.000000e+00
    outer loop
      vertex  3.136213e-03  5.037740e-03  0.000000e+00
      vertex  2.262677e-03  5.012677e-03  0.000000e+00
      vertex  3.133305e-03  5.137698e-03  0.000000e+00
    endloop
  endfacet
  facet normal  0.000000e+00  0.000000e+00 -1.000000e+00
    outer loop
      vertex  2.262677e-03  5.012677e-03  0.000000e+00
      vertex  2.259845e-03  5.112637e-03  0.000000e+00
      vertex  3.133305e-03  5.137698e-03  0.000000e+00
    endloop
  endfacet
  facet normal  0.000000e+00  0.000000e+00  1.000000e+00
    outer loop
      vertex  3.136213e-03  5.037740e-03 -0.000000e+00
      vertex  3.133305e-03  5.137698e-03 -0.000000e+00
      vertex  2.262677e-03  5.012677e-03 -0.000000e+00
    endloop
  endfacet
  facet normal  0.000000e+00 -0.000000e+00  1.000000e+00
    outer loop
      vertex  2.262677e-03  5.012677e-03 -0.000000e+00
      vertex  3.133305e-03  5.137698e-03 -0.000000e+00
      vertex  2.259845e-03  5.112637e-03 -0.000000e+00
    endloop
  endfacet
  facet normal  0.000000e+00  0.000000e+00  0.000000e+00
    outer loop
      vertex  3.136213e-03  5.037740e-03  0.000000e+00
      vertex  3.136213e-03  5.037740e-03 -0.000000e+00
      vertex  2.262677e-03  5.012677e-03 -0.000000e+00
    endloop
  endfacet
  facet normal  0.000000e+00  0.000000e+00  0.000000e+00
    outer loop
      vertex  3.136213e-03  5.037740e-03  0.000000e+00
      vertex  2.262677e-03  5.012677e-03 -0.000000e+00
      vertex  2.262677e-03  5.012677e-03  0.000000e+00
    endloop
  endfacet
  facet normal  0.000000e+00  0.000000e+00  0.000000e+00
    outer loop
      vertex  3.133305e-03  5.137698e-03  0.000000e+00
      vertex  2.259845e-03  5.112637e-03  0.000000e+00
      vertex  3.133305e-03  5.137698e-03 -0.000000e+00
    endloop
  endfacet
  facet normal  0.000000e+00  0.000000e+00  0.000000e+00
    outer loop
      vertex  2.259845e-03  5.112637e-03  0.000000e+00
      vertex  2.259845e-03  5.112637e-03 -0.000000e+00
      vertex  3.133305e-03  5.137698e-03 -0.000000e+00
    endloop
  endfacet
  facet normal -0.000000e+00  0.000000e+00 -1.000000e+00
    outer loop
      vertex  2.262677e-03  5.012677e-03  0.000000e+00
      vertex  1.368696e-03  4.987613e-03  0.000000e+00
      vertex  2.259845e-03  5.112637e-03  0.000000e+00
    endloop
  endfacet
  facet normal  0.000000e+00  0.000000e+00 -1.000000e+00
    outer loop
      vertex  1.368696e-03  4.987613e-03  0.000000e+00
      vertex  1.365919e-03  5.087575e-03  0.000000e+00
      vertex  2.259845e-03  5.112637e-03  0.000000e+00
    endloop
  endfacet
  facet normal  0.000000e+00  0.000000e+00  1.000000e+00
    outer loop
      vertex  2.262677e-03  5.012677e-03 -0.000000e+00
      vertex  2.259845e-03  5.112637e-03 -0.000000e+00
      vertex  1.368696e-03  4.987613e-03 -0.000000e+00
    endloop
  endfacet
  facet normal  0.000000e+00 -0.000000e+00  1.000000e+00
    outer loop
      vertex  1.368696e-03  4.987613e-03 -0.000000e+00
      vertex  2.259845e-03  5.112637e-03 -0.000000e+00
      vertex  1.365919e-03  5.087575e-03 -0.000000e+00
    endloop
  endfacet
  facet normal  0.000000e+00  0.000000e+00  0.000000e+00
    outer loop
      vertex  2.262677e-03  5.012677e-03  0.000000e+00
      vertex  2.262677e-03  5.012677e-03 -0.000000e+00
      vertex  1.368696e-03  4.987613e-03 -0.000000e+00
    endloop
  endfacet
  facet normal  0.000000e+00  0.000000e+00  0.000000e+00
    outer loop
      vertex  2.262677e-03  5.012677e-03  0.000000e+00
      vertex  1.368696e-03  4.987613e-03 -0.000000e+00
      vertex  1.368696e-03  4.987613e-03  0.000000e+00
    endloop
  endfacet
  facet normal  0.000000e+00  0.000000e+00  0.000000e+00
    outer loop
      vertex  2.259845e-03  5.112637e-03  0.000000e+00
      vertex  1.365919e-03  5.087575e-03  0.000000e+00
      vertex  2.259845e-03  5.112637e-03 -0.000000e+00
    endloop
  endfacet
  facet normal  0.000000e+00  0.000000e+00  0.000000e+00
    outer loop
      vertex  1.365919e-03  5.087575e-03  0.000000e+00
      vertex  1.365919e-03  5.087575e-03 -0.000000e+00
      vertex  2.259845e-03  5.112637e-03 -0.000000e+00
    endloop
  endfacet
  facet normal -0.000000e+00  0.000000e+00 -1.000000e+00
    outer loop
      vertex  1.368696e-03  4.987613e-03  0.000000e+00
      vertex  4.597262e-04  4.962550e-03  0.000000e+00
      vertex  1.365919e-03  5.087575e-03  0.000000e+00
    endloop
  endfacet
  facet normal  0.000000e+00  0.000000e+00 -1.000000e+00
    outer loop
      vertex  4.597262e-04  4.962550e-03  0.000000e+00
      vertex  4.569869e-04  5.062513e-03  0.000000e+00
      vertex  1.365919e-03  5.087575e-03  0.000000e+00
    endloop
  endfacet
  facet normal  0.000000e+00  0.000000e+00  1.000000e+00
    outer loop
      vertex  1.368696e-03  4.987613e-03 -0.000000e+00
      vertex  1.365919e-03  5.087575e-03 -0.000000e+00
      vertex  4.597262e-04  4.962550e-03 -0.000000e+00
    endloop
  endfacet
  facet normal  0.000000e+00 -0.000000e+00  1.000000e+00
    outer loop
      vertex  4.597262e-04  4.962550e-03 -0.000000e+00
      vertex  1.365919e-03  5.087575e-03 -0.000000e+00
      vertex  4.569869e-04  5.062513e-03 -0.000000e+00
    endloop
  endfacet
  facet normal  0.000000e+00  0.000000e+00  0.000000e+00
    outer loop
      vertex  1.368696e-03  4.987613e-03  0.000000e+00
      vertex  1.368696e-03  4.987613e-03 -0.000000e+00
      vertex  4.597262e-04  4.962550e-03 -0.000000e+00
    endloop
  endfacet
  facet normal  0.000000e+00  0.000000e+00  0.000000e+00
    outer loop
      vertex  1.368696e-03  4.987613e-03  0.000000e+00
      vertex  4.597262e-04  4.962550e-03 -0.000000e+00
      vertex  4.597262e-04  4.962550e-03  0.000000e+00
    endloop
  endfacet
  facet normal  0.000000e+00  0.000000e+00  0.000000e+00
    outer loop
      vertex  1.365919e-03  5.087575e-03  0.000000e+00
      vertex  4.569869e-04  5.062513e-03  0.000000e+00
      vertex  1.365919e-03  5.087575e-03 -0.000000e+00
    endloop
  endfacet
  facet normal  0.000000e+00  0.000000e+00  0.000000e+00
    outer loop
      vertex  4.569869e-04  5.062513e-03  0.000000e+00
      vertex  4.569869e-04  5.062513e-03 -0.000000e+00
      vertex  1.365919e-03  5.087575e-03 -0.000000e+00
    endloop
  endfacet
  facet normal -0.000000e+00  0.000000e+00 -1.000000e+00
    outer loop
      vertex  4.597262e-04  4.962550e-03  0.000000e+00
      vertex -4.586407e-04  4.937487e-03  0.000000e+00
      vertex  4.569869e-04  5.062513e-03  0.000000e+00
    endloop
  endfacet
  facet normal  0.000000e+00  0.000000e+00 -1.000000e+00
    outer loop
      vertex -4.586407e-04  4.937487e-03  0.000000e+00
      vertex -4.613604e-04  5.037450e-03  0.000000e+00
      vertex  4.569869e-04  5.062513e-03  0.000000e+00
    endloop
  endfacet
  facet normal  0.000000e+00  0.000000e+00  1.000000e+00
    outer loop
      vertex  4.597262e-04  4.962550e-03 -0.000000e+00
      vertex  4.569869e-04  5.062513e-03 -0.000000e+00
      vertex -4.586407e-04  4.937487e-03 -0.000000e+00
    endloop
  endfacet
  facet normal  0.000000e+00 -0.000000e+00  1.000000e+00
    outer loop
      vertex -4.586407e-04  4.937487e-03 -0.000000e+00
      vertex  4.569869e-04  5.062513e-03 -0.000000e+00
      vertex -4.613604e-04  5.037450e-03 -0.000000e+00
    endloop
  endfacet
  facet normal  0.000000e+00  0.000000e+00  0.000000e+00
    outer loop
      vertex  4.597262e-04  4.962550e-03  0.000000e+00
      vertex  4.597262e-04  4.962550e-03 -0.000000e+00
      vertex -4.586407e-04  4.937487e-03 -0.000000e+00
    endloop
  endfacet
  facet normal  0.000000e+00  0.000000e+00  0.000000e+00
    outer loop
      vertex  4.597262e-04  4.962550e-03  0.000000e+00
      vertex -4.586407e-04  4.937487e-03 -0.000000e+00
      vertex -4.586407e-04  4.937487e-03  0.000000e+00
    endloop
  endfacet
  facet normal  0.000000e+00  0.000000e+00  0.000000e+00
    outer loop
      vertex  4.569869e-04  5.062513e-03  0.000000e+00
      vertex -4.613604e-04  5.037450e-03  0.000000e+00
      vertex  4.569869e-04  5.062513e-03 -0.000000e+00
    endloop
  endfacet
  facet normal  0.000000e+00  0.000000e+00  0.000000e+00
    outer loop
      vertex -4.613604e-04  5.037450e-03  0.000000e+00
      vertex -4.613604e-04  5.037450e-03 -0.000000e+00
      vertex  4.569869e-04  5.062513e-03 -0.000000e+00
    endloop
  endfacet
  facet normal -0.000000e+00  0.000000e+00 -1.000000e+00
    outer loop
      vertex -4.586407e-04  4.937487e-03  0.000000e+00
      vertex -1.380715e-03  4.912424e-03  0.000000e+00
      vertex -4.613604e-04  5.037450e-03  0.000000e+00
    endloop
  endfacet
  facet normal  0.000000e+00  0.000000e+00 -1.000000e+00
    outer loop
      vertex -1.380715e-03  4.912424e-03  0.000000e+00
      vertex -1.383432e-03  5.012388e-03  0.000000e+00
      vertex -4.613604e-04  5.037450e-03  0.000000e+00
    endloop
  endfacet
  facet normal  0.000000e+00  0.000000e+00  1.000000e+00
    outer loop
      vertex -4.586407e-04  4.937487e-03 -0.000000e+00
      vertex -4.613604e-04  5.037450e-03 -0.000000e+00
      vertex -1.380715e-03  4.912424e-03 -0.000000e+00
    endloop
  endfacet
  facet normal  0.000000e+00 -0.000000e+00  1.000000e+00
    outer loop
      vertex -1.380715e-03  4.912424e-03 -0.000000e+00
      vertex -4.613604e-04  5.037450e-03 -0.000000e+00
      vertex -1.383432e-03  5.012388e-03 -0.000000e+00
    endloop
  endfacet
  facet normal  0.000000e+00  0.000000e+00  0.000000e+00
    outer loop
      vertex -4.586407e-04  4.937487e-03  0.000000e+00
      vertex -4.586407e-04  4.937487e-03 -0.000000e+00
      vertex -1.380715e-03  4.912424e-03 -0.000000e+00
    endloop
  endfacet
  facet normal  0.000000e+00  0.000000e+00  0.000000e+00
    outer loop
      vertex -4.586407e-04  4.937487e-03  0.000000e+00
      vertex -1.380715e-03  4.912424e-03 -0.000000e+00
      vertex -1.380715e-03  4.912424e-03  0.000000e+00
    endloop
  endfacet
  facet normal  0.000000e+00  0.000000e+00  0.000000e+00
    outer loop
      vertex -4.613604e-04  5.037450e-03  0.000000e+00
      vertex -1.383432e-03  5.012388e-03  0.000000e+00
      vertex -4.613604e-04  5.037450e-03 -0.000000e+00
    endloop
  endfacet
  facet normal  0.000000e+00  0.000000e+00  0.000000e+00
    outer loop
      vertex -1.383432e-03  5.012388e-03  0.000000e+00
      vertex -1.383432e-03  5.012388e-03 -0.000000e+00
      vertex -4.613604e-04  5.037450e-03 -0.000000e+00
    endloop
  endfacet
  facet normal -0.000000e+00  0.000000e+00 -1.000000e+00
    outer loop
      vertex -1.380715e-03  4.912424e-03  0.000000e+00
      vertex -2.300742e-03  4.887362e-03  0.000000e+00
      vertex -1.383432e-03  5.012388e-03  0.000000e+00
    endloop
  endfacet
  facet normal  0.000000e+00  0.000000e+00 -1.000000e+00
    outer loop
      vertex -2.300742e-03  4.887362e-03  0.000000e+00
      vertex -2.303474e-03  4.987325e-03  0.000000e+00
      vertex -1.383432e-03  5.012388e-03  0.000000e+00
    endloop
  endfacet
  facet normal  0.000000e+00  0.000000e+00  1.000000e+00
    outer loop
      vertex -1.380715e-03  4.912424e-03 -0.000000e+00
      vertex -1.383432e-03  5.012388e-03 -0.000000e+00
      vertex -2.300742e-03  4.887362e-03 -0.000000e+00
    endloop
  endfacet
  facet normal  0.000000e+00 -0.000000e+00  1.000000e+00
    outer loop
      vertex -2.300742e-03  4.887362e-03 -0.000000e+00
      vertex -1.383432e-03  5.012388e-03 -0.000000e+00
      vertex -2.303474e-03  4.987325e-03 -0.000000e+00
    endloop
  endfacet
  facet normal  0.000000e+00  0.000000e+00  0.000000e+00
    outer loop
      vertex -1.380715e-03  4.912424e-03  0.000000e+00
      vertex -1.380715e-03  4.912424e-03 -0.000000e+00
      vertex -2.300742e-03  4.887362e-03 -0.000000e+00
    endloop
  endfacet
  facet normal  0.000000e+00  0.000000e+00  0.000000e+00
    outer loop
      vertex -1.380715e-03  4.912424e-03  0.000000e+00
      vertex -2.300742e-03  4.887362e-03 -0.000000e+00
      vertex -2.300742e-03  4.887362e-03  0.000000e+00
    endloop
  endfacet
  facet normal  0.000000e+00  0.000000e+00  0.000000e+00
    outer loop
      vertex -1.383432e-03  5.012388e-03  0.000000e+00
      vertex -2.303474e-03  4.987325e-03  0.000000e+00
      vertex -1.383432e-03  5.012388e-03 -0.000000e+00
    endloop
  endfacet
  facet normal  0.000000e+00  0.000000e+00  0.000000e+00
    outer loop
      vertex -2.303474e-03  4.987325e-03  0.000000e+00
      vertex -2.303474e-03  4.987325e-03 -0.000000e+00
      vertex -1.383432e-03  5.012388e-03 -0.000000e+00
    endloop
  endfacet
  facet normal -0.000000e+00  0.000000e+00 -1.000000e+00
    outer loop
      vertex -2.300742e-03  4.887362e-03  0.000000e+00
      vertex -3.212940e-03  4.862300e-03  0.000000e+00
      vertex -2.303474e-03  4.987325e-03  0.000000e+00
    endloop
  endfacet
  facet normal  0.000000e+00  0.000000e+00 -1.000000e+00
    outer loop
      vertex -3.212940e-03  4.862300e-03  0.000000e+00
      vertex -3.215704e-03  4.962262e-03  0.000000e+00
      vertex -2.303474e-03  4.987325e-03  0.000000e+00
    endloop
  endfacet
  facet normal  0.000000e+00  0.000000e+00  1.000000e+00
    outer loop
      vertex -2.300742e-03  4.887362e-03 -0.000000e+00
      vertex -2.303474e-03  4.987325e-03 -0.000000e+00
      vertex -3.212940e-03  4.862300e-03 -0.000000e+00
    endloop
  endfacet
  facet normal  0.000000e+00 -0.000000e+00  1.000000e+00
    outer loop
      vertex -3.212940e-03  4.862300e-03 -0.000000e+00
      vertex -2.303474e-03  4.987325e-03 -0.000000e+00
      vertex -3.215704e-03  4.962262e-03 -0.000000e+00
    endloop
  endfacet
  facet normal  0.000000e+00  0.000000e+00  0.000000e+00
    outer loop
      vertex -2.300742e-03  4.887362e-03  0.000000e+00
      vertex -2.300742e-03  4.887362e-03 -0.000000e+00
      vertex -3.212940e-03  4.862300e-03 -0.000000e+00
    endloop
  endfacet
  facet normal  0.000000e+00  0.000000e+00  0.000000e+00
    outer loop
      vertex -2.300742e-03  4.887362e-03  0.000000e+00
      vertex -3.212940e-03  4.862300e-03 -0.000000e+00
      vertex -3.212940e-03  4.862300e-03  0.000000e+00
    endloop
  endfacet
  facet normal  0.000000e+00  0.000000e+00  0.000000e+00
    outer loop
      vertex -2.303474e-03  4.987325e-03  0.000000e+00
      vertex -3.215704e-03  4.962262e-03  0.000000e+00
      vertex -2.303474e-03  4.987325e-03 -0.000000e+00
    endloop
  endfacet
  facet normal  0.000000e+00  0.000000e+00  0.000000e+00
    outer loop
      vertex -3.215704e-03  4.962262e-03  0.000000e+00
      vertex -3.215704e-03  4.962262e-03 -0.000000e+00
      vertex -2.303474e-03  4.987325e-03 -0.000000e+00
    endloop
  endfacet
  facet normal -0.000000e+00  0.000000e+00 -1.000000e+00
    outer loop
      vertex -3.212940e-03  4.862300e-03  0.000000e+00
      vertex -4.111534e-03  4.837238e-03  0.000000e+00
      vertex -3.215704e-03  4.962262e-03  0.000000e+00
    endloop
  endfacet
  facet normal  0.000000e+00  0.000000e+00 -1.000000e+00
    outer loop
      vertex -4.111534e-03  4.837238e-03  0.000000e+00
      vertex -4.114350e-03  4.937198e-03  0.000000e+00
      vertex -3.215704e-03  4.962262e-03  0.000000e+00
    endloop
  endfacet
  facet normal  0.000000e+00  0.000000e+00  1.000000e+00
    outer loop
      vertex -3.212940e-03  4.862300e-03 -0.000000e+00
      vertex -3.215704e-03  4.962262e-03 -0.000000e+00
      vertex -4.111534e-03  4.837238e-03 -0.000000e+00
    endloop
  endfacet
  facet normal  0.000000e+00 -0.000000e+00  1.000000e+00
    outer loop
      vertex -4.111534e-03  4.837238e-03 -0.000000e+00
      vertex -3.215704e-03  4.962262e-03 -0.000000e+00
      vertex -4.114350e-03  4.937198e-03 -0.000000e+00
    endloop
  endfacet
  facet normal  0.000000e+00  0.000000e+00  0.000000e+00
    outer loop
      vertex -3.212940e-03  4.862300e-03  0.000000e+00
      vertex -3.212940e-03  4.862300e-03 -0.000000e+00
      vertex -4.111534e-03  4.837238e-03 -0.000000e+00
    endloop
  endfacet
  facet normal  0.000000e+00  0.000000e+00  0.000000e+00
    outer loop
      vertex -3.212940e-03  4.862300e-03  0.000000e+00
      vertex -4.111534e-03  4.837238e-03 -0.000000e+00
      vertex -4.111534e-03  4.837238e-03  0.000000e+00
    endloop
  endfacet
  facet normal  0.000000e+00  0.000000e+00  0.000000e+00
    outer loop
      vertex -3.215704e-03  4.962262e-03  0.000000e+00
      vertex -4.114350e-03  4.937198e-03  0.000000e+00
      vertex -3.215704e-03  4.962262e-03 -0.000000e+00
    endloop
  endfacet
  facet normal  0.000000e+00  0.000000e+00  0.000000e+00
    outer loop
      vertex -4.114350e-03  4.937198e-03  0.000000e+00
      vertex -4.114350e-03  4.937198e-03 -0.000000e+00
      vertex -3.215704e-03  4.962262e-03 -0.000000e+00
    endloop
  endfacet
  facet normal -0.000000e+00  0.000000e+00 -1.000000e+00
    outer loop
      vertex -4.111534e-03  4.837238e-03  0.000000e+00
      vertex -4.990797e-03  4.812176e-03  0.000000e+00
      vertex -4.114350e-03  4.937198e-03  0.000000e+00
    endloop
  endfacet
  facet normal  0.000000e+00  0.000000e+00 -1.000000e+00
    outer loop
      vertex -4.990797e-03  4.812176e-03  0.000000e+00
      vertex -4.993684e-03  4.912135e-03  0.000000e+00
      vertex -4.114350e-03  4.937198e-03  0.000000e+00
    endloop
  endfacet
  facet normal  0.000000e+00  0.000000e+00  1.000000e+00
    outer loop
      vertex -4.111534e-03  4.837238e-03 -0.000000e+00
      vertex -4.114350e-03  4.937198e-03 -0.000000e+00
      vertex -4.990797e-03  4.812176e-03 -0.000000e+00
    endloop
  endfacet
  facet normal  0.000000e+00 -0.000000e+00  1.000000e+00
    outer loop
      vertex -4.990797e-03  4.812176e-03 -0.000000e+00
      vertex -4.114350e-03  4.937198e-03 -0.000000e+00
      vertex -4.993684e-03  4.912135e-03 -0.000000e+00
    endloop
  endfacet
  facet normal  0.000000e+00  0.000000e+00  0.000000e+00
    outer loop
      vertex -4.111534e-03  4.837238e-03  0.000000e+00
      vertex -4.111534e-03  4.837238e-03 -0.000000e+00
      vertex -4.990797e-03  4.812176e-03 -0.000000e+00
    endloop
  endfacet
  facet normal  0.000000e+00  0.000000e+00  0.000000e+00
    outer loop
      vertex -4.111534e-03  4.837238e-03  0.000000e+00
      vertex -4.990797e-03  4.812176e-03 -0.000000e+00
      vertex -4.990797e-03  4.812176e-03  0.000000e+00
    endloop
  endfacet
  facet normal  0.000000e+00  0.000000e+00  0.000000e+00
    outer loop
      vertex -4.114350e-03  4.937198e-03  0.000000e+00
      vertex -4.993684e-03  4.912135e-03  0.000000e+00
      vertex -4.114350e-03  4.937198e-03 -0.000000e+00
    endloop
  endfacet
  facet normal  0.000000e+00  0.000000e+00  0.000000e+00
    outer loop
      vertex -4.993684e-03  4.912135e-03  0.000000e+00
      vertex -4.993684e-03  4.912135e-03 -0.000000e+00
      vertex -4.114350e-03  4.937198e-03 -0.000000e+00
    endloop
  endfacet
  facet normal -0.000000e+00  0.000000e+00 -1.000000e+00
    outer loop
      vertex -4.990797e-03  4.812176e-03  0.000000e+00
      vertex -5.845079e-03  4.787115e-03  0.000000e+00
      vertex -4.993684e-03  4.912135e-03  0.000000e+00
    endloop
  endfacet
  facet normal  0.000000e+00  0.000000e+00 -1.000000e+00
    outer loop
      vertex -5.845079e-03  4.787115e-03  0.000000e+00
      vertex -5.848061e-03  4.887070e-03  0.000000e+00
      vertex -4.993684e-03  4.912135e-03  0.000000e+00
    endloop
  endfacet
  facet normal  0.000000e+00  0.000000e+00  1.000000e+00
    outer loop
      vertex -4.990797e-03  4.812176e-03 -0.000000e+00
      vertex -4.993684e-03  4.912135e-03 -0.000000e+00
      vertex -5.845079e-03  4.787115e-03 -0.000000e+00
    endloop
  endfacet
  facet normal  0.000000e+00 -0.000000e+00  1.000000e+00
    outer loop
      vertex -5.845079e-03  4.787115e-03 -0.000000e+00
      vertex -4.993684e-03  4.912135e-03 -0.000000e+00
      vertex -5.848061e-03  4.887070e-03 -0.000000e+00
    endloop
  endfacet
  facet normal  0.000000e+00  0.000000e+00  0.000000e+00
    outer loop
      vertex -4.990797e-03  4.812176e-03  0.000000e+00
      vertex -4.990797e-03  4.812176e-03 -0.000000e+00
      vertex -5.845079e-03  4.787115e-03 -0.000000e+00
    endloop
  endfacet
  facet normal  0.000000e+00  0.000000e+00  0.000000e+00
    outer loop
      vertex -4.990797e-03  4.812176e-03  0.000000e+00
      vertex -5.845079e-03  4.787115e-03 -0.000000e+00
      vertex -5.845079e-03  4.787115e-03  0.000000e+00
    endloop
  endfacet
  facet normal  0.000000e+00  0.000000e+00  0.000000e+00
    outer loop
      vertex -4.993684e-03  4.912135e-03  0.000000e+00
      vertex -5.848061e-03  4.887070e-03  0.000000e+00
      vertex -4.993684e-03  4.912135e-03 -0.000000e+00
    endloop
  endfacet
  facet normal  0.000000e+00  0.000000e+00  0.000000e+00
    outer loop
      vertex -5.848061e-03  4.887070e-03  0.000000e+00
      vertex -5.848061e-03  4.887070e-03 -0.000000e+00
      vertex -4.993684e-03  4.912135e-03 -0.000000e+00
    endloop
  endfacet
  facet normal -0.000000e+00  0.000000e+00 -1.000000e+00
    outer loop
      vertex -5.845079e-03  4.787115e-03  0.000000e+00
      vertex -6.668849e-03  4.762054e-03  0.000000e+00
      vertex -5.848061e-03  4.887070e-03  0.000000e+00
    endloop
  endfacet
  facet normal  0.000000e+00  0.000000e+00 -1.000000e+00
    outer loop
      vertex -6.668849e-03  4.762054e-03  0.000000e+00
      vertex -6.671954e-03  4.862006e-03  0.000000e+00
      vertex -5.848061e-03  4.887070e-03  0.000000e+00
    endloop
  endfacet
  facet normal  0.000000e+00  0.000000e+00  1.000000e+00
    outer loop
      vertex -5.845079e-03  4.787115e-03 -0.000000e+00
      vertex -5.848061e-03  4.887070e-03 -0.000000e+00
      vertex -6.668849e-03  4.762054e-03 -0.000000e+00
    endloop
  endfacet
  facet normal  0.000000e+00 -0.000000e+00  1.000000e+00
    outer loop
      vertex -6.668849e-03  4.762054e-03 -0.000000e+00
      vertex -5.848061e-03  4.887070e-03 -0.000000e+00
      vertex -6.671954e-03  4.862006e-03 -0.000000e+00
    endloop
  endfacet
  facet normal  0.000000e+00  0.000000e+00  0.000000e+00
    outer loop
      vertex -5.845079e-03  4.787115e-03  0.000000e+00
      vertex -5.845079e-03  4.787115e-03 -0.000000e+00
      vertex -6.668849e-03  4.762054e-03 -0.000000e+00
    endloop
  endfacet
  facet normal  0.000000e+00  0.000000e+00  0.000000e+00
    outer loop
      vertex -5.845079e-03  4.787115e-03  0.000000e+00
      vertex -6.668849e-03  4.762054e-03 -0.000000e+00
      vertex -6.668849e-03  4.762054e-03  0.000000e+00
    endloop
  endfacet
  facet normal  0.000000e+00  0.000000e+00  0.000000e+00
    outer loop
      vertex -5.848061e-03  4.887070e-03  0.000000e+00
      vertex -6.671954e-03  4.862006e-03  0.000000e+00
      vertex -5.848061e-03  4.887070e-03 -0.000000e+00
    endloop
  endfacet
  facet normal  0.000000e+00  0.000000e+00  0.000000e+00
    outer loop
      vertex -6.671954e-03  4.862006e-03  0.000000e+00
      vertex -6.671954e-03  4.862006e-03 -0.000000e+00
      vertex -5.848061e-03  4.887070e-03 -0.000000e+00
    endloop
  endfacet
  facet normal -0.000000e+00  0.000000e+00 -1.000000e+00
    outer loop
      vertex -6.668849e-03  4.762054e-03  0.000000e+00
      vertex -7.456730e-03  4.736994e-03  0.000000e+00
      vertex -6.671954e-03  4.862006e-03  0.000000e+00
    endloop
  endfacet
  facet normal  0.000000e+00  0.000000e+00 -1.000000e+00
    outer loop
      vertex -7.456730e-03  4.736994e-03  0.000000e+00
      vertex -7.459991e-03  4.836941e-03  0.000000e+00
      vertex -6.671954e-03  4.862006e-03  0.000000e+00
    endloop
  endfacet
  facet normal  0.000000e+00  0.000000e+00  1.000000e+00
    outer loop
      vertex -6.668849e-03  4.762054e-03 -0.000000e+00
      vertex -6.671954e-03  4.862006e-03 -0.000000e+00
      vertex -7.456730e-03  4.736994e-03 -0.000000e+00
    endloop
  endfacet
  facet normal  0.000000e+00 -0.000000e+00  1.000000e+00
    outer loop
      vertex -7.456730e-03  4.736994e-03 -0.000000e+00
      vertex -6.671954e-03  4.862006e-03 -0.000000e+00
      vertex -7.459991e-03  4.836941e-03 -0.000000e+00
    endloop
  endfacet
  facet normal  0.000000e+00  0.000000e+00  0.000000e+00
    outer loop
      vertex -6.668849e-03  4.762054e-03  0.000000e+00
      vertex -6.668849e-03  4.762054e-03 -0.000000e+00
      vertex -7.456730e-03  4.736994e-03 -0.000000e+00
    endloop
  endfacet
  facet normal  0.000000e+00  0.000000e+00  0.000000e+00
    outer loop
      vertex -6.668849e-03  4.762054e-03  0.000000e+00
      vertex -7.456730e-03  4.736994e-03 -0.000000e+00
      vertex -7.456730e-03  4.736994e-03  0.000000e+00
    endloop
  endfacet
  facet normal  0.000000e+00  0.000000e+00  0.000000e+00
    outer loop
      vertex -6.671954e-03  4.862006e-03  0.000000e+00
      vertex -7.459991e-03  4.836941e-03  0.000000e+00
      vertex -6.671954e-03  4.862006e-03 -0.000000e+00
    endloop
  endfacet
  facet normal  0.000000e+00  0.000000e+00  0.000000e+00
    outer loop
      vertex -7.459991e-03  4.836941e-03  0.000000e+00
      vertex -7.459991e-03  4.836941e-03 -0.000000e+00
      vertex -6.671954e-03  4.862006e-03 -0.000000e+00
    endloop
  endfacet
  facet normal -0.000000e+00  0.000000e+00 -1.000000e+00
    outer loop
      vertex -7.456730e-03  4.736994e-03  0.000000e+00
      vertex -8.203530e-03  4.711935e-03  0.000000e+00
      vertex -7.459991e-03  4.836941e-03  0.000000e+00
    endloop
  endfacet
  facet normal  0.000000e+00  0.000000e+00 -1.000000e+00
    outer loop
      vertex -8.203530e-03  4.711935e-03  0.000000e+00
      vertex -8.206987e-03  4.811875e-03  0.000000e+00
      vertex -7.459991e-03  4.836941e-03  0.000000e+00
    endloop
  endfacet
  facet normal  0.000000e+00  0.000000e+00  1.000000e+00
    outer loop
      vertex -7.456730e-03  4.736994e-03 -0.000000e+00
      vertex -7.459991e-03  4.836941e-03 -0.000000e+00
      vertex -8.203530e-03  4.711935e-03 -0.000000e+00
    endloop
  endfacet
  facet normal  0.000000e+00 -0.000000e+00  1.000000e+00
    outer loop
      vertex -8.203530e-03  4.711935e-03 -0.000000e+00
      vertex -7.459991e-03  4.836941e-03 -0.000000e+00
      vertex -8.206987e-03  4.811875e-03 -0.000000e+00
    endloop
  endfacet
  facet normal  0.000000e+00  0.000000e+00  0.000000e+00
    outer loop
      vertex -7.456730e-03  4.736994e-03  0.000000e+00
      vertex -7.456730e-03  4.736994e-03 -0.000000e+00
      vertex -8.203530e-03  4.711935e-03 -0.000000e+00
    endloop
  endfacet
  facet normal  0.000000e+00  0.000000e+00  0.000000e+00
    outer loop
      vertex -7.456730e-03  4.736994e-03  0.000000e+00
      vertex -8.203530e-03  4.711935e-03 -0.000000e+00
      vertex -8.203530e-03  4.711935e-03  0.000000e+00
    endloop
  endfacet
  facet normal  0.000000e+00  0.000000e+00  0.000000e+00
    outer loop
      vertex -7.459991e-03  4.836941e-03  0.000000e+00
      vertex -8.206987e-03  4.811875e-03  0.000000e+00
      vertex -7.459991e-03  4.836941e-03 -0.000000e+00
    endloop
  endfacet
  facet normal  0.000000e+00  0.000000e+00  0.000000e+00
    outer loop
      vertex -8.206987e-03  4.811875e-03  0.000000e+00
      vertex -8.206987e-03  4.811875e-03 -0.000000e+00
      vertex -7.459991e-03  4.836941e-03 -0.000000e+00
    endloop
  endfacet
  facet normal -0.000000e+00  0.000000e+00 -1.000000e+00
    outer loop
      vertex -8.203530e-03  4.711935e-03  0.000000e+00
      vertex -8.904280e-03  4.686876e-03  0.000000e+00
      vertex -8.206987e-03  4.811875e-03  0.000000e+00
    endloop
  endfacet
  facet normal  0.000000e+00  0.000000e+00 -1.000000e+00
    outer loop
      vertex -8.904280e-03  4.686876e-03  0.000000e+00
      vertex -8.907983e-03  4.786808e-03  0.000000e+00
      vertex -8.206987e-03  4.811875e-03  0.000000e+00
    endloop
  endfacet
  facet normal  0.000000e+00  0.000000e+00  1.000000e+00
    outer loop
      vertex -8.203530e-03  4.711935e-03 -0.000000e+00
      vertex -8.206987e-03  4.811875e-03 -0.000000e+00
      vertex -8.904280e-03  4.686876e-03 -0.000000e+00
    endloop
  endfacet
  facet normal  0.000000e+00 -0.000000e+00  1.000000e+00
    outer loop
      vertex -8.904280e-03  4.686876e-03 -0.000000e+00
      vertex -8.206987e-03  4.811875e-03 -0.000000e+00
      vertex -8.907983e-03  4.786808e-03 -0.000000e+00
    endloop
  endfacet
  facet normal  0.000000e+00  0.000000e+00  0.000000e+00
    outer loop
      vertex -8.203530e-03  4.711935e-03  0.000000e+00
      vertex -8.203530e-03  4.711935e-03 -0.000000e+00
      vertex -8.904280e-03  4.686876e-03 -0.000000e+00
    endloop
  endfacet
  facet normal  0.000000e+00  0.000000e+00  0.000000e+00
    outer loop
      vertex -8.203530e-03  4.711935e-03  0.000000e+00
      vertex -8.904280e-03  4.686876e-03 -0.000000e+00
      vertex -8.904280e-03  4.686876e-03  0.000000e+00
    endloop
  endfacet
  facet normal  0.000000e+00  0.000000e+00  0.000000e+00
    outer loop
      vertex -8.206987e-03  4.811875e-03  0.000000e+00
      vertex -8.907983e-03  4.786808e-03  0.000000e+00
      vertex -8.206987e-03  4.811875e-03 -0.000000e+00
    endloop
  endfacet
  facet normal  0.000000e+00  0.000000e+00  0.000000e+00
    outer loop
      vertex -8.907983e-03  4.786808e-03  0.000000e+00
      vertex -8.907983e-03  4.786808e-03 -0.000000e+00
      vertex -8.206987e-03  4.811875e-03 -0.000000e+00
    endloop
  endfacet
  facet normal -0.000000e+00  0.000000e+00 -1.000000e+00
    outer loop
      vertex -8.904280e-03  4.686876e-03  0.000000e+00
      vertex -9.554261e-03  4.661820e-03  0.000000e+00
      vertex -8.907983e-03  4.786808e-03  0.000000e+00
    endloop
  endfacet
  facet normal  0.000000e+00  0.000000e+00 -1.000000e+00
    outer loop
      vertex -9.554261e-03  4.661820e-03  0.000000e+00
      vertex -9.558279e-03  4.761739e-03  0.000000e+00
      vertex -8.907983e-03  4.786808e-03  0.000000e+00
    endloop
  endfacet
  facet normal  0.000000e+00  0.000000e+00  1.000000e+00
    outer loop
      vertex -8.904280e-03  4.686876e-03 -0.000000e+00
      vertex -8.907983e-03  4.786808e-03 -0.000000e+00
      vertex -9.554261e-03  4.661820e-03 -0.000000e+00
    endloop
  endfacet
  facet normal  0.000000e+00 -0.000000e+00  1.000000e+00
    outer loop
      vertex -9.554261e-03  4.661820e-03 -0.000000e+00
      vertex -8.907983e-03  4.786808e-03 -0.000000e+00
      vertex -9.558279e-03  4.761739e-03 -0.000000e+00
    endloop
  endfacet
  facet normal  0.000000e+00  0.000000e+00  0.000000e+00
    outer loop
      vertex -8.904280e-03  4.686876e-03  0.000000e+00
      vertex -8.904280e-03  4.686876e-03 -0.000000e+00
      vertex -9.554261e-03  4.661820e-03 -0.000000e+00
    endloop
  endfacet
  facet normal  0.000000e+00  0.000000e+00  0.000000e+00
    outer loop
      vertex -8.904280e-03  4.686876e-03  0.000000e+00
      vertex -9.554261e-03  4.661820e-03 -0.000000e+00
      vertex -9.554261e-03  4.661820e-03  0.000000e+00
    endloop
  endfacet
  facet normal  0.000000e+00  0.000000e+00  0.000000e+00
    outer loop
      vertex -8.907983e-03  4.786808e-03  0.000000e+00
      vertex -9.558279e-03  4.761739e-03  0.000000e+00
      vertex -8.907983e-03  4.786808e-03 -0.000000e+00
    endloop
  endfacet
  facet normal  0.000000e+00  0.000000e+00  0.000000e+00
    outer loop
      vertex -9.558279e-03  4.761739e-03  0.000000e+00
      vertex -9.558279e-03  4.761739e-03 -0.000000e+00
      vertex -8.907983e-03  4.786808e-03 -0.000000e+00
    endloop
  endfacet
  facet normal -0.000000e+00  0.000000e+00 -1.000000e+00
    outer loop
      vertex -9.554261e-03  4.661820e-03  0.000000e+00
      vertex -1.014904e-02  4.636766e-03  0.000000e+00
      vertex -9.558279e-03  4.761739e-03  0.000000e+00
    endloop
  endfacet
  facet normal  0.000000e+00  0.000000e+00 -1.000000e+00
    outer loop
      vertex -1.014904e-02  4.636766e-03  0.000000e+00
      vertex -1.015346e-02  4.736668e-03  0.000000e+00
      vertex -9.558279e-03  4.761739e-03  0.000000e+00
    endloop
  endfacet
  facet normal  0.000000e+00  0.000000e+00  1.000000e+00
    outer loop
      vertex -9.554261e-03  4.661820e-03 -0.000000e+00
      vertex -9.558279e-03  4.761739e-03 -0.000000e+00
      vertex -1.014904e-02  4.636766e-03 -0.000000e+00
    endloop
  endfacet
  facet normal  0.000000e+00 -0.000000e+00  1.000000e+00
    outer loop
      vertex -1.014904e-02  4.636766e-03 -0.000000e+00
      vertex -9.558279e-03  4.761739e-03 -0.000000e+00
      vertex -1.015346e-02  4.736668e-03 -0.000000e+00
    endloop
  endfacet
  facet normal  0.000000e+00  0.000000e+00  0.000000e+00
    outer loop
      vertex -9.554261e-03  4.661820e-03  0.000000e+00
      vertex -9.554261e-03  4.661820e-03 -0.000000e+00
      vertex -1.014904e-02  4.636766e-03 -0.000000e+00
    endloop
  endfacet
  facet normal  0.000000e+00  0.000000e+00  0.000000e+00
    outer loop
      vertex -9.554261e-03  4.661820e-03  0.000000e+00
      vertex -1.014904e-02  4.636766e-03 -0.000000e+00
      vertex -1.014904e-02  4.636766e-03  0.000000e+00
    endloop
  endfacet
  facet normal  0.000000e+00  0.000000e+00  0.000000e+00
    outer loop
      vertex -9.558279e-03  4.761739e-03  0.000000e+00
      vertex -1.015346e-02  4.736668e-03  0.000000e+00
      vertex -9.558279e-03  4.761739e-03 -0.000000e+00
    endloop
  endfacet
  facet normal  0.000000e+00  0.000000e+00  0.000000e+00
    outer loop
      vertex -1.015346e-02  4.736668e-03  0.000000e+00
      vertex -1.015346e-02  4.736668e-03 -0.000000e+00
      vertex -9.558279e-03  4.761739e-03 -0.000000e+00
    endloop
  endfacet
  facet normal -0.000000e+00  0.000000e+00 -1.000000e+00
    outer loop
      vertex -1.014904e-02  4.636766e-03  0.000000e+00
      vertex -1.068449e-02  4.611716e-03  0.000000e+00
      vertex -1.015346e-02  4.736668e-03  0.000000e+00
    endloop
  endfacet
  facet normal  0.000000e+00  0.000000e+00 -1.000000e+00
    outer loop
      vertex -1.068449e-02  4.611716e-03  0.000000e+00
      vertex -1.068945e-02  4.711593e-03  0.000000e+00
      vertex -1.015346e-02  4.736668e-03  0.000000e+00
    endloop
  endfacet
  facet normal  0.000000e+00  0.000000e+00  1.000000e+00
    outer loop
      vertex -1.014904e-02  4.636766e-03 -0.000000e+00
      vertex -1.015346e-02  4.736668e-03 -0.000000e+00
      vertex -1.068449e-02  4.611716e-03 -0.000000e+00
    endloop
  endfacet
  facet normal  0.000000e+00 -0.000000e+00  1.000000e+00
    outer loop
      vertex -1.068449e-02  4.611716e-03 -0.000000e+00
      vertex -1.015346e-02  4.736668e-03 -0.000000e+00
      vertex -1.068945e-02  4.711593e-03 -0.000000e+00
    endloop
  endfacet
  facet normal  0.000000e+00  0.000000e+00  0.000000e+00
    outer loop
      vertex -1.014904e-02  4.636766e-03  0.000000e+00
      vertex -1.014904e-02  4.636766e-03 -0.000000e+00
      vertex -1.068449e-02  4.611716e-03 -0.000000e+00
    endloop
  endfacet
  facet normal  0.000000e+00  0.000000e+00  0.000000e+00
    outer loop
      vertex -1.014904e-02  4.636766e-03  0.000000e+00
      vertex -1.068449e-02  4.611716e-03 -0.000000e+00
      vertex -1.068449e-02  4.611716e-03  0.000000e+00
    endloop
  endfacet
  facet normal  0.000000e+00  0.000000e+00  0.000000e+00
    outer loop
      vertex -1.015346e-02  4.736668e-03  0.000000e+00
      vertex -1.068945e-02  4.711593e-03  0.000000e+00
      vertex -1.015346e-02  4.736668e-03 -0.000000e+00
    endloop
  endfacet
  facet normal  0.000000e+00  0.000000e+00  0.000000e+00
    outer loop
      vertex -1.068945e-02  4.711593e-03  0.000000e+00
      vertex -1.068945e-02  4.711593e-03 -0.000000e+00
      vertex -1.015346e-02  4.736668e-03 -0.000000e+00
    endloop
  endfacet
  facet normal -0.000000e+00  0.000000e+00 -1.000000e+00
    outer loop
      vertex -1.068449e-02  4.611716e-03  0.000000e+00
      vertex -1.115682e-02  4.586672e-03  0.000000e+00
      vertex -1.068945e-02  4.711593e-03  0.000000e+00
    endloop
  endfacet
  facet normal  0.000000e+00  0.000000e+00 -1.000000e+00
    outer loop
      vertex -1.115682e-02  4.586672e-03  0.000000e+00
      vertex -1.116251e-02  4.686511e-03  0.000000e+00
      vertex -1.068945e-02  4.711593e-03  0.000000e+00
    endloop
  endfacet
  facet normal  0.000000e+00  0.000000e+00  1.000000e+00
    outer loop
      vertex -1.068449e-02  4.611716e-03 -0.000000e+00
      vertex -1.068945e-02  4.711593e-03 -0.000000e+00
      vertex -1.115682e-02  4.586672e-03 -0.000000e+00
    endloop
  endfacet
  facet normal  0.000000e+00 -0.000000e+00  1.000000e+00
    outer loop
      vertex -1.115682e-02  4.586672e-03 -0.000000e+00
      vertex -1.068945e-02  4.711593e-03 -0.000000e+00
      vertex -1.116251e-02  4.686511e-03 -0.000000e+00
    endloop
  endfacet
  facet normal  0.000000e+00  0.000000e+00  0.000000e+00
    outer loop
      vertex -1.068449e-02  4.611716e-03  0.000000e+00
      vertex -1.068449e-02  4.611716e-03 -0.000000e+00
      vertex -1.115682e-02  4.586672e-03 -0.000000e+00
    endloop
  endfacet
  facet normal  0.000000e+00  0.000000e+00  0.000000e+00
    outer loop
      vertex -1.068449e-02  4.611716e-03  0.000000e+00
      vertex -1.115682e-02  4.586672e-03 -0.000000e+00
      vertex -1.115682e-02  4.586672e-03  0.000000e+00
    endloop
  endfacet
  facet normal  0.000000e+00  0.000000e+00  0.000000e+00
    outer loop
      vertex -1.068945e-02  4.711593e-03  0.000000e+00
      vertex -1.116251e-02  4.686511e-03  0.000000e+00
      vertex -1.068945e-02  4.711593e-03 -0.000000e+00
    endloop
  endfacet
  facet normal  0.000000e+00  0.000000e+00  0.000000e+00
    outer loop
      vertex -1.116251e-02  4.686511e-03  0.000000e+00
      vertex -1.116251e-02  4.686511e-03 -0.000000e+00
      vertex -1.068945e-02  4.711593e-03 -0.000000e+00
    endloop
  endfacet
  facet normal -0.000000e+00  0.000000e+00 -1.000000e+00
    outer loop
      vertex -1.115682e-02  4.586672e-03  0.000000e+00
      vertex -1.156259e-02  4.561642e-03  0.000000e+00
      vertex -1.116251e-02  4.686511e-03  0.000000e+00
    endloop
  endfacet
  facet normal  0.000000e+00  0.000000e+00 -1.000000e+00
    outer loop
      vertex -1.156259e-02  4.561642e-03  0.000000e+00
      vertex -1.156931e-02  4.661416e-03  0.000000e+00
      vertex -1.116251e-02  4.686511e-03  0.000000e+00
    endloop
  endfacet
  facet normal  0.000000e+00  0.000000e+00  1.000000e+00
    outer loop
      vertex -1.115682e-02  4.586672e-03 -0.000000e+00
      vertex -1.116251e-02  4.686511e-03 -0.000000e+00
      vertex -1.156259e-02  4.561642e-03 -0.000000e+00
    endloop
  endfacet
  facet normal  0.000000e+00 -0.000000e+00  1.000000e+00
    outer loop
      vertex -1.156259e-02  4.561642e-03 -0.000000e+00
      vertex -1.116251e-02  4.686511e-03 -0.000000e+00
      vertex -1.156931e-02  4.661416e-03 -0.000000e+00
    endloop
  endfacet
  facet normal  0.000000e+00  0.000000e+00  0.000000e+00
    outer loop
      vertex -1.115682e-02  4.586672e-03  0.000000e+00
      vertex -1.115682e-02  4.586672e-03 -0.000000e+00
      vertex -1.156259e-02  4.561642e-03 -0.000000e+00
    endloop
  endfacet
  facet normal  0.000000e+00  0.000000e+00  0.000000e+00
    outer loop
      vertex -1.115682e-02  4.586672e-03  0.000000e+00
      vertex -1.156259e-02  4.561642e-03 -0.000000e+00
      vertex -1.156259e-02  4.561642e-03  0.000000e+00
    endloop
  endfacet
  facet normal  0.000000e+00  0.000000e+00  0.000000e+00
    outer loop
      vertex -1.116251e-02  4.686511e-03  0.000000e+00
      vertex -1.156931e-02  4.661416e-03  0.000000e+00
      vertex -1.116251e-02  4.686511e-03 -0.000000e+00
    endloop
  endfacet
  facet normal  0.000000e+00  0.000000e+00  0.000000e+00
    outer loop
      vertex -1.156931e-02  4.661416e-03  0.000000e+00
      vertex -1.156931e-02  4.661416e-03 -0.000000e+00
      vertex -1.116251e-02  4.686511e-03 -0.000000e+00
    endloop
  endfacet
  facet normal -0.000000e+00  0.000000e+00 -1.000000e+00
    outer loop
      vertex -1.156259e-02  4.561642e-03  0.000000e+00
      vertex -1.189868e-02  4.536638e-03  0.000000e+00
      vertex -1.156931e-02  4.661416e-03  0.000000e+00
    endloop
  endfacet
  facet normal  0.000000e+00  0.000000e+00 -1.000000e+00
    outer loop
      vertex -1.189868e-02  4.536638e-03  0.000000e+00
      vertex -1.190697e-02  4.636294e-03  0.000000e+00
      vertex -1.156931e-02  4.661416e-03  0.000000e+00
    endloop
  endfacet
  facet normal  0.000000e+00  0.000000e+00  1.000000e+00
    outer loop
      vertex -1.156259e-02  4.561642e-03 -0.000000e+00
      vertex -1.156931e-02  4.661416e-03 -0.000000e+00
      vertex -1.189868e-02  4.536638e-03 -0.000000e+00
    endloop
  endfacet
  facet normal  0.000000e+00 -0.000000e+00  1.000000e+00
    outer loop
      vertex -1.189868e-02  4.536638e-03 -0.000000e+00
      vertex -1.156931e-02  4.661416e-03 -0.000000e+00
      vertex -1.190697e-02  4.636294e-03 -0.000000e+00
    endloop
  endfacet
  facet normal  0.000000e+00  0.000000e+00  0.000000e+00
    outer loop
      vertex -1.156259e-02  4.561642e-03  0.000000e+00
      vertex -1.156259e-02  4.561642e-03 -0.000000e+00
      vertex -1.189868e-02  4.536638e-03 -0.000000e+00
    endloop
  endfacet
  facet normal  0.000000e+00  0.000000e+00  0.000000e+00
    outer loop
      vertex -1.156259e-02  4.561642e-03  0.000000e+00
      vertex -1.189868e-02  4.536638e-03 -0.000000e+00
      vertex -1.189868e-02  4.536638e-03  0.000000e+00
    endloop
  endfacet
  facet normal  0.000000e+00  0.000000e+00  0.000000e+00
    outer loop
      vertex -1.156931e-02  4.661416e-03  0.000000e+00
      vertex -1.190697e-02  4.636294e-03  0.000000e+00
      vertex -1.156931e-02  4.661416e-03 -0.000000e+00
    endloop
  endfacet
  facet normal  0.000000e+00  0.000000e+00  0.000000e+00
    outer loop
      vertex -1.190697e-02  4.636294e-03  0.000000e+00
      vertex -1.190697e-02  4.636294e-03 -0.000000e+00
      vertex -1.156931e-02  4.661416e-03 -0.000000e+00
    endloop
  endfacet
  facet normal -0.000000e+00  0.000000e+00 -1.000000e+00
    outer loop
      vertex -1.189868e-02  4.536638e-03  0.000000e+00
      vertex -1.216224e-02  4.511703e-03  0.000000e+00
      vertex -1.190697e-02  4.636294e-03  0.000000e+00
    endloop
  endfacet
  facet normal  0.000000e+00  0.000000e+00 -1.000000e+00
    outer loop
      vertex -1.216224e-02  4.511703e-03  0.000000e+00
      vertex -1.217316e-02  4.611104e-03  0.000000e+00
      vertex -1.190697e-02  4.636294e-03  0.000000e+00
    endloop
  endfacet
  facet normal  0.000000e+00  0.000000e+00  1.000000e+00
    outer loop
      vertex -1.189868e-02  4.536638e-03 -0.000000e+00
      vertex -1.190697e-02  4.636294e-03 -0.000000e+00
      vertex -1.216224e-02  4.511703e-03 -0.000000e+00
    endloop
  endfacet
  facet normal  0.000000e+00 -0.000000e+00  1.000000e+00
    outer loop
      vertex -1.216224e-02  4.511703e-03 -0.000000e+00
      vertex -1.190697e-02  4.636294e-03 -0.000000e+00
      vertex -1.217316e-02  4.611104e-03 -0.000000e+00
    endloop
  endfacet
  facet normal  0.000000e+00  0.000000e+00  0.000000e+00
    outer loop
      vertex -1.189868e-02  4.536638e-03  0.000000e+00
      vertex -1.189868e-02  4.536638e-03 -0.000000e+00
      vertex -1.216224e-02  4.511703e-03 -0.000000e+00
    endloop
  endfacet
  facet normal  0.000000e+00  0.000000e+00  0.000000e+00
    outer loop
      vertex -1.189868e-02  4.536638e-03  0.000000e+00
      vertex -1.216224e-02  4.511703e-03 -0.000000e+00
      vertex -1.216224e-02  4.511703e-03  0.000000e+00
    endloop
  endfacet
  facet normal  0.000000e+00  0.000000e+00  0.000000e+00
    outer loop
      vertex -1.190697e-02  4.636294e-03  0.000000e+00
      vertex -1.217316e-02  4.611104e-03  0.000000e+00
      vertex -1.190697e-02  4.636294e-03 -0.000000e+00
    endloop
  endfacet
  facet normal  0.000000e+00  0.000000e+00  0.000000e+00
    outer loop
      vertex -1.217316e-02  4.611104e-03  0.000000e+00
      vertex -1.217316e-02  4.611104e-03 -0.000000e+00
      vertex -1.190697e-02  4.636294e-03 -0.000000e+00
    endloop
  endfacet
  facet normal -0.000000e+00  0.000000e+00 -1.000000e+00
    outer loop
      vertex -1.216224e-02  4.511703e-03  0.000000e+00
      vertex -1.235037e-02  4.486998e-03  0.000000e+00
      vertex -1.217316e-02  4.611104e-03  0.000000e+00
    endloop
  endfacet
  facet normal  0.000000e+00  0.000000e+00 -1.000000e+00
    outer loop
      vertex -1.235037e-02  4.486998e-03  0.000000e+00
      vertex -1.236653e-02  4.585684e-03  0.000000e+00
      vertex -1.217316e-02  4.611104e-03  0.000000e+00
    endloop
  endfacet
  facet normal  0.000000e+00  0.000000e+00  1.000000e+00
    outer loop
      vertex -1.216224e-02  4.511703e-03 -0.000000e+00
      vertex -1.217316e-02  4.611104e-03 -0.000000e+00
      vertex -1.235037e-02  4.486998e-03 -0.000000e+00
    endloop
  endfacet
  facet normal  0.000000e+00 -0.000000e+00  1.000000e+00
    outer loop
      vertex -1.235037e-02  4.486998e-03 -0.000000e+00
      vertex -1.217316e-02  4.611104e-03 -0.000000e+00
      vertex -1.236653e-02  4.585684e-03 -0.000000e+00
    endloop
  endfacet
  facet normal  0.000000e+00  0.000000e+00  0.000000e+00
    outer loop
      vertex -1.216224e-02  4.511703e-03  0.000000e+00
      vertex -1.216224e-02  4.511703e-03 -0.000000e+00
      vertex -1.235037e-02  4.486998e-03 -0.000000e+00
    endloop
  endfacet
  facet normal  0.000000e+00  0.000000e+00  0.000000e+00
    outer loop
      vertex -1.216224e-02  4.511703e-03  0.000000e+00
      vertex -1.235037e-02  4.486998e-03 -0.000000e+00
      vertex -1.235037e-02  4.486998e-03  0.000000e+00
    endloop
  endfacet
  facet normal  0.000000e+00  0.000000e+00  0.000000e+00
    outer loop
      vertex -1.217316e-02  4.611104e-03  0.000000e+00
      vertex -1.236653e-02  4.585684e-03  0.000000e+00
      vertex -1.217316e-02  4.611104e-03 -0.000000e+00
    endloop
  endfacet
  facet normal  0.000000e+00  0.000000e+00  0.000000e+00
    outer loop
      vertex -1.236653e-02  4.585684e-03  0.000000e+00
      vertex -1.236653e-02  4.585684e-03 -0.000000e+00
      vertex -1.217316e-02  4.611104e-03 -0.000000e+00
    endloop
  endfacet
  facet normal -0.000000e+00  0.000000e+00 -1.000000e+00
    outer loop
      vertex -1.235037e-02  4.486998e-03  0.000000e+00
      vertex -1.245781e-02  4.463760e-03  0.000000e+00
      vertex -1.236653e-02  4.585684e-03  0.000000e+00
    endloop
  endfacet
  facet normal  0.000000e+00  0.000000e+00 -1.000000e+00
    outer loop
      vertex -1.245781e-02  4.463760e-03  0.000000e+00
      vertex -1.248893e-02  4.558797e-03  0.000000e+00
      vertex -1.236653e-02  4.585684e-03  0.000000e+00
    endloop
  endfacet
  facet normal  0.000000e+00  0.000000e+00  1.000000e+00
    outer loop
      vertex -1.235037e-02  4.486998e-03 -0.000000e+00
      vertex -1.236653e-02  4.585684e-03 -0.000000e+00
      vertex -1.245781e-02  4.463760e-03 -0.000000e+00
    endloop
  endfacet
  facet normal  0.000000e+00 -0.000000e+00  1.000000e+00
    outer loop
      vertex -1.245781e-02  4.463760e-03 -0.000000e+00
      vertex -1.236653e-02  4.585684e-03 -0.000000e+00
      vertex -1.248893e-02  4.558797e-03 -0.000000e+00
    endloop
  endfacet
  facet normal  0.000000e+00  0.000000e+00  0.000000e+00
    outer loop
      vertex -1.235037e-02  4.486998e-03  0.000000e+00
      vertex -1.235037e-02  4.486998e-03 -0.000000e+00
      vertex -1.245781e-02  4.463760e-03 -0.000000e+00
    endloop
  endfacet
  facet normal  0.000000e+00  0.000000e+00  0.000000e+00
    outer loop
      vertex -1.235037e-02  4.486998e-03  0.000000e+00
      vertex -1.245781e-02  4.463760e-03 -0.000000e+00
      vertex -1.245781e-02  4.463760e-03  0.000000e+00
    endloop
  endfacet
  facet normal  0.000000e+00  0.000000e+00  0.000000e+00
    outer loop
      vertex -1.236653e-02  4.585684e-03  0.000000e+00
      vertex -1.248893e-02  4.558797e-03  0.000000e+00
      vertex -1.236653e-02  4.585684e-03 -0.000000e+00
    endloop
  endfacet
  facet normal  0.000000e+00  0.000000e+00  0.000000e+00
    outer loop
      vertex -1.248893e-02  4.558797e-03  0.000000e+00
      vertex -1.248893e-02  4.558797e-03 -0.000000e+00
      vertex -1.236653e-02  4.585684e-03 -0.000000e+00
    endloop
  endfacet
  facet normal  0.000000e+00  0.000000e+00  1.000000e+00
    outer loop
      vertex -1.245781e-02  4.463760e-03  0.000000e+00
      vertex -1.246127e-02  4.488118e-03  0.000000e+00
      vertex -1.248893e-02  4.558797e-03  0.000000e+00
    endloop
  endfacet
  facet normal -0.000000e+00  0.000000e+00 -1.000000e+00
    outer loop
      vertex -1.246127e-02  4.488118e-03  0.000000e+00
      vertex -1.256120e-02  4.484313e-03  0.000000e+00
      vertex -1.248893e-02  4.558797e-03  0.000000e+00
    endloop
  endfacet
  facet normal  0.000000e+00  0.000000e+00 -1.000000e+00
    outer loop
      vertex -1.245781e-02  4.463760e-03 -0.000000e+00
      vertex -1.248893e-02  4.558797e-03 -0.000000e+00
      vertex -1.246127e-02  4.488118e-03 -0.000000e+00
    endloop
  endfacet
  facet normal  0.000000e+00  0.000000e+00  1.000000e+00
    outer loop
      vertex -1.246127e-02  4.488118e-03 -0.000000e+00
      vertex -1.248893e-02  4.558797e-03 -0.000000e+00
      vertex -1.256120e-02  4.484313e-03 -0.000000e+00
    endloop
  endfacet
  facet normal  0.000000e+00  0.000000e+00  0.000000e+00
    outer loop
      vertex -1.245781e-02  4.463760e-03  0.000000e+00
      vertex -1.245781e-02  4.463760e-03 -0.000000e+00
      vertex -1.246127e-02  4.488118e-03 -0.000000e+00
    endloop
  endfacet
  facet normal  0.000000e+00  0.000000e+00  0.000000e+00
    outer loop
      vertex -1.245781e-02  4.463760e-03  0.000000e+00
      vertex -1.246127e-02  4.488118e-03 -0.000000e+00
      vertex -1.246127e-02  4.488118e-03  0.000000e+00
    endloop
  endfacet
  facet normal  0.000000e+00  0.000000e+00  0.000000e+00
    outer loop
      vertex -1.248893e-02  4.558797e-03  0.000000e+00
      vertex -1.256120e-02  4.484313e-03  0.000000e+00
      vertex -1.248893e-02  4.558797e-03 -0.000000e+00
    endloop
  endfacet
  facet normal  0.000000e+00  0.000000e+00  0.000000e+00
    outer loop
      vertex -1.256120e-02  4.484313e-03  0.000000e+00
      vertex -1.256120e-02  4.484313e-03 -0.000000e+00
      vertex -1.248893e-02  4.558797e-03 -0.000000e+00
    endloop
  endfacet
  facet normal  0.000000e+00 -0.000000e+00  1.000000e+00
    outer loop
      vertex -1.246127e-02  4.488118e-03  0.000000e+00
      vertex -1.245617e-02  4.508811e-03  0.000000e+00
      vertex -1.256120e-02  4.484313e-03  0.000000e+00
    endloop
  endfacet
  facet normal  0.000000e+00  0.000000e+00 -1.000000e+00
    outer loop
      vertex -1.245617e-02  4.508811e-03  0.000000e+00
      vertex -1.248641e-02  4.413495e-03  0.000000e+00
      vertex -1.256120e-02  4.484313e-03  0.000000e+00
    endloop
  endfacet
  facet normal -0.000000e+00  0.000000e+00 -1.000000e+00
    outer loop
      vertex -1.246127e-02  4.488118e-03 -0.000000e+00
      vertex -1.256120e-02  4.484313e-03 -0.000000e+00
      vertex -1.245617e-02  4.508811e-03 -0.000000e+00
    endloop
  endfacet
  facet normal  0.000000e+00  0.000000e+00  1.000000e+00
    outer loop
      vertex -1.245617e-02  4.508811e-03 -0.000000e+00
      vertex -1.256120e-02  4.484313e-03 -0.000000e+00
      vertex -1.248641e-02  4.413495e-03 -0.000000e+00
    endloop
  endfacet
  facet normal  0.000000e+00  0.000000e+00  0.000000e+00
    outer loop
      vertex -1.246127e-02  4.488118e-03  0.000000e+00
      vertex -1.246127e-02  4.488118e-03 -0.000000e+00
      vertex -1.245617e-02  4.508811e-03 -0.000000e+00
    endloop
  endfacet
  facet normal  0.000000e+00  0.000000e+00  0.000000e+00
    outer loop
      vertex -1.246127e-02  4.488118e-03  0.000000e+00
      vertex -1.245617e-02  4.508811e-03 -0.000000e+00
      vertex -1.245617e-02  4.508811e-03  0.000000e+00
    endloop
  endfacet
  facet normal  0.000000e+00  0.000000e+00  0.000000e+00
    outer loop
      vertex -1.256120e-02  4.484313e-03  0.000000e+00
      vertex -1.248641e-02  4.413495e-03  0.000000e+00
      vertex -1.256120e-02  4.484313e-03 -0.000000e+00
    endloop
  endfacet
  facet normal  0.000000e+00  0.000000e+00  0.000000e+00
    outer loop
      vertex -1.248641e-02  4.413495e-03  0.000000e+00
      vertex -1.248641e-02  4.413495e-03 -0.000000e+00
      vertex -1.256120e-02  4.484313e-03 -0.000000e+00
    endloop
  endfacet
  facet normal  0.000000e+00 -0.000000e+00 -1.000000e+00
    outer loop
      vertex -1.245617e-02  4.508811e-03  0.000000e+00
      vertex -1.234539e-02  4.485465e-03  0.000000e+00
      vertex -1.248641e-02  4.413495e-03  0.000000e+00
    endloop
  endfacet
  facet normal  0.000000e+00  0.000000e+00 -1.000000e+00
    outer loop
      vertex -1.234539e-02  4.485465e-03  0.000000e+00
      vertex -1.236115e-02  4.386715e-03  0.000000e+00
      vertex -1.248641e-02  4.413495e-03  0.000000e+00
    endloop
  endfacet
  facet normal  0.000000e+00  0.000000e+00  1.000000e+00
    outer loop
      vertex -1.245617e-02  4.508811e-03 -0.000000e+00
      vertex -1.248641e-02  4.413495e-03 -0.000000e+00
      vertex -1.234539e-02  4.485465e-03 -0.000000e+00
    endloop
  endfacet
  facet normal  0.000000e+00  0.000000e+00  1.000000e+00
    outer loop
      vertex -1.234539e-02  4.485465e-03 -0.000000e+00
      vertex -1.248641e-02  4.413495e-03 -0.000000e+00
      vertex -1.236115e-02  4.386715e-03 -0.000000e+00
    endloop
  endfacet
  facet normal  0.000000e+00  0.000000e+00  0.000000e+00
    outer loop
      vertex -1.245617e-02  4.508811e-03  0.000000e+00
      vertex -1.245617e-02  4.508811e-03 -0.000000e+00
      vertex -1.234539e-02  4.485465e-03 -0.000000e+00
    endloop
  endfacet
  facet normal  0.000000e+00  0.000000e+00  0.000000e+00
    outer loop
      vertex -1.245617e-02  4.508811e-03  0.000000e+00
      vertex -1.234539e-02  4.485465e-03 -0.000000e+00
      vertex -1.234539e-02  4.485465e-03  0.000000e+00
    endloop
  endfacet
  facet normal  0.000000e+00  0.000000e+00  0.000000e+00
    outer loop
      vertex -1.248641e-02  4.413495e-03  0.000000e+00
      vertex -1.236115e-02  4.386715e-03  0.000000e+00
      vertex -1.248641e-02  4.413495e-03 -0.000000e+00
    endloop
  endfacet
  facet normal  0.000000e+00  0.000000e+00  0.000000e+00
    outer loop
      vertex -1.236115e-02  4.386715e-03  0.000000e+00
      vertex -1.236115e-02  4.386715e-03 -0.000000e+00
      vertex -1.248641e-02  4.413495e-03 -0.000000e+00
    endloop
  endfacet
  facet normal  0.000000e+00 -0.000000e+00 -1.000000e+00
    outer loop
      vertex -1.234539e-02  4.485465e-03  0.000000e+00
      vertex -1.215209e-02  4.460745e-03  0.000000e+00
      vertex -1.236115e-02  4.386715e-03  0.000000e+00
    endloop
  endfacet
  facet normal  0.000000e+00  0.000000e+00 -1.000000e+00
    outer loop
      vertex -1.215209e-02  4.460745e-03  0.000000e+00
      vertex -1.216271e-02  4.361310e-03  0.000000e+00
      vertex -1.236115e-02  4.386715e-03  0.000000e+00
    endloop
  endfacet
  facet normal  0.000000e+00  0.000000e+00  1.000000e+00
    outer loop
      vertex -1.234539e-02  4.485465e-03 -0.000000e+00
      vertex -1.236115e-02  4.386715e-03 -0.000000e+00
      vertex -1.215209e-02  4.460745e-03 -0.000000e+00
    endloop
  endfacet
  facet normal  0.000000e+00  0.000000e+00  1.000000e+00
    outer loop
      vertex -1.215209e-02  4.460745e-03 -0.000000e+00
      vertex -1.236115e-02  4.386715e-03 -0.000000e+00
      vertex -1.216271e-02  4.361310e-03 -0.000000e+00
    endloop
  endfacet
  facet normal  0.000000e+00  0.000000e+00  0.000000e+00
    outer loop
      vertex -1.234539e-02  4.485465e-03  0.000000e+00
      vertex -1.234539e-02  4.485465e-03 -0.000000e+00
      vertex -1.215209e-02  4.460745e-03 -0.000000e+00
    endloop
  endfacet
  facet normal  0.000000e+00  0.000000e+00  0.000000e+00
    outer loop
      vertex -1.234539e-02  4.485465e-03  0.000000e+00
      vertex -1.215209e-02  4.460745e-03 -0.000000e+00
      vertex -1.215209e-02  4.460745e-03  0.000000e+00
    endloop
  endfacet
  facet normal  0.000000e+00  0.000000e+00  0.000000e+00
    outer loop
      vertex -1.236115e-02  4.386715e-03  0.000000e+00
      vertex -1.216271e-02  4.361310e-03  0.000000e+00
      vertex -1.236115e-02  4.386715e-03 -0.000000e+00
    endloop
  endfacet
  facet normal  0.000000e+00  0.000000e+00  0.000000e+00
    outer loop
      vertex -1.216271e-02  4.361310e-03  0.000000e+00
      vertex -1.216271e-02  4.361310e-03 -0.000000e+00
      vertex -1.236115e-02  4.386715e-03 -0.000000e+00
    endloop
  endfacet
  facet normal  0.000000e+00 -0.000000e+00 -1.000000e+00
    outer loop
      vertex -1.215209e-02  4.460745e-03  0.000000e+00
      vertex -1.188037e-02  4.435804e-03  0.000000e+00
      vertex -1.216271e-02  4.361310e-03  0.000000e+00
    endloop
  endfacet
  facet normal  0.000000e+00  0.000000e+00 -1.000000e+00
    outer loop
      vertex -1.188037e-02  4.435804e-03  0.000000e+00
      vertex -1.188840e-02  4.336126e-03  0.000000e+00
      vertex -1.216271e-02  4.361310e-03  0.000000e+00
    endloop
  endfacet
  facet normal  0.000000e+00  0.000000e+00  1.000000e+00
    outer loop
      vertex -1.215209e-02  4.460745e-03 -0.000000e+00
      vertex -1.216271e-02  4.361310e-03 -0.000000e+00
      vertex -1.188037e-02  4.435804e-03 -0.000000e+00
    endloop
  endfacet
  facet normal  0.000000e+00  0.000000e+00  1.000000e+00
    outer loop
      vertex -1.188037e-02  4.435804e-03 -0.000000e+00
      vertex -1.216271e-02  4.361310e-03 -0.000000e+00
      vertex -1.188840e-02  4.336126e-03 -0.000000e+00
    endloop
  endfacet
  facet normal  0.000000e+00  0.000000e+00  0.000000e+00
    outer loop
      vertex -1.215209e-02  4.460745e-03  0.000000e+00
      vertex -1.215209e-02  4.460745e-03 -0.000000e+00
      vertex -1.188037e-02  4.435804e-03 -0.000000e+00
    endloop
  endfacet
  facet normal  0.000000e+00  0.000000e+00  0.000000e+00
    outer loop
      vertex -1.215209e-02  4.460745e-03  0.000000e+00
      vertex -1.188037e-02  4.435804e-03 -0.000000e+00
      vertex -1.188037e-02  4.435804e-03  0.000000e+00
    endloop
  endfacet
  facet normal  0.000000e+00  0.000000e+00  0.000000e+00
    outer loop
      vertex -1.216271e-02  4.361310e-03  0.000000e+00
      vertex -1.188840e-02  4.336126e-03  0.000000e+00
      vertex -1.216271e-02  4.361310e-03 -0.000000e+00
    endloop
  endfacet
  facet normal  0.000000e+00  0.000000e+00  0.000000e+00
    outer loop
      vertex -1.188840e-02  4.336126e-03  0.000000e+00
      vertex -1.188840e-02  4.336126e-03 -0.000000e+00
      vertex -1.216271e-02  4.361310e-03 -0.000000e+00
    endloop
  endfacet
  facet normal  0.000000e+00 -0.000000e+00 -1.000000e+00
    outer loop
      vertex -1.188037e-02  4.435804e-03  0.000000e+00
      vertex -1.153219e-02  4.410797e-03  0.000000e+00
      vertex -1.188840e-02  4.336126e-03  0.000000e+00
    endloop
  endfacet
  facet normal  0.000000e+00  0.000000e+00 -1.000000e+00
    outer loop
      vertex -1.153219e-02  4.410797e-03  0.000000e+00
      vertex -1.153866e-02  4.311007e-03  0.000000e+00
      vertex -1.188840e-02  4.336126e-03  0.000000e+00
    endloop
  endfacet
  facet normal  0.000000e+00  0.000000e+00  1.000000e+00
    outer loop
      vertex -1.188037e-02  4.435804e-03 -0.000000e+00
      vertex -1.188840e-02  4.336126e-03 -0.000000e+00
      vertex -1.153219e-02  4.410797e-03 -0.000000e+00
    endloop
  endfacet
  facet normal  0.000000e+00  0.000000e+00  1.000000e+00
    outer loop
      vertex -1.153219e-02  4.410797e-03 -0.000000e+00
      vertex -1.188840e-02  4.336126e-03 -0.000000e+00
      vertex -1.153866e-02  4.311007e-03 -0.000000e+00
    endloop
  endfacet
  facet normal  0.000000e+00  0.000000e+00  0.000000e+00
    outer loop
      vertex -1.188037e-02  4.435804e-03  0.000000e+00
      vertex -1.188037e-02  4.435804e-03 -0.000000e+00
      vertex -1.153219e-02  4.410797e-03 -0.000000e+00
    endloop
  endfacet
  facet normal  0.000000e+00  0.000000e+00  0.000000e+00
    outer loop
      vertex -1.188037e-02  4.435804e-03  0.000000e+00
      vertex -1.153219e-02  4.410797e-03 -0.000000e+00
      vertex -1.153219e-02  4.410797e-03  0.000000e+00
    endloop
  endfacet
  facet normal  0.000000e+00  0.000000e+00  0.000000e+00
    outer loop
      vertex -1.188840e-02  4.336126e-03  0.000000e+00
      vertex -1.153866e-02  4.311007e-03  0.000000e+00
      vertex -1.188840e-02  4.336126e-03 -0.000000e+00
    endloop
  endfacet
  facet normal  0.000000e+00  0.000000e+00  0.000000e+00
    outer loop
      vertex -1.153866e-02  4.311007e-03  0.000000e+00
      vertex -1.153866e-02  4.311007e-03 -0.000000e+00
      vertex -1.188840e-02  4.336126e-03 -0.000000e+00
    endloop
  endfacet
  facet normal  0.000000e+00 -0.000000e+00 -1.000000e+00
    outer loop
      vertex -1.153219e-02  4.410797e-03  0.000000e+00
      vertex -1.110948e-02  4.385765e-03  0.000000e+00
      vertex -1.153866e-02  4.311007e-03  0.000000e+00
    endloop
  endfacet
  facet normal  0.000000e+00  0.000000e+00 -1.000000e+00
    outer loop
      vertex -1.110948e-02  4.385765e-03  0.000000e+00
      vertex -1.111493e-02  4.285914e-03  0.000000e+00
      vertex -1.153866e-02  4.311007e-03  0.000000e+00
    endloop
  endfacet
  facet normal  0.000000e+00  0.000000e+00  1.000000e+00
    outer loop
      vertex -1.153219e-02  4.410797e-03 -0.000000e+00
      vertex -1.153866e-02  4.311007e-03 -0.000000e+00
      vertex -1.110948e-02  4.385765e-03 -0.000000e+00
    endloop
  endfacet
  facet normal  0.000000e+00  0.000000e+00  1.000000e+00
    outer loop
      vertex -1.110948e-02  4.385765e-03 -0.000000e+00
      vertex -1.153866e-02  4.311007e-03 -0.000000e+00
      vertex -1.111493e-02  4.285914e-03 -0.000000e+00
    endloop
  endfacet
  facet normal  0.000000e+00  0.000000e+00  0.000000e+00
    outer loop
      vertex -1.153219e-02  4.410797e-03  0.000000e+00
      vertex -1.153219e-02  4.410797e-03 -0.000000e+00
      vertex -1.110948e-02  4.385765e-03 -0.000000e+00
    endloop
  endfacet
  facet normal  0.000000e+00  0.000000e+00  0.000000e+00
    outer loop
      vertex -1.153219e-02  4.410797e-03  0.000000e+00
      vertex -1.110948e-02  4.385765e-03 -0.000000e+00
      vertex -1.110948e-02  4.385765e-03  0.000000e+00
    endloop
  endfacet
  facet normal  0.000000e+00  0.000000e+00  0.000000e+00
    outer loop
      vertex -1.153866e-02  4.311007e-03  0.000000e+00
      vertex -1.111493e-02  4.285914e-03  0.000000e+00
      vertex -1.153866e-02  4.311007e-03 -0.000000e+00
    endloop
  endfacet
  facet normal  0.000000e+00  0.000000e+00  0.000000e+00
    outer loop
      vertex -1.111493e-02  4.285914e-03  0.000000e+00
      vertex -1.111493e-02  4.285914e-03 -0.000000e+00
      vertex -1.153866e-02  4.311007e-03 -0.000000e+00
    endloop
  endfacet
  facet normal  0.000000e+00 -0.000000e+00 -1.000000e+00
    outer loop
      vertex -1.110948e-02  4.385765e-03  0.000000e+00
      vertex -1.061454e-02  4.360721e-03  0.000000e+00
      vertex -1.111493e-02  4.285914e-03  0.000000e+00
    endloop
  endfacet
  facet normal  0.000000e+00  0.000000e+00 -1.000000e+00
    outer loop
      vertex -1.061454e-02  4.360721e-03  0.000000e+00
      vertex -1.061925e-02  4.260833e-03  0.000000e+00
      vertex -1.111493e-02  4.285914e-03  0.000000e+00
    endloop
  endfacet
  facet normal  0.000000e+00  0.000000e+00  1.000000e+00
    outer loop
      vertex -1.110948e-02  4.385765e-03 -0.000000e+00
      vertex -1.111493e-02  4.285914e-03 -0.000000e+00
      vertex -1.061454e-02  4.360721e-03 -0.000000e+00
    endloop
  endfacet
  facet normal  0.000000e+00  0.000000e+00  1.000000e+00
    outer loop
      vertex -1.061454e-02  4.360721e-03 -0.000000e+00
      vertex -1.111493e-02  4.285914e-03 -0.000000e+00
      vertex -1.061925e-02  4.260833e-03 -0.000000e+00
    endloop
  endfacet
  facet normal  0.000000e+00  0.000000e+00  0.000000e+00
    outer loop
      vertex -1.110948e-02  4.385765e-03  0.000000e+00
      vertex -1.110948e-02  4.385765e-03 -0.000000e+00
      vertex -1.061454e-02  4.360721e-03 -0.000000e+00
    endloop
  endfacet
  facet normal  0.000000e+00  0.000000e+00  0.000000e+00
    outer loop
      vertex -1.110948e-02  4.385765e-03  0.000000e+00
      vertex -1.061454e-02  4.360721e-03 -0.000000e+00
      vertex -1.061454e-02  4.360721e-03  0.000000e+00
    endloop
  endfacet
  facet normal  0.000000e+00  0.000000e+00  0.000000e+00
    outer loop
      vertex -1.111493e-02  4.285914e-03  0.000000e+00
      vertex -1.061925e-02  4.260833e-03  0.000000e+00
      vertex -1.111493e-02  4.285914e-03 -0.000000e+00
    endloop
  endfacet
  facet normal  0.000000e+00  0.000000e+00  0.000000e+00
    outer loop
      vertex -1.061925e-02  4.260833e-03  0.000000e+00
      vertex -1.061925e-02  4.260833e-03 -0.000000e+00
      vertex -1.111493e-02  4.285914e-03 -0.000000e+00
    endloop
  endfacet
  facet normal  0.000000e+00 -0.000000e+00 -1.000000e+00
    outer loop
      vertex -1.061454e-02  4.360721e-03  0.000000e+00
      vertex -1.005003e-02  4.335671e-03  0.000000e+00
      vertex -1.061925e-02  4.260833e-03  0.000000e+00
    endloop
  endfacet
  facet normal  0.000000e+00  0.000000e+00 -1.000000e+00
    outer loop
      vertex -1.005003e-02  4.335671e-03  0.000000e+00
      vertex -1.005421e-02  4.235758e-03  0.000000e+00
      vertex -1.061925e-02  4.260833e-03  0.000000e+00
    endloop
  endfacet
  facet normal  0.000000e+00  0.000000e+00  1.000000e+00
    outer loop
      vertex -1.061454e-02  4.360721e-03 -0.000000e+00
      vertex -1.061925e-02  4.260833e-03 -0.000000e+00
      vertex -1.005003e-02  4.335671e-03 -0.000000e+00
    endloop
  endfacet
  facet normal  0.000000e+00  0.000000e+00  1.000000e+00
    outer loop
      vertex -1.005003e-02  4.335671e-03 -0.000000e+00
      vertex -1.061925e-02  4.260833e-03 -0.000000e+00
      vertex -1.005421e-02  4.235758e-03 -0.000000e+00
    endloop
  endfacet
  facet normal  0.000000e+00  0.000000e+00  0.000000e+00
    outer loop
      vertex -1.061454e-02  4.360721e-03  0.000000e+00
      vertex -1.061454e-02  4.360721e-03 -0.000000e+00
      vertex -1.005003e-02  4.335671e-03 -0.000000e+00
    endloop
  endfacet
  facet normal  0.000000e+00  0.000000e+00  0.000000e+00
    outer loop
      vertex -1.061454e-02  4.360721e-03  0.000000e+00
      vertex -1.005003e-02  4.335671e-03 -0.000000e+00
      vertex -1.005003e-02  4.335671e-03  0.000000e+00
    endloop
  endfacet
  facet normal  0.000000e+00  0.000000e+00  0.000000e+00
    outer loop
      vertex -1.061925e-02  4.260833e-03  0.000000e+00
      vertex -1.005421e-02  4.235758e-03  0.000000e+00
      vertex -1.061925e-02  4.260833e-03 -0.000000e+00
    endloop
  endfacet
  facet normal  0.000000e+00  0.000000e+00  0.000000e+00
    outer loop
      vertex -1.005421e-02  4.235758e-03  0.000000e+00
      vertex -1.005421e-02  4.235758e-03 -0.000000e+00
      vertex -1.061925e-02  4.260833e-03 -0.000000e+00
    endloop
  endfacet
  facet normal  0.000000e+00 -0.000000e+00 -1.000000e+00
    outer loop
      vertex -1.005003e-02  4.335671e-03  0.000000e+00
      vertex -9.419072e-03  4.310616e-03  0.000000e+00
      vertex -1.005421e-02  4.235758e-03  0.000000e+00
    endloop
  endfacet
  facet normal  0.000000e+00  0.000000e+00 -1.000000e+00
    outer loop
      vertex -9.419072e-03  4.310616e-03  0.000000e+00
      vertex -9.422848e-03  4.210687e-03  0.000000e+00
      vertex -1.005421e-02  4.235758e-03  0.000000e+00
    endloop
  endfacet
  facet normal  0.000000e+00  0.000000e+00  1.000000e+00
    outer loop
      vertex -1.005003e-02  4.335671e-03 -0.000000e+00
      vertex -1.005421e-02  4.235758e-03 -0.000000e+00
      vertex -9.419072e-03  4.310616e-03 -0.000000e+00
    endloop
  endfacet
  facet normal  0.000000e+00  0.000000e+00  1.000000e+00
    outer loop
      vertex -9.419072e-03  4.310616e-03 -0.000000e+00
      vertex -1.005421e-02  4.235758e-03 -0.000000e+00
      vertex -9.422848e-03  4.210687e-03 -0.000000e+00
    endloop
  endfacet
  facet normal  0.000000e+00  0.000000e+00  0.000000e+00
    outer loop
      vertex -1.005003e-02  4.335671e-03  0.000000e+00
      vertex -1.005003e-02  4.335671e-03 -0.000000e+00
      vertex -9.419072e-03  4.310616e-03 -0.000000e+00
    endloop
  endfacet
  facet normal  0.000000e+00  0.000000e+00  0.000000e+00
    outer loop
      vertex -1.005003e-02  4.335671e-03  0.000000e+00
      vertex -9.419072e-03  4.310616e-03 -0.000000e+00
      vertex -9.419072e-03  4.310616e-03  0.000000e+00
    endloop
  endfacet
  facet normal  0.000000e+00  0.000000e+00  0.000000e+00
    outer loop
      vertex -1.005421e-02  4.235758e-03  0.000000e+00
      vertex -9.422848e-03  4.210687e-03  0.000000e+00
      vertex -1.005421e-02  4.235758e-03 -0.000000e+00
    endloop
  endfacet
  facet normal  0.000000e+00  0.000000e+00  0.000000e+00
    outer loop
      vertex -9.422848e-03  4.210687e-03  0.000000e+00
      vertex -9.422848e-03  4.210687e-03 -0.000000e+00
      vertex -1.005421e-02  4.235758e-03 -0.000000e+00
    endloop
  endfacet
  facet normal  0.000000e+00 -0.000000e+00 -1.000000e+00
    outer loop
      vertex -9.419072e-03  4.310616e-03  0.000000e+00
      vertex -8.725209e-03  4.285559e-03  0.000000e+00
      vertex -9.422848e-03  4.210687e-03  0.000000e+00
    endloop
  endfacet
  facet normal  0.000000e+00  0.000000e+00 -1.000000e+00
    outer loop
      vertex -8.725209e-03  4.285559e-03  0.000000e+00
      vertex -8.728667e-03  4.185619e-03  0.000000e+00
      vertex -9.422848e-03  4.210687e-03  0.000000e+00
    endloop
  endfacet
  facet normal  0.000000e+00  0.000000e+00  1.000000e+00
    outer loop
      vertex -9.419072e-03  4.310616e-03 -0.000000e+00
      vertex -9.422848e-03  4.210687e-03 -0.000000e+00
      vertex -8.725209e-03  4.285559e-03 -0.000000e+00
    endloop
  endfacet
  facet normal  0.000000e+00  0.000000e+00  1.000000e+00
    outer loop
      vertex -8.725209e-03  4.285559e-03 -0.000000e+00
      vertex -9.422848e-03  4.210687e-03 -0.000000e+00
      vertex -8.728667e-03  4.185619e-03 -0.000000e+00
    endloop
  endfacet
  facet normal  0.000000e+00  0.000000e+00  0.000000e+00
    outer loop
      vertex -9.419072e-03  4.310616e-03  0.000000e+00
      vertex -9.419072e-03  4.310616e-03 -0.000000e+00
      vertex -8.725209e-03  4.285559e-03 -0.000000e+00
    endloop
  endfacet
  facet normal  0.000000e+00  0.000000e+00  0.000000e+00
    outer loop
      vertex -9.419072e-03  4.310616e-03  0.000000e+00
      vertex -8.725209e-03  4.285559e-03 -0.000000e+00
      vertex -8.725209e-03  4.285559e-03  0.000000e+00
    endloop
  endfacet
  facet normal  0.000000e+00  0.000000e+00  0.000000e+00
    outer loop
      vertex -9.422848e-03  4.210687e-03  0.000000e+00
      vertex -8.728667e-03  4.185619e-03  0.000000e+00
      vertex -9.422848e-03  4.210687e-03 -0.000000e+00
    endloop
  endfacet
  facet normal  0.000000e+00  0.000000e+00  0.000000e+00
    outer loop
      vertex -8.728667e-03  4.185619e-03  0.000000e+00
      vertex -8.728667e-03  4.185619e-03 -0.000000e+00
      vertex -9.422848e-03  4.210687e-03 -0.000000e+00
    endloop
  endfacet
  facet normal  0.000000e+00 -0.000000e+00 -1.000000e+00
    outer loop
      vertex -8.725209e-03  4.285559e-03  0.000000e+00
      vertex -7.972386e-03  4.260501e-03  0.000000e+00
      vertex -8.728667e-03  4.185619e-03  0.000000e+00
    endloop
  endfacet
  facet normal  0.000000e+00  0.000000e+00 -1.000000e+00
    outer loop
      vertex -7.972386e-03  4.260501e-03  0.000000e+00
      vertex -7.975593e-03  4.160552e-03  0.000000e+00
      vertex -8.728667e-03  4.185619e-03  0.000000e+00
    endloop
  endfacet
  facet normal  0.000000e+00  0.000000e+00  1.000000e+00
    outer loop
      vertex -8.725209e-03  4.285559e-03 -0.000000e+00
      vertex -8.728667e-03  4.185619e-03 -0.000000e+00
      vertex -7.972386e-03  4.260501e-03 -0.000000e+00
    endloop
  endfacet
  facet normal  0.000000e+00  0.000000e+00  1.000000e+00
    outer loop
      vertex -7.972386e-03  4.260501e-03 -0.000000e+00
      vertex -8.728667e-03  4.185619e-03 -0.000000e+00
      vertex -7.975593e-03  4.160552e-03 -0.000000e+00
    endloop
  endfacet
  facet normal  0.000000e+00  0.000000e+00  0.000000e+00
    outer loop
      vertex -8.725209e-03  4.285559e-03  0.000000e+00
      vertex -8.725209e-03  4.285559e-03 -0.000000e+00
      vertex -7.972386e-03  4.260501e-03 -0.000000e+00
    endloop
  endfacet
  facet normal  0.000000e+00  0.000000e+00  0.000000e+00
    outer loop
      vertex -8.725209e-03  4.285559e-03  0.000000e+00
      vertex -7.972386e-03  4.260501e-03 -0.000000e+00
      vertex -7.972386e-03  4.260501e-03  0.000000e+00
    endloop
  endfacet
  facet normal  0.000000e+00  0.000000e+00  0.000000e+00
    outer loop
      vertex -8.728667e-03  4.185619e-03  0.000000e+00
      vertex -7.975593e-03  4.160552e-03  0.000000e+00
      vertex -8.728667e-03  4.185619e-03 -0.000000e+00
    endloop
  endfacet
  facet normal  0.000000e+00  0.000000e+00  0.000000e+00
    outer loop
      vertex -7.975593e-03  4.160552e-03  0.000000e+00
      vertex -7.975593e-03  4.160552e-03 -0.000000e+00
      vertex -8.728667e-03  4.185619e-03 -0.000000e+00
    endloop
  endfacet
  facet normal  0.000000e+00 -0.000000e+00 -1.000000e+00
    outer loop
      vertex -7.972386e-03  4.260501e-03  0.000000e+00
      vertex -7.164944e-03  4.235441e-03  0.000000e+00
      vertex -7.975593e-03  4.160552e-03  0.000000e+00
    endloop
  endfacet
  facet normal  0.000000e+00  0.000000e+00 -1.000000e+00
    outer loop
      vertex -7.164944e-03  4.235441e-03  0.000000e+00
      vertex -7.167950e-03  4.135486e-03  0.000000e+00
      vertex -7.975593e-03  4.160552e-03  0.000000e+00
    endloop
  endfacet
  facet normal  0.000000e+00  0.000000e+00  1.000000e+00
    outer loop
      vertex -7.972386e-03  4.260501e-03 -0.000000e+00
      vertex -7.975593e-03  4.160552e-03 -0.000000e+00
      vertex -7.164944e-03  4.235441e-03 -0.000000e+00
    endloop
  endfacet
  facet normal  0.000000e+00  0.000000e+00  1.000000e+00
    outer loop
      vertex -7.164944e-03  4.235441e-03 -0.000000e+00
      vertex -7.975593e-03  4.160552e-03 -0.000000e+00
      vertex -7.167950e-03  4.135486e-03 -0.000000e+00
    endloop
  endfacet
  facet normal  0.000000e+00  0.000000e+00  0.000000e+00
    outer loop
      vertex -7.972386e-03  4.260501e-03  0.000000e+00
      vertex -7.972386e-03  4.260501e-03 -0.000000e+00
      vertex -7.164944e-03  4.235441e-03 -0.000000e+00
    endloop
  endfacet
  facet normal  0.000000e+00  0.000000e+00  0.000000e+00
    outer loop
      vertex -7.972386e-03  4.260501e-03  0.000000e+00
      vertex -7.164944e-03  4.235441e-03 -0.000000e+00
      vertex -7.164944e-03  4.235441e-03  0.000000e+00
    endloop
  endfacet
  facet normal  0.000000e+00  0.000000e+00  0.000000e+00
    outer loop
      vertex -7.975593e-03  4.160552e-03  0.000000e+00
      vertex -7.167950e-03  4.135486e-03  0.000000e+00
      vertex -7.975593e-03  4.160552e-03 -0.000000e+00
    endloop
  endfacet
  facet normal  0.000000e+00  0.000000e+00  0.000000e+00
    outer loop
      vertex -7.167950e-03  4.135486e-03  0.000000e+00
      vertex -7.167950e-03  4.135486e-03 -0.000000e+00
      vertex -7.975593e-03  4.160552e-03 -0.000000e+00
    endloop
  endfacet
  facet normal  0.000000e+00 -0.000000e+00 -1.000000e+00
    outer loop
      vertex -7.164944e-03  4.235441e-03  0.000000e+00
      vertex -6.307590e-03  4.210381e-03  0.000000e+00
      vertex -7.167950e-03  4.135486e-03  0.000000e+00
    endloop
  endfacet
  facet normal  0.000000e+00  0.000000e+00 -1.000000e+00
    outer loop
      vertex -6.307590e-03  4.210381e-03  0.000000e+00
      vertex -6.310434e-03  4.110421e-03  0.000000e+00
      vertex -7.167950e-03  4.135486e-03  0.000000e+00
    endloop
  endfacet
  facet normal  0.000000e+00  0.000000e+00  1.000000e+00
    outer loop
      vertex -7.164944e-03  4.235441e-03 -0.000000e+00
      vertex -7.167950e-03  4.135486e-03 -0.000000e+00
      vertex -6.307590e-03  4.210381e-03 -0.000000e+00
    endloop
  endfacet
  facet normal  0.000000e+00  0.000000e+00  1.000000e+00
    outer loop
      vertex -6.307590e-03  4.210381e-03 -0.000000e+00
      vertex -7.167950e-03  4.135486e-03 -0.000000e+00
      vertex -6.310434e-03  4.110421e-03 -0.000000e+00
    endloop
  endfacet
  facet normal  0.000000e+00  0.000000e+00  0.000000e+00
    outer loop
      vertex -7.164944e-03  4.235441e-03  0.000000e+00
      vertex -7.164944e-03  4.235441e-03 -0.000000e+00
      vertex -6.307590e-03  4.210381e-03 -0.000000e+00
    endloop
  endfacet
  facet normal  0.000000e+00  0.000000e+00  0.000000e+00
    outer loop
      vertex -7.164944e-03  4.235441e-03  0.000000e+00
      vertex -6.307590e-03  4.210381e-03 -0.000000e+00
      vertex -6.307590e-03  4.210381e-03  0.000000e+00
    endloop
  endfacet
  facet normal  0.000000e+00  0.000000e+00  0.000000e+00
    outer loop
      vertex -7.167950e-03  4.135486e-03  0.000000e+00
      vertex -6.310434e-03  4.110421e-03  0.000000e+00
      vertex -7.167950e-03  4.135486e-03 -0.000000e+00
    endloop
  endfacet
  facet normal  0.000000e+00  0.000000e+00  0.000000e+00
    outer loop
      vertex -6.310434e-03  4.110421e-03  0.000000e+00
      vertex -6.310434e-03  4.110421e-03 -0.000000e+00
      vertex -7.167950e-03  4.135486e-03 -0.000000e+00
    endloop
  endfacet
  facet normal  0.000000e+00 -0.000000e+00 -1.000000e+00
    outer loop
      vertex -6.307590e-03  4.210381e-03  0.000000e+00
      vertex -5.405373e-03  4.185320e-03  0.000000e+00
      vertex -6.310434e-03  4.110421e-03  0.000000e+00
    endloop
  endfacet
  facet normal  0.000000e+00  0.000000e+00 -1.000000e+00
    outer loop
      vertex -5.405373e-03  4.185320e-03  0.000000e+00
      vertex -5.408088e-03  4.085357e-03  0.000000e+00
      vertex -6.310434e-03  4.110421e-03  0.000000e+00
    endloop
  endfacet
  facet normal  0.000000e+00  0.000000e+00  1.000000e+00
    outer loop
      vertex -6.307590e-03  4.210381e-03 -0.000000e+00
      vertex -6.310434e-03  4.110421e-03 -0.000000e+00
      vertex -5.405373e-03  4.185320e-03 -0.000000e+00
    endloop
  endfacet
  facet normal  0.000000e+00  0.000000e+00  1.000000e+00
    outer loop
      vertex -5.405373e-03  4.185320e-03 -0.000000e+00
      vertex -6.310434e-03  4.110421e-03 -0.000000e+00
      vertex -5.408088e-03  4.085357e-03 -0.000000e+00
    endloop
  endfacet
  facet normal  0.000000e+00  0.000000e+00  0.000000e+00
    outer loop
      vertex -6.307590e-03  4.210381e-03  0.000000e+00
      vertex -6.307590e-03  4.210381e-03 -0.000000e+00
      vertex -5.405373e-03  4.185320e-03 -0.000000e+00
    endloop
  endfacet
  facet normal  0.000000e+00  0.000000e+00  0.000000e+00
    outer loop
      vertex -6.307590e-03  4.210381e-03  0.000000e+00
      vertex -5.405373e-03  4.185320e-03 -0.000000e+00
      vertex -5.405373e-03  4.185320e-03  0.000000e+00
    endloop
  endfacet
  facet normal  0.000000e+00  0.000000e+00  0.000000e+00
    outer loop
      vertex -6.310434e-03  4.110421e-03  0.000000e+00
      vertex -5.408088e-03  4.085357e-03  0.000000e+00
      vertex -6.310434e-03  4.110421e-03 -0.000000e+00
    endloop
  endfacet
  facet normal  0.000000e+00  0.000000e+00  0.000000e+00
    outer loop
      vertex -5.408088e-03  4.085357e-03  0.000000e+00
      vertex -5.408088e-03  4.085357e-03 -0.000000e+00
      vertex -6.310434e-03  4.110421e-03 -0.000000e+00
    endloop
  endfacet
  facet normal  0.000000e+00 -0.000000e+00 -1.000000e+00
    outer loop
      vertex -5.405373e-03  4.185320e-03  0.000000e+00
      vertex -4.463657e-03  4.160259e-03  0.000000e+00
      vertex -5.408088e-03  4.085357e-03  0.000000e+00
    endloop
  endfacet
  facet normal  0.000000e+00  0.000000e+00 -1.000000e+00
    outer loop
      vertex -4.463657e-03  4.160259e-03  0.000000e+00
      vertex -4.466267e-03  4.060293e-03  0.000000e+00
      vertex -5.408088e-03  4.085357e-03  0.000000e+00
    endloop
  endfacet
  facet normal  0.000000e+00  0.000000e+00  1.000000e+00
    outer loop
      vertex -5.405373e-03  4.185320e-03 -0.000000e+00
      vertex -5.408088e-03  4.085357e-03 -0.000000e+00
      vertex -4.463657e-03  4.160259e-03 -0.000000e+00
    endloop
  endfacet
  facet normal  0.000000e+00  0.000000e+00  1.000000e+00
    outer loop
      vertex -4.463657e-03  4.160259e-03 -0.000000e+00
      vertex -5.408088e-03  4.085357e-03 -0.000000e+00
      vertex -4.466267e-03  4.060293e-03 -0.000000e+00
    endloop
  endfacet
  facet normal  0.000000e+00  0.000000e+00  0.000000e+00
    outer loop
      vertex -5.405373e-03  4.185320e-03  0.000000e+00
      vertex -5.405373e-03  4.185320e-03 -0.000000e+00
      vertex -4.463657e-03  4.160259e-03 -0.000000e+00
    endloop
  endfacet
  facet normal  0.000000e+00  0.000000e+00  0.000000e+00
    outer loop
      vertex -5.405373e-03  4.185320e-03  0.000000e+00
      vertex -4.463657e-03  4.160259e-03 -0.000000e+00
      vertex -4.463657e-03  4.160259e-03  0.000000e+00
    endloop
  endfacet
  facet normal  0.000000e+00  0.000000e+00  0.000000e+00
    outer loop
      vertex -5.408088e-03  4.085357e-03  0.000000e+00
      vertex -4.466267e-03  4.060293e-03  0.000000e+00
      vertex -5.408088e-03  4.085357e-03 -0.000000e+00
    endloop
  endfacet
  facet normal  0.000000e+00  0.000000e+00  0.000000e+00
    outer loop
      vertex -4.466267e-03  4.060293e-03  0.000000e+00
      vertex -4.466267e-03  4.060293e-03 -0.000000e+00
      vertex -5.408088e-03  4.085357e-03 -0.000000e+00
    endloop
  endfacet
  facet normal  0.000000e+00 -0.000000e+00 -1.000000e+00
    outer loop
      vertex -4.463657e-03  4.160259e-03  0.000000e+00
      vertex -3.488082e-03  4.135197e-03  0.000000e+00
      vertex -4.466267e-03  4.060293e-03  0.000000e+00
    endloop
  endfacet
  facet normal  0.000000e+00  0.000000e+00 -1.000000e+00
    outer loop
      vertex -3.488082e-03  4.135197e-03  0.000000e+00
      vertex -3.490611e-03  4.035229e-03  0.000000e+00
      vertex -4.466267e-03  4.060293e-03  0.000000e+00
    endloop
  endfacet
  facet normal  0.000000e+00  0.000000e+00  1.000000e+00
    outer loop
      vertex -4.463657e-03  4.160259e-03 -0.000000e+00
      vertex -4.466267e-03  4.060293e-03 -0.000000e+00
      vertex -3.488082e-03  4.135197e-03 -0.000000e+00
    endloop
  endfacet
  facet normal  0.000000e+00  0.000000e+00  1.000000e+00
    outer loop
      vertex -3.488082e-03  4.135197e-03 -0.000000e+00
      vertex -4.466267e-03  4.060293e-03 -0.000000e+00
      vertex -3.490611e-03  4.035229e-03 -0.000000e+00
    endloop
  endfacet
  facet normal  0.000000e+00  0.000000e+00  0.000000e+00
    outer loop
      vertex -4.463657e-03  4.160259e-03  0.000000e+00
      vertex -4.463657e-03  4.160259e-03 -0.000000e+00
      vertex -3.488082e-03  4.135197e-03 -0.000000e+00
    endloop
  endfacet
  facet normal  0.000000e+00  0.000000e+00  0.000000e+00
    outer loop
      vertex -4.463657e-03  4.160259e-03  0.000000e+00
      vertex -3.488082e-03  4.135197e-03 -0.000000e+00
      vertex -3.488082e-03  4.135197e-03  0.000000e+00
    endloop
  endfacet
  facet normal  0.000000e+00  0.000000e+00  0.000000e+00
    outer loop
      vertex -4.466267e-03  4.060293e-03  0.000000e+00
      vertex -3.490611e-03  4.035229e-03  0.000000e+00
      vertex -4.466267e-03  4.060293e-03 -0.000000e+00
    endloop
  endfacet
  facet normal  0.000000e+00  0.000000e+00  0.000000e+00
    outer loop
      vertex -3.490611e-03  4.035229e-03  0.000000e+00
      vertex -3.490611e-03  4.035229e-03 -0.000000e+00
      vertex -4.466267e-03  4.060293e-03 -0.000000e+00
    endloop
  endfacet
  facet normal  0.000000e+00 -0.000000e+00 -1.000000e+00
    outer loop
      vertex -3.488082e-03  4.135197e-03  0.000000e+00
      vertex -2.484539e-03  4.110135e-03  0.000000e+00
      vertex -3.490611e-03  4.035229e-03  0.000000e+00
    endloop
  endfacet
  facet normal  0.000000e+00  0.000000e+00 -1.000000e+00
    outer loop
      vertex -2.484539e-03  4.110135e-03  0.000000e+00
      vertex -2.487007e-03  4.010166e-03  0.000000e+00
      vertex -3.490611e-03  4.035229e-03  0.000000e+00
    endloop
  endfacet
  facet normal  0.000000e+00  0.000000e+00  1.000000e+00
    outer loop
      vertex -3.488082e-03  4.135197e-03 -0.000000e+00
      vertex -3.490611e-03  4.035229e-03 -0.000000e+00
      vertex -2.484539e-03  4.110135e-03 -0.000000e+00
    endloop
  endfacet
  facet normal  0.000000e+00  0.000000e+00  1.000000e+00
    outer loop
      vertex -2.484539e-03  4.110135e-03 -0.000000e+00
      vertex -3.490611e-03  4.035229e-03 -0.000000e+00
      vertex -2.487007e-03  4.010166e-03 -0.000000e+00
    endloop
  endfacet
  facet normal  0.000000e+00  0.000000e+00  0.000000e+00
    outer loop
      vertex -3.488082e-03  4.135197e-03  0.000000e+00
      vertex -3.488082e-03  4.135197e-03 -0.000000e+00
      vertex -2.484539e-03  4.110135e-03 -0.000000e+00
    endloop
  endfacet
  facet normal  0.000000e+00  0.000000e+00  0.000000e+00
    outer loop
      vertex -3.488082e-03  4.135197e-03  0.000000e+00
      vertex -2.484539e-03  4.110135e-03 -0.000000e+00
      vertex -2.484539e-03  4.110135e-03  0.000000e+00
    endloop
  endfacet
  facet normal  0.000000e+00  0.000000e+00  0.000000e+00
    outer loop
      vertex -3.490611e-03  4.035229e-03  0.000000e+00
      vertex -2.487007e-03  4.010166e-03  0.000000e+00
      vertex -3.490611e-03  4.035229e-03 -0.000000e+00
    endloop
  endfacet
  facet normal  0.000000e+00  0.000000e+00  0.000000e+00
    outer loop
      vertex -2.487007e-03  4.010166e-03  0.000000e+00
      vertex -2.487007e-03  4.010166e-03 -0.000000e+00
      vertex -3.490611e-03  4.035229e-03 -0.000000e+00
    endloop
  endfacet
  facet normal  0.000000e+00 -0.000000e+00 -1.000000e+00
    outer loop
      vertex -2.484539e-03  4.110135e-03  0.000000e+00
      vertex -1.459132e-03  4.085073e-03  0.000000e+00
      vertex -2.487007e-03  4.010166e-03  0.000000e+00
    endloop
  endfacet
  facet normal  0.000000e+00  0.000000e+00 -1.000000e+00
    outer loop
      vertex -1.459132e-03  4.085073e-03  0.000000e+00
      vertex -1.461554e-03  3.985102e-03  0.000000e+00
      vertex -2.487007e-03  4.010166e-03  0.000000e+00
    endloop
  endfacet
  facet normal  0.000000e+00  0.000000e+00  1.000000e+00
    outer loop
      vertex -2.484539e-03  4.110135e-03 -0.000000e+00
      vertex -2.487007e-03  4.010166e-03 -0.000000e+00
      vertex -1.459132e-03  4.085073e-03 -0.000000e+00
    endloop
  endfacet
  facet normal  0.000000e+00  0.000000e+00  1.000000e+00
    outer loop
      vertex -1.459132e-03  4.085073e-03 -0.000000e+00
      vertex -2.487007e-03  4.010166e-03 -0.000000e+00
      vertex -1.461554e-03  3.985102e-03 -0.000000e+00
    endloop
  endfacet
  facet normal  0.000000e+00  0.000000e+00  0.000000e+00
    outer loop
      vertex -2.484539e-03  4.110135e-03  0.000000e+00
      vertex -2.484539e-03  4.110135e-03 -0.000000e+00
      vertex -1.459132e-03  4.085073e-03 -0.000000e+00
    endloop
  endfacet
  facet normal  0.000000e+00  0.000000e+00  0.000000e+00
    outer loop
      vertex -2.484539e-03  4.110135e-03  0.000000e+00
      vertex -1.459132e-03  4.085073e-03 -0.000000e+00
      vertex -1.459132e-03  4.085073e-03  0.000000e+00
    endloop
  endfacet
  facet normal  0.000000e+00  0.000000e+00  0.000000e+00
    outer loop
      vertex -2.487007e-03  4.010166e-03  0.000000e+00
      vertex -1.461554e-03  3.985102e-03  0.000000e+00
      vertex -2.487007e-03  4.010166e-03 -0.000000e+00
    endloop
  endfacet
  facet normal  0.000000e+00  0.000000e+00  0.000000e+00
    outer loop
      vertex -1.461554e-03  3.985102e-03  0.000000e+00
      vertex -1.461554e-03  3.985102e-03 -0.000000e+00
      vertex -2.487007e-03  4.010166e-03 -0.000000e+00
    endloop
  endfacet
  facet normal  0.000000e+00 -0.000000e+00 -1.000000e+00
    outer loop
      vertex -1.459132e-03  4.085073e-03  0.000000e+00
      vertex -4.181364e-04  4.060011e-03  0.000000e+00
      vertex -1.461554e-03  3.985102e-03  0.000000e+00
    endloop
  endfacet
  facet normal  0.000000e+00  0.000000e+00 -1.000000e+00
    outer loop
      vertex -4.181364e-04  4.060011e-03  0.000000e+00
      vertex -4.205302e-04  3.960039e-03  0.000000e+00
      vertex -1.461554e-03  3.985102e-03  0.000000e+00
    endloop
  endfacet
  facet normal  0.000000e+00  0.000000e+00  1.000000e+00
    outer loop
      vertex -1.459132e-03  4.085073e-03 -0.000000e+00
      vertex -1.461554e-03  3.985102e-03 -0.000000e+00
      vertex -4.181364e-04  4.060011e-03 -0.000000e+00
    endloop
  endfacet
  facet normal  0.000000e+00  0.000000e+00  1.000000e+00
    outer loop
      vertex -4.181364e-04  4.060011e-03 -0.000000e+00
      vertex -1.461554e-03  3.985102e-03 -0.000000e+00
      vertex -4.205302e-04  3.960039e-03 -0.000000e+00
    endloop
  endfacet
  facet normal  0.000000e+00  0.000000e+00  0.000000e+00
    outer loop
      vertex -1.459132e-03  4.085073e-03  0.000000e+00
      vertex -1.459132e-03  4.085073e-03 -0.000000e+00
      vertex -4.181364e-04  4.060011e-03 -0.000000e+00
    endloop
  endfacet
  facet normal  0.000000e+00  0.000000e+00  0.000000e+00
    outer loop
      vertex -1.459132e-03  4.085073e-03  0.000000e+00
      vertex -4.181364e-04  4.060011e-03 -0.000000e+00
      vertex -4.181364e-04  4.060011e-03  0.000000e+00
    endloop
  endfacet
  facet normal  0.000000e+00  0.000000e+00  0.000000e+00
    outer loop
      vertex -1.461554e-03  3.985102e-03  0.000000e+00
      vertex -4.205302e-04  3.960039e-03  0.000000e+00
      vertex -1.461554e-03  3.985102e-03 -0.000000e+00
    endloop
  endfacet
  facet normal  0.000000e+00  0.000000e+00  0.000000e+00
    outer loop
      vertex -4.205302e-04  3.960039e-03  0.000000e+00
      vertex -4.205302e-04  3.960039e-03 -0.000000e+00
      vertex -1.461554e-03  3.985102e-03 -0.000000e+00
    endloop
  endfacet
  facet normal  0.000000e+00 -0.000000e+00 -1.000000e+00
    outer loop
      vertex -4.181364e-04  4.060011e-03  0.000000e+00
      vertex  6.320327e-04  4.034948e-03  0.000000e+00
      vertex -4.205302e-04  3.960039e-03  0.000000e+00
    endloop
  endfacet
  facet normal  0.000000e+00  0.000000e+00 -1.000000e+00
    outer loop
      vertex  6.320327e-04  4.034948e-03  0.000000e+00
      vertex  6.296524e-04  3.934977e-03  0.000000e+00
      vertex -4.205302e-04  3.960039e-03  0.000000e+00
    endloop
  endfacet
  facet normal  0.000000e+00  0.000000e+00  1.000000e+00
    outer loop
      vertex -4.181364e-04  4.060011e-03 -0.000000e+00
      vertex -4.205302e-04  3.960039e-03 -0.000000e+00
      vertex  6.320327e-04  4.034948e-03 -0.000000e+00
    endloop
  endfacet
  facet normal  0.000000e+00  0.000000e+00  1.000000e+00
    outer loop
      vertex  6.320327e-04  4.034948e-03 -0.000000e+00
      vertex -4.205302e-04  3.960039e-03 -0.000000e+00
      vertex  6.296524e-04  3.934977e-03 -0.000000e+00
    endloop
  endfacet
  facet normal  0.000000e+00  0.000000e+00  0.000000e+00
    outer loop
      vertex -4.181364e-04  4.060011e-03  0.000000e+00
      vertex -4.181364e-04  4.060011e-03 -0.000000e+00
      vertex  6.320327e-04  4.034948e-03 -0.000000e+00
    endloop
  endfacet
  facet normal  0.000000e+00  0.000000e+00  0.000000e+00
    outer loop
      vertex -4.181364e-04  4.060011e-03  0.000000e+00
      vertex  6.320327e-04  4.034948e-03 -0.000000e+00
      vertex  6.320327e-04  4.034948e-03  0.000000e+00
    endloop
  endfacet
  facet normal  0.000000e+00  0.000000e+00  0.000000e+00
    outer loop
      vertex -4.205302e-04  3.960039e-03  0.000000e+00
      vertex  6.296524e-04  3.934977e-03  0.000000e+00
      vertex -4.205302e-04  3.960039e-03 -0.000000e+00
    endloop
  endfacet
  facet normal  0.000000e+00  0.000000e+00  0.000000e+00
    outer loop
      vertex  6.296524e-04  3.934977e-03  0.000000e+00
      vertex  6.296524e-04  3.934977e-03 -0.000000e+00
      vertex -4.205302e-04  3.960039e-03 -0.000000e+00
    endloop
  endfacet
  facet normal  0.000000e+00 -0.000000e+00 -1.000000e+00
    outer loop
      vertex  6.320327e-04  4.034948e-03  0.000000e+00
      vertex  1.684864e-03  4.009886e-03  0.000000e+00
      vertex  6.296524e-04  3.934977e-03  0.000000e+00
    endloop
  endfacet
  facet normal  0.000000e+00  0.000000e+00 -1.000000e+00
    outer loop
      vertex  1.684864e-03  4.009886e-03  0.000000e+00
      vertex  1.682482e-03  3.909914e-03  0.000000e+00
      vertex  6.296524e-04  3.934977e-03  0.000000e+00
    endloop
  endfacet
  facet normal  0.000000e+00  0.000000e+00  1.000000e+00
    outer loop
      vertex  6.320327e-04  4.034948e-03 -0.000000e+00
      vertex  6.296524e-04  3.934977e-03 -0.000000e+00
      vertex  1.684864e-03  4.009886e-03 -0.000000e+00
    endloop
  endfacet
  facet normal  0.000000e+00  0.000000e+00  1.000000e+00
    outer loop
      vertex  1.684864e-03  4.009886e-03 -0.000000e+00
      vertex  6.296524e-04  3.934977e-03 -0.000000e+00
      vertex  1.682482e-03  3.909914e-03 -0.000000e+00
    endloop
  endfacet
  facet normal  0.000000e+00  0.000000e+00  0.000000e+00
    outer loop
      vertex  6.320327e-04  4.034948e-03  0.000000e+00
      vertex  6.320327e-04  4.034948e-03 -0.000000e+00
      vertex  1.684864e-03  4.009886e-03 -0.000000e+00
    endloop
  endfacet
  facet normal  0.000000e+00  0.000000e+00  0.000000e+00
    outer loop
      vertex  6.320327e-04  4.034948e-03  0.000000e+00
      vertex  1.684864e-03  4.009886e-03 -0.000000e+00
      vertex  1.684864e-03  4.009886e-03  0.000000e+00
    endloop
  endfacet
  facet normal  0.000000e+00  0.000000e+00  0.000000e+00
    outer loop
      vertex  6.296524e-04  3.934977e-03  0.000000e+00
      vertex  1.682482e-03  3.909914e-03  0.000000e+00
      vertex  6.296524e-04  3.934977e-03 -0.000000e+00
    endloop
  endfacet
  facet normal  0.000000e+00  0.000000e+00  0.000000e+00
    outer loop
      vertex  1.682482e-03  3.909914e-03  0.000000e+00
      vertex  1.682482e-03  3.909914e-03 -0.000000e+00
      vertex  6.296524e-04  3.934977e-03 -0.000000e+00
    endloop
  endfacet
  facet normal  0.000000e+00 -0.000000e+00 -1.000000e+00
    outer loop
      vertex  1.684864e-03  4.009886e-03  0.000000e+00
      vertex  2.733790e-03  3.984823e-03  0.000000e+00
      vertex  1.682482e-03  3.909914e-03  0.000000e+00
    endloop
  endfacet
  facet normal  0.000000e+00  0.000000e+00 -1.000000e+00
    outer loop
      vertex  2.733790e-03  3.984823e-03  0.000000e+00
      vertex  2.731391e-03  3.884851e-03  0.000000e+00
      vertex  1.682482e-03  3.909914e-03  0.000000e+00
    endloop
  endfacet
  facet normal  0.000000e+00  0.000000e+00  1.000000e+00
    outer loop
      vertex  1.684864e-03  4.009886e-03 -0.000000e+00
      vertex  1.682482e-03  3.909914e-03 -0.000000e+00
      vertex  2.733790e-03  3.984823e-03 -0.000000e+00
    endloop
  endfacet
  facet normal  0.000000e+00  0.000000e+00  1.000000e+00
    outer loop
      vertex  2.733790e-03  3.984823e-03 -0.000000e+00
      vertex  1.682482e-03  3.909914e-03 -0.000000e+00
      vertex  2.731391e-03  3.884851e-03 -0.000000e+00
    endloop
  endfacet
  facet normal  0.000000e+00  0.000000e+00  0.000000e+00
    outer loop
      vertex  1.684864e-03  4.009886e-03  0.000000e+00
      vertex  1.684864e-03  4.009886e-03 -0.000000e+00
      vertex  2.733790e-03  3.984823e-03 -0.000000e+00
    endloop
  endfacet
  facet normal  0.000000e+00  0.000000e+00  0.000000e+00
    outer loop
      vertex  1.684864e-03  4.009886e-03  0.000000e+00
      vertex  2.733790e-03  3.984823e-03 -0.000000e+00
      vertex  2.733790e-03  3.984823e-03  0.000000e+00
    endloop
  endfacet
  facet normal  0.000000e+00  0.000000e+00  0.000000e+00
    outer loop
      vertex  1.682482e-03  3.909914e-03  0.000000e+00
      vertex  2.731391e-03  3.884851e-03  0.000000e+00
      vertex  1.682482e-03  3.909914e-03 -0.000000e+00
    endloop
  endfacet
  facet normal  0.000000e+00  0.000000e+00  0.000000e+00
    outer loop
      vertex  2.731391e-03  3.884851e-03  0.000000e+00
      vertex  2.731391e-03  3.884851e-03 -0.000000e+00
      vertex  1.682482e-03  3.909914e-03 -0.000000e+00
    endloop
  endfacet
  facet normal  0.000000e+00 -0.000000e+00 -1.000000e+00
    outer loop
      vertex  2.733790e-03  3.984823e-03  0.000000e+00
      vertex  3.772225e-03  3.959760e-03  0.000000e+00
      vertex  2.731391e-03  3.884851e-03  0.000000e+00
    endloop
  endfacet
  facet normal  0.000000e+00  0.000000e+00 -1.000000e+00
    outer loop
      vertex  3.772225e-03  3.959760e-03  0.000000e+00
      vertex  3.769794e-03  3.859789e-03  0.000000e+00
      vertex  2.731391e-03  3.884851e-03  0.000000e+00
    endloop
  endfacet
  facet normal  0.000000e+00  0.000000e+00  1.000000e+00
    outer loop
      vertex  2.733790e-03  3.984823e-03 -0.000000e+00
      vertex  2.731391e-03  3.884851e-03 -0.000000e+00
      vertex  3.772225e-03  3.959760e-03 -0.000000e+00
    endloop
  endfacet
  facet normal  0.000000e+00  0.000000e+00  1.000000e+00
    outer loop
      vertex  3.772225e-03  3.959760e-03 -0.000000e+00
      vertex  2.731391e-03  3.884851e-03 -0.000000e+00
      vertex  3.769794e-03  3.859789e-03 -0.000000e+00
    endloop
  endfacet
  facet normal  0.000000e+00  0.000000e+00  0.000000e+00
    outer loop
      vertex  2.733790e-03  3.984823e-03  0.000000e+00
      vertex  2.733790e-03  3.984823e-03 -0.000000e+00
      vertex  3.772225e-03  3.959760e-03 -0.000000e+00
    endloop
  endfacet
  facet normal  0.000000e+00  0.000000e+00  0.000000e+00
    outer loop
      vertex  2.733790e-03  3.984823e-03  0.000000e+00
      vertex  3.772225e-03  3.959760e-03 -0.000000e+00
      vertex  3.772225e-03  3.959760e-03  0.000000e+00
    endloop
  endfacet
  facet normal  0.000000e+00  0.000000e+00  0.000000e+00
    outer loop
      vertex  2.731391e-03  3.884851e-03  0.000000e+00
      vertex  3.769794e-03  3.859789e-03  0.000000e+00
      vertex  2.731391e-03  3.884851e-03 -0.000000e+00
    endloop
  endfacet
  facet normal  0.000000e+00  0.000000e+00  0.000000e+00
    outer loop
      vertex  3.769794e-03  3.859789e-03  0.000000e+00
      vertex  3.769794e-03  3.859789e-03 -0.000000e+00
      vertex  2.731391e-03  3.884851e-03 -0.000000e+00
    endloop
  endfacet
  facet normal  0.000000e+00 -0.000000e+00 -1.000000e+00
    outer loop
      vertex  3.772225e-03  3.959760e-03  0.000000e+00
      vertex  4.793611e-03  3.934696e-03  0.000000e+00
      vertex  3.769794e-03  3.859789e-03  0.000000e+00
    endloop
  endfacet
  facet normal  0.000000e+00  0.000000e+00 -1.000000e+00
    outer loop
      vertex  4.793611e-03  3.934696e-03  0.000000e+00
      vertex  4.791132e-03  3.834727e-03  0.000000e+00
      vertex  3.769794e-03  3.859789e-03  0.000000e+00
    endloop
  endfacet
  facet normal  0.000000e+00  0.000000e+00  1.000000e+00
    outer loop
      vertex  3.772225e-03  3.959760e-03 -0.000000e+00
      vertex  3.769794e-03  3.859789e-03 -0.000000e+00
      vertex  4.793611e-03  3.934696e-03 -0.000000e+00
    endloop
  endfacet
  facet normal  0.000000e+00  0.000000e+00  1.000000e+00
    outer loop
      vertex  4.793611e-03  3.934696e-03 -0.000000e+00
      vertex  3.769794e-03  3.859789e-03 -0.000000e+00
      vertex  4.791132e-03  3.834727e-03 -0.000000e+00
    endloop
  endfacet
  facet normal  0.000000e+00  0.000000e+00  0.000000e+00
    outer loop
      vertex  3.772225e-03  3.959760e-03  0.000000e+00
      vertex  3.772225e-03  3.959760e-03 -0.000000e+00
      vertex  4.793611e-03  3.934696e-03 -0.000000e+00
    endloop
  endfacet
  facet normal  0.000000e+00  0.000000e+00  0.000000e+00
    outer loop
      vertex  3.772225e-03  3.959760e-03  0.000000e+00
      vertex  4.793611e-03  3.934696e-03 -0.000000e+00
      vertex  4.793611e-03  3.934696e-03  0.000000e+00
    endloop
  endfacet
  facet normal  0.000000e+00  0.000000e+00  0.000000e+00
    outer loop
      vertex  3.769794e-03  3.859789e-03  0.000000e+00
      vertex  4.791132e-03  3.834727e-03  0.000000e+00
      vertex  3.769794e-03  3.859789e-03 -0.000000e+00
    endloop
  endfacet
  facet normal  0.000000e+00  0.000000e+00  0.000000e+00
    outer loop
      vertex  4.791132e-03  3.834727e-03  0.000000e+00
      vertex  4.791132e-03  3.834727e-03 -0.000000e+00
      vertex  3.769794e-03  3.859789e-03 -0.000000e+00
    endloop
  endfacet
  facet normal  0.000000e+00 -0.000000e+00 -1.000000e+00
    outer loop
      vertex  4.793611e-03  3.934696e-03  0.000000e+00
      vertex  5.791456e-03  3.909633e-03  0.000000e+00
      vertex  4.791132e-03  3.834727e-03  0.000000e+00
    endloop
  endfacet
  facet normal  0.000000e+00  0.000000e+00 -1.000000e+00
    outer loop
      vertex  5.791456e-03  3.909633e-03  0.000000e+00
      vertex  5.788910e-03  3.809665e-03  0.000000e+00
      vertex  4.791132e-03  3.834727e-03  0.000000e+00
    endloop
  endfacet
  facet normal  0.000000e+00  0.000000e+00  1.000000e+00
    outer loop
      vertex  4.793611e-03  3.934696e-03 -0.000000e+00
      vertex  4.791132e-03  3.834727e-03 -0.000000e+00
      vertex  5.791456e-03  3.909633e-03 -0.000000e+00
    endloop
  endfacet
  facet normal  0.000000e+00  0.000000e+00  1.000000e+00
    outer loop
      vertex  5.791456e-03  3.909633e-03 -0.000000e+00
      vertex  4.791132e-03  3.834727e-03 -0.000000e+00
      vertex  5.788910e-03  3.809665e-03 -0.000000e+00
    endloop
  endfacet
  facet normal  0.000000e+00  0.000000e+00  0.000000e+00
    outer loop
      vertex  4.793611e-03  3.934696e-03  0.000000e+00
      vertex  4.793611e-03  3.934696e-03 -0.000000e+00
      vertex  5.791456e-03  3.909633e-03 -0.000000e+00
    endloop
  endfacet
  facet normal  0.000000e+00  0.000000e+00  0.000000e+00
    outer loop
      vertex  4.793611e-03  3.934696e-03  0.000000e+00
      vertex  5.791456e-03  3.909633e-03 -0.000000e+00
      vertex  5.791456e-03  3.909633e-03  0.000000e+00
    endloop
  endfacet
  facet normal  0.000000e+00  0.000000e+00  0.000000e+00
    outer loop
      vertex  4.791132e-03  3.834727e-03  0.000000e+00
      vertex  5.788910e-03  3.809665e-03  0.000000e+00
      vertex  4.791132e-03  3.834727e-03 -0.000000e+00
    endloop
  endfacet
  facet normal  0.000000e+00  0.000000e+00  0.000000e+00
    outer loop
      vertex  5.788910e-03  3.809665e-03  0.000000e+00
      vertex  5.788910e-03  3.809665e-03 -0.000000e+00
      vertex  4.791132e-03  3.834727e-03 -0.000000e+00
    endloop
  endfacet
  facet normal  0.000000e+00 -0.000000e+00 -1.000000e+00
    outer loop
      vertex  5.791456e-03  3.909633e-03  0.000000e+00
      vertex  6.759378e-03  3.884569e-03  0.000000e+00
      vertex  5.788910e-03  3.809665e-03  0.000000e+00
    endloop
  endfacet
  facet normal  0.000000e+00  0.000000e+00 -1.000000e+00
    outer loop
      vertex  6.759378e-03  3.884569e-03  0.000000e+00
      vertex  6.756743e-03  3.784604e-03  0.000000e+00
      vertex  5.788910e-03  3.809665e-03  0.000000e+00
    endloop
  endfacet
  facet normal  0.000000e+00  0.000000e+00  1.000000e+00
    outer loop
      vertex  5.791456e-03  3.909633e-03 -0.000000e+00
      vertex  5.788910e-03  3.809665e-03 -0.000000e+00
      vertex  6.759378e-03  3.884569e-03 -0.000000e+00
    endloop
  endfacet
  facet normal  0.000000e+00  0.000000e+00  1.000000e+00
    outer loop
      vertex  6.759378e-03  3.884569e-03 -0.000000e+00
      vertex  5.788910e-03  3.809665e-03 -0.000000e+00
      vertex  6.756743e-03  3.784604e-03 -0.000000e+00
    endloop
  endfacet
  facet normal  0.000000e+00  0.000000e+00  0.000000e+00
    outer loop
      vertex  5.791456e-03  3.909633e-03  0.000000e+00
      vertex  5.791456e-03  3.909633e-03 -0.000000e+00
      vertex  6.759378e-03  3.884569e-03 -0.000000e+00
    endloop
  endfacet
  facet normal  0.000000e+00  0.000000e+00  0.000000e+00
    outer loop
      vertex  5.791456e-03  3.909633e-03  0.000000e+00
      vertex  6.759378e-03  3.884569e-03 -0.000000e+00
      vertex  6.759378e-03  3.884569e-03  0.000000e+00
    endloop
  endfacet
  facet normal  0.000000e+00  0.000000e+00  0.000000e+00
    outer loop
      vertex  5.788910e-03  3.809665e-03  0.000000e+00
      vertex  6.756743e-03  3.784604e-03  0.000000e+00
      vertex  5.788910e-03  3.809665e-03 -0.000000e+00
    endloop
  endfacet
  facet normal  0.000000e+00  0.000000e+00  0.000000e+00
    outer loop
      vertex  6.756743e-03  3.784604e-03  0.000000e+00
      vertex  6.756743e-03  3.784604e-03 -0.000000e+00
      vertex  5.788910e-03  3.809665e-03 -0.000000e+00
    endloop
  endfacet
  facet normal  0.000000e+00 -0.000000e+00 -1.000000e+00
    outer loop
      vertex  6.759378e-03  3.884569e-03  0.000000e+00
      vertex  7.691140e-03  3.859505e-03  0.000000e+00
      vertex  6.756743e-03  3.784604e-03  0.000000e+00
    endloop
  endfacet
  facet normal  0.000000e+00  0.000000e+00 -1.000000e+00
    outer loop
      vertex  7.691140e-03  3.859505e-03  0.000000e+00
      vertex  7.688392e-03  3.759543e-03  0.000000e+00
      vertex  6.756743e-03  3.784604e-03  0.000000e+00
    endloop
  endfacet
  facet normal  0.000000e+00  0.000000e+00  1.000000e+00
    outer loop
      vertex  6.759378e-03  3.884569e-03 -0.000000e+00
      vertex  6.756743e-03  3.784604e-03 -0.000000e+00
      vertex  7.691140e-03  3.859505e-03 -0.000000e+00
    endloop
  endfacet
  facet normal  0.000000e+00  0.000000e+00  1.000000e+00
    outer loop
      vertex  7.691140e-03  3.859505e-03 -0.000000e+00
      vertex  6.756743e-03  3.784604e-03 -0.000000e+00
      vertex  7.688392e-03  3.759543e-03 -0.000000e+00
    endloop
  endfacet
  facet normal  0.000000e+00  0.000000e+00  0.000000e+00
    outer loop
      vertex  6.759378e-03  3.884569e-03  0.000000e+00
      vertex  6.759378e-03  3.884569e-03 -0.000000e+00
      vertex  7.691140e-03  3.859505e-03 -0.000000e+00
    endloop
  endfacet
  facet normal  0.000000e+00  0.000000e+00  0.000000e+00
    outer loop
      vertex  6.759378e-03  3.884569e-03  0.000000e+00
      vertex  7.691140e-03  3.859505e-03 -0.000000e+00
      vertex  7.691140e-03  3.859505e-03  0.000000e+00
    endloop
  endfacet
  facet normal  0.000000e+00  0.000000e+00  0.000000e+00
    outer loop
      vertex  6.756743e-03  3.784604e-03  0.000000e+00
      vertex  7.688392e-03  3.759543e-03  0.000000e+00
      vertex  6.756743e-03  3.784604e-03 -0.000000e+00
    endloop
  endfacet
  facet normal  0.000000e+00  0.000000e+00  0.000000e+00
    outer loop
      vertex  7.688392e-03  3.759543e-03  0.000000e+00
      vertex  7.688392e-03  3.759543e-03 -0.000000e+00
      vertex  6.756743e-03  3.784604e-03 -0.000000e+00
    endloop
  endfacet
  facet normal  0.000000e+00 -0.000000e+00 -1.000000e+00
    outer loop
      vertex  7.691140e-03  3.859505e-03  0.000000e+00
      vertex  8.580699e-03  3.834440e-03  0.000000e+00
      vertex  7.688392e-03  3.759543e-03  0.000000e+00
    endloop
  endfacet
  facet normal  0.000000e+00  0.000000e+00 -1.000000e+00
    outer loop
      vertex  8.580699e-03  3.834440e-03  0.000000e+00
      vertex  8.577807e-03  3.734482e-03  0.000000e+00
      vertex  7.688392e-03  3.759543e-03  0.000000e+00
    endloop
  endfacet
  facet normal  0.000000e+00  0.000000e+00  1.000000e+00
    outer loop
      vertex  7.691140e-03  3.859505e-03 -0.000000e+00
      vertex  7.688392e-03  3.759543e-03 -0.000000e+00
      vertex  8.580699e-03  3.834440e-03 -0.000000e+00
    endloop
  endfacet
  facet normal  0.000000e+00  0.000000e+00  1.000000e+00
    outer loop
      vertex  8.580699e-03  3.834440e-03 -0.000000e+00
      vertex  7.688392e-03  3.759543e-03 -0.000000e+00
      vertex  8.577807e-03  3.734482e-03 -0.000000e+00
    endloop
  endfacet
  facet normal  0.000000e+00  0.000000e+00  0.000000e+00
    outer loop
      vertex  7.691140e-03  3.859505e-03  0.000000e+00
      vertex  7.691140e-03  3.859505e-03 -0.000000e+00
      vertex  8.580699e-03  3.834440e-03 -0.000000e+00
    endloop
  endfacet
  facet normal  0.000000e+00  0.000000e+00  0.000000e+00
    outer loop
      vertex  7.691140e-03  3.859505e-03  0.000000e+00
      vertex  8.580699e-03  3.834440e-03 -0.000000e+00
      vertex  8.580699e-03  3.834440e-03  0.000000e+00
    endloop
  endfacet
  facet normal  0.000000e+00  0.000000e+00  0.000000e+00
    outer loop
      vertex  7.688392e-03  3.759543e-03  0.000000e+00
      vertex  8.577807e-03  3.734482e-03  0.000000e+00
      vertex  7.688392e-03  3.759543e-03 -0.000000e+00
    endloop
  endfacet
  facet normal  0.000000e+00  0.000000e+00  0.000000e+00
    outer loop
      vertex  8.577807e-03  3.734482e-03  0.000000e+00
      vertex  8.577807e-03  3.734482e-03 -0.000000e+00
      vertex  7.688392e-03  3.759543e-03 -0.000000e+00
    endloop
  endfacet
  facet normal  0.000000e+00 -0.000000e+00 -1.000000e+00
    outer loop
      vertex  8.580699e-03  3.834440e-03  0.000000e+00
      vertex  9.422238e-03  3.809375e-03  0.000000e+00
      vertex  8.577807e-03  3.734482e-03  0.000000e+00
    endloop
  endfacet
  facet normal  0.000000e+00  0.000000e+00 -1.000000e+00
    outer loop
      vertex  9.422238e-03  3.809375e-03  0.000000e+00
      vertex  9.419167e-03  3.709422e-03  0.000000e+00
      vertex  8.577807e-03  3.734482e-03  0.000000e+00
    endloop
  endfacet
  facet normal  0.000000e+00  0.000000e+00  1.000000e+00
    outer loop
      vertex  8.580699e-03  3.834440e-03 -0.000000e+00
      vertex  8.577807e-03  3.734482e-03 -0.000000e+00
      vertex  9.422238e-03  3.809375e-03 -0.000000e+00
    endloop
  endfacet
  facet normal  0.000000e+00  0.000000e+00  1.000000e+00
    outer loop
      vertex  9.422238e-03  3.809375e-03 -0.000000e+00
      vertex  8.577807e-03  3.734482e-03 -0.000000e+00
      vertex  9.419167e-03  3.709422e-03 -0.000000e+00
    endloop
  endfacet
  facet normal  0.000000e+00  0.000000e+00  0.000000e+00
    outer loop
      vertex  8.580699e-03  3.834440e-03  0.000000e+00
      vertex  8.580699e-03  3.834440e-03 -0.000000e+00
      vertex  9.422238e-03  3.809375e-03 -0.000000e+00
    endloop
  endfacet
  facet normal  0.000000e+00  0.000000e+00  0.000000e+00
    outer loop
      vertex  8.580699e-03  3.834440e-03  0.000000e+00
      vertex  9.422238e-03  3.809375e-03 -0.000000e+00
      vertex  9.422238e-03  3.809375e-03  0.000000e+00
    endloop
  endfacet
  facet normal  0.000000e+00  0.000000e+00  0.000000e+00
    outer loop
      vertex  8.577807e-03  3.734482e-03  0.000000e+00
      vertex  9.419167e-03  3.709422e-03  0.000000e+00
      vertex  8.577807e-03  3.734482e-03 -0.000000e+00
    endloop
  endfacet
  facet normal  0.000000e+00  0.000000e+00  0.000000e+00
    outer loop
      vertex  9.419167e-03  3.709422e-03  0.000000e+00
      vertex  9.419167e-03  3.709422e-03 -0.000000e+00
      vertex  8.577807e-03  3.734482e-03 -0.000000e+00
    endloop
  endfacet
  facet normal  0.000000e+00 -0.000000e+00 -1.000000e+00
    outer loop
      vertex  9.422238e-03  3.809375e-03  0.000000e+00
      vertex  1.021021e-02  3.784309e-03  0.000000e+00
      vertex  9.419167e-03  3.709422e-03  0.000000e+00
    endloop
  endfacet
  facet normal  0.000000e+00  0.000000e+00 -1.000000e+00
    outer loop
      vertex  1.021021e-02  3.784309e-03  0.000000e+00
      vertex  1.020691e-02  3.684363e-03  0.000000e+00
      vertex  9.419167e-03  3.709422e-03  0.000000e+00
    endloop
  endfacet
  facet normal  0.000000e+00  0.000000e+00  1.000000e+00
    outer loop
      vertex  9.422238e-03  3.809375e-03 -0.000000e+00
      vertex  9.419167e-03  3.709422e-03 -0.000000e+00
      vertex  1.021021e-02  3.784309e-03 -0.000000e+00
    endloop
  endfacet
  facet normal  0.000000e+00  0.000000e+00  1.000000e+00
    outer loop
      vertex  1.021021e-02  3.784309e-03 -0.000000e+00
      vertex  9.419167e-03  3.709422e-03 -0.000000e+00
      vertex  1.020691e-02  3.684363e-03 -0.000000e+00
    endloop
  endfacet
  facet normal  0.000000e+00  0.000000e+00  0.000000e+00
    outer loop
      vertex  9.422238e-03  3.809375e-03  0.000000e+00
      vertex  9.422238e-03  3.809375e-03 -0.000000e+00
      vertex  1.021021e-02  3.784309e-03 -0.000000e+00
    endloop
  endfacet
  facet normal  0.000000e+00  0.000000e+00  0.000000e+00
    outer loop
      vertex  9.422238e-03  3.809375e-03  0.000000e+00
      vertex  1.021021e-02  3.784309e-03 -0.000000e+00
      vertex  1.021021e-02  3.784309e-03  0.000000e+00
    endloop
  endfacet
  facet normal  0.000000e+00  0.000000e+00  0.000000e+00
    outer loop
      vertex  9.419167e-03  3.709422e-03  0.000000e+00
      vertex  1.020691e-02  3.684363e-03  0.000000e+00
      vertex  9.419167e-03  3.709422e-03 -0.000000e+00
    endloop
  endfacet
  facet normal  0.000000e+00  0.000000e+00  0.000000e+00
    outer loop
      vertex  1.020691e-02  3.684363e-03  0.000000e+00
      vertex  1.020691e-02  3.684363e-03 -0.000000e+00
      vertex  9.419167e-03  3.709422e-03 -0.000000e+00
    endloop
  endfacet
  facet normal  0.000000e+00 -0.000000e+00 -1.000000e+00
    outer loop
      vertex  1.021021e-02  3.784309e-03  0.000000e+00
      vertex  1.093937e-02  3.759241e-03  0.000000e+00
      vertex  1.020691e-02  3.684363e-03  0.000000e+00
    endloop
  endfacet
  facet normal  0.000000e+00  0.000000e+00 -1.000000e+00
    outer loop
      vertex  1.093937e-02  3.759241e-03  0.000000e+00
      vertex  1.093578e-02  3.659305e-03  0.000000e+00
      vertex  1.020691e-02  3.684363e-03  0.000000e+00
    endloop
  endfacet
  facet normal  0.000000e+00  0.000000e+00  1.000000e+00
    outer loop
      vertex  1.021021e-02  3.784309e-03 -0.000000e+00
      vertex  1.020691e-02  3.684363e-03 -0.000000e+00
      vertex  1.093937e-02  3.759241e-03 -0.000000e+00
    endloop
  endfacet
  facet normal  0.000000e+00  0.000000e+00  1.000000e+00
    outer loop
      vertex  1.093937e-02  3.759241e-03 -0.000000e+00
      vertex  1.020691e-02  3.684363e-03 -0.000000e+00
      vertex  1.093578e-02  3.659305e-03 -0.000000e+00
    endloop
  endfacet
  facet normal  0.000000e+00  0.000000e+00  0.000000e+00
    outer loop
      vertex  1.021021e-02  3.784309e-03  0.000000e+00
      vertex  1.021021e-02  3.784309e-03 -0.000000e+00
      vertex  1.093937e-02  3.759241e-03 -0.000000e+00
    endloop
  endfacet
  facet normal  0.000000e+00  0.000000e+00  0.000000e+00
    outer loop
      vertex  1.021021e-02  3.784309e-03  0.000000e+00
      vertex  1.093937e-02  3.759241e-03 -0.000000e+00
      vertex  1.093937e-02  3.759241e-03  0.000000e+00
    endloop
  endfacet
  facet normal  0.000000e+00  0.000000e+00  0.000000e+00
    outer loop
      vertex  1.020691e-02  3.684363e-03  0.000000e+00
      vertex  1.093578e-02  3.659305e-03  0.000000e+00
      vertex  1.020691e-02  3.684363e-03 -0.000000e+00
    endloop
  endfacet
  facet normal  0.000000e+00  0.000000e+00  0.000000e+00
    outer loop
      vertex  1.093578e-02  3.659305e-03  0.000000e+00
      vertex  1.093578e-02  3.659305e-03 -0.000000e+00
      vertex  1.020691e-02  3.684363e-03 -0.000000e+00
    endloop
  endfacet
  facet normal  0.000000e+00 -0.000000e+00 -1.000000e+00
    outer loop
      vertex  1.093937e-02  3.759241e-03  0.000000e+00
      vertex  1.160482e-02  3.734171e-03  0.000000e+00
      vertex  1.093578e-02  3.659305e-03  0.000000e+00
    endloop
  endfacet
  facet normal  0.000000e+00  0.000000e+00 -1.000000e+00
    outer loop
      vertex  1.160482e-02  3.734171e-03  0.000000e+00
      vertex  1.160085e-02  3.634250e-03  0.000000e+00
      vertex  1.093578e-02  3.659305e-03  0.000000e+00
    endloop
  endfacet
  facet normal  0.000000e+00  0.000000e+00  1.000000e+00
    outer loop
      vertex  1.093937e-02  3.759241e-03 -0.000000e+00
      vertex  1.093578e-02  3.659305e-03 -0.000000e+00
      vertex  1.160482e-02  3.734171e-03 -0.000000e+00
    endloop
  endfacet
  facet normal  0.000000e+00  0.000000e+00  1.000000e+00
    outer loop
      vertex  1.160482e-02  3.734171e-03 -0.000000e+00
      vertex  1.093578e-02  3.659305e-03 -0.000000e+00
      vertex  1.160085e-02  3.634250e-03 -0.000000e+00
    endloop
  endfacet
  facet normal  0.000000e+00  0.000000e+00  0.000000e+00
    outer loop
      vertex  1.093937e-02  3.759241e-03  0.000000e+00
      vertex  1.093937e-02  3.759241e-03 -0.000000e+00
      vertex  1.160482e-02  3.734171e-03 -0.000000e+00
    endloop
  endfacet
  facet normal  0.000000e+00  0.000000e+00  0.000000e+00
    outer loop
      vertex  1.093937e-02  3.759241e-03  0.000000e+00
      vertex  1.160482e-02  3.734171e-03 -0.000000e+00
      vertex  1.160482e-02  3.734171e-03  0.000000e+00
    endloop
  endfacet
  facet normal  0.000000e+00  0.000000e+00  0.000000e+00
    outer loop
      vertex  1.093578e-02  3.659305e-03  0.000000e+00
      vertex  1.160085e-02  3.634250e-03  0.000000e+00
      vertex  1.093578e-02  3.659305e-03 -0.000000e+00
    endloop
  endfacet
  facet normal  0.000000e+00  0.000000e+00  0.000000e+00
    outer loop
      vertex  1.160085e-02  3.634250e-03  0.000000e+00
      vertex  1.160085e-02  3.634250e-03 -0.000000e+00
      vertex  1.093578e-02  3.659305e-03 -0.000000e+00
    endloop
  endfacet
  facet normal  0.000000e+00 -0.000000e+00 -1.000000e+00
    outer loop
      vertex  1.160482e-02  3.734171e-03  0.000000e+00
      vertex  1.220202e-02  3.709098e-03  0.000000e+00
      vertex  1.160085e-02  3.634250e-03  0.000000e+00
    endloop
  endfacet
  facet normal  0.000000e+00  0.000000e+00 -1.000000e+00
    outer loop
      vertex  1.220202e-02  3.709098e-03  0.000000e+00
      vertex  1.219756e-02  3.609198e-03  0.000000e+00
      vertex  1.160085e-02  3.634250e-03  0.000000e+00
    endloop
  endfacet
  facet normal  0.000000e+00  0.000000e+00  1.000000e+00
    outer loop
      vertex  1.160482e-02  3.734171e-03 -0.000000e+00
      vertex  1.160085e-02  3.634250e-03 -0.000000e+00
      vertex  1.220202e-02  3.709098e-03 -0.000000e+00
    endloop
  endfacet
  facet normal  0.000000e+00  0.000000e+00  1.000000e+00
    outer loop
      vertex  1.220202e-02  3.709098e-03 -0.000000e+00
      vertex  1.160085e-02  3.634250e-03 -0.000000e+00
      vertex  1.219756e-02  3.609198e-03 -0.000000e+00
    endloop
  endfacet
  facet normal  0.000000e+00  0.000000e+00  0.000000e+00
    outer loop
      vertex  1.160482e-02  3.734171e-03  0.000000e+00
      vertex  1.160482e-02  3.734171e-03 -0.000000e+00
      vertex  1.220202e-02  3.709098e-03 -0.000000e+00
    endloop
  endfacet
  facet normal  0.000000e+00  0.000000e+00  0.000000e+00
    outer loop
      vertex  1.160482e-02  3.734171e-03  0.000000e+00
      vertex  1.220202e-02  3.709098e-03 -0.000000e+00
      vertex  1.220202e-02  3.709098e-03  0.000000e+00
    endloop
  endfacet
  facet normal  0.000000e+00  0.000000e+00  0.000000e+00
    outer loop
      vertex  1.160085e-02  3.634250e-03  0.000000e+00
      vertex  1.219756e-02  3.609198e-03  0.000000e+00
      vertex  1.160085e-02  3.634250e-03 -0.000000e+00
    endloop
  endfacet
  facet normal  0.000000e+00  0.000000e+00  0.000000e+00
    outer loop
      vertex  1.219756e-02  3.609198e-03  0.000000e+00
      vertex  1.219756e-02  3.609198e-03 -0.000000e+00
      vertex  1.160085e-02  3.634250e-03 -0.000000e+00
    endloop
  endfacet
  facet normal  0.000000e+00 -0.000000e+00 -1.000000e+00
    outer loop
      vertex  1.220202e-02  3.709098e-03  0.000000e+00
      vertex  1.272688e-02  3.684019e-03  0.000000e+00
      vertex  1.219756e-02  3.609198e-03  0.000000e+00
    endloop
  endfacet
  facet normal  0.000000e+00  0.000000e+00 -1.000000e+00
    outer loop
      vertex  1.272688e-02  3.684019e-03  0.000000e+00
      vertex  1.272174e-02  3.584151e-03  0.000000e+00
      vertex  1.219756e-02  3.609198e-03  0.000000e+00
    endloop
  endfacet
  facet normal  0.000000e+00  0.000000e+00  1.000000e+00
    outer loop
      vertex  1.220202e-02  3.709098e-03 -0.000000e+00
      vertex  1.219756e-02  3.609198e-03 -0.000000e+00
      vertex  1.272688e-02  3.684019e-03 -0.000000e+00
    endloop
  endfacet
  facet normal  0.000000e+00  0.000000e+00  1.000000e+00
    outer loop
      vertex  1.272688e-02  3.684019e-03 -0.000000e+00
      vertex  1.219756e-02  3.609198e-03 -0.000000e+00
      vertex  1.272174e-02  3.584151e-03 -0.000000e+00
    endloop
  endfacet
  facet normal  0.000000e+00  0.000000e+00  0.000000e+00
    outer loop
      vertex  1.220202e-02  3.709098e-03  0.000000e+00
      vertex  1.220202e-02  3.709098e-03 -0.000000e+00
      vertex  1.272688e-02  3.684019e-03 -0.000000e+00
    endloop
  endfacet
  facet normal  0.000000e+00  0.000000e+00  0.000000e+00
    outer loop
      vertex  1.220202e-02  3.709098e-03  0.000000e+00
      vertex  1.272688e-02  3.684019e-03 -0.000000e+00
      vertex  1.272688e-02  3.684019e-03  0.000000e+00
    endloop
  endfacet
  facet normal  0.000000e+00  0.000000e+00  0.000000e+00
    outer loop
      vertex  1.219756e-02  3.609198e-03  0.000000e+00
      vertex  1.272174e-02  3.584151e-03  0.000000e+00
      vertex  1.219756e-02  3.609198e-03 -0.000000e+00
    endloop
  endfacet
  facet normal  0.000000e+00  0.000000e+00  0.000000e+00
    outer loop
      vertex  1.272174e-02  3.584151e-03  0.000000e+00
      vertex  1.272174e-02  3.584151e-03 -0.000000e+00
      vertex  1.219756e-02  3.609198e-03 -0.000000e+00
    endloop
  endfacet
  facet normal  0.000000e+00 -0.000000e+00 -1.000000e+00
    outer loop
      vertex  1.272688e-02  3.684019e-03  0.000000e+00
      vertex  1.317572e-02  3.658929e-03  0.000000e+00
      vertex  1.272174e-02  3.584151e-03  0.000000e+00
    endloop
  endfacet
  facet normal  0.000000e+00  0.000000e+00 -1.000000e+00
    outer loop
      vertex  1.317572e-02  3.658929e-03  0.000000e+00
      vertex  1.316961e-02  3.559116e-03  0.000000e+00
      vertex  1.272174e-02  3.584151e-03  0.000000e+00
    endloop
  endfacet
  facet normal  0.000000e+00  0.000000e+00  1.000000e+00
    outer loop
      vertex  1.272688e-02  3.684019e-03 -0.000000e+00
      vertex  1.272174e-02  3.584151e-03 -0.000000e+00
      vertex  1.317572e-02  3.658929e-03 -0.000000e+00
    endloop
  endfacet
  facet normal  0.000000e+00  0.000000e+00  1.000000e+00
    outer loop
      vertex  1.317572e-02  3.658929e-03 -0.000000e+00
      vertex  1.272174e-02  3.584151e-03 -0.000000e+00
      vertex  1.316961e-02  3.559116e-03 -0.000000e+00
    endloop
  endfacet
  facet normal  0.000000e+00  0.000000e+00  0.000000e+00
    outer loop
      vertex  1.272688e-02  3.684019e-03  0.000000e+00
      vertex  1.272688e-02  3.684019e-03 -0.000000e+00
      vertex  1.317572e-02  3.658929e-03 -0.000000e+00
    endloop
  endfacet
  facet normal  0.000000e+00  0.000000e+00  0.000000e+00
    outer loop
      vertex  1.272688e-02  3.684019e-03  0.000000e+00
      vertex  1.317572e-02  3.658929e-03 -0.000000e+00
      vertex  1.317572e-02  3.658929e-03  0.000000e+00
    endloop
  endfacet
  facet normal  0.000000e+00  0.000000e+00  0.000000e+00
    outer loop
      vertex  1.272174e-02  3.584151e-03  0.000000e+00
      vertex  1.316961e-02  3.559116e-03  0.000000e+00
      vertex  1.272174e-02  3.584151e-03 -0.000000e+00
    endloop
  endfacet
  facet normal  0.000000e+00  0.000000e+00  0.000000e+00
    outer loop
      vertex  1.316961e-02  3.559116e-03  0.000000e+00
      vertex  1.316961e-02  3.559116e-03 -0.000000e+00
      vertex  1.272174e-02  3.584151e-03 -0.000000e+00
    endloop
  endfacet
  facet normal  0.000000e+00 -0.000000e+00 -1.000000e+00
    outer loop
      vertex  1.317572e-02  3.658929e-03  0.000000e+00
      vertex  1.354542e-02  3.633815e-03  0.000000e+00
      vertex  1.316961e-02  3.559116e-03  0.000000e+00
    endloop
  endfacet
  facet normal  0.000000e+00  0.000000e+00 -1.000000e+00
    outer loop
      vertex  1.354542e-02  3.633815e-03  0.000000e+00
      vertex  1.353781e-02  3.534105e-03  0.000000e+00
      vertex  1.316961e-02  3.559116e-03  0.000000e+00
    endloop
  endfacet
  facet normal  0.000000e+00  0.000000e+00  1.000000e+00
    outer loop
      vertex  1.317572e-02  3.658929e-03 -0.000000e+00
      vertex  1.316961e-02  3.559116e-03 -0.000000e+00
      vertex  1.354542e-02  3.633815e-03 -0.000000e+00
    endloop
  endfacet
  facet normal  0.000000e+00  0.000000e+00  1.000000e+00
    outer loop
      vertex  1.354542e-02  3.633815e-03 -0.000000e+00
      vertex  1.316961e-02  3.559116e-03 -0.000000e+00
      vertex  1.353781e-02  3.534105e-03 -0.000000e+00
    endloop
  endfacet
  facet normal  0.000000e+00  0.000000e+00  0.000000e+00
    outer loop
      vertex  1.317572e-02  3.658929e-03  0.000000e+00
      vertex  1.317572e-02  3.658929e-03 -0.000000e+00
      vertex  1.354542e-02  3.633815e-03 -0.000000e+00
    endloop
  endfacet
  facet normal  0.000000e+00  0.000000e+00  0.000000e+00
    outer loop
      vertex  1.317572e-02  3.658929e-03  0.000000e+00
      vertex  1.354542e-02  3.633815e-03 -0.000000e+00
      vertex  1.354542e-02  3.633815e-03  0.000000e+00
    endloop
  endfacet
  facet normal  0.000000e+00  0.000000e+00  0.000000e+00
    outer loop
      vertex  1.316961e-02  3.559116e-03  0.000000e+00
      vertex  1.353781e-02  3.534105e-03  0.000000e+00
      vertex  1.316961e-02  3.559116e-03 -0.000000e+00
    endloop
  endfacet
  facet normal  0.000000e+00  0.000000e+00  0.000000e+00
    outer loop
      vertex  1.353781e-02  3.534105e-03  0.000000e+00
      vertex  1.353781e-02  3.534105e-03 -0.000000e+00
      vertex  1.316961e-02  3.559116e-03 -0.000000e+00
    endloop
  endfacet
  facet normal  0.000000e+00 -0.000000e+00 -1.000000e+00
    outer loop
      vertex  1.354542e-02  3.633815e-03  0.000000e+00
      vertex  1.383345e-02  3.608637e-03  0.000000e+00
      vertex  1.353781e-02  3.534105e-03  0.000000e+00
    endloop
  endfacet
  facet normal  0.000000e+00  0.000000e+00 -1.000000e+00
    outer loop
      vertex  1.383345e-02  3.608637e-03  0.000000e+00
      vertex  1.382327e-02  3.509157e-03  0.000000e+00
      vertex  1.353781e-02  3.534105e-03  0.000000e+00
    endloop
  endfacet
  facet normal  0.000000e+00  0.000000e+00  1.000000e+00
    outer loop
      vertex  1.354542e-02  3.633815e-03 -0.000000e+00
      vertex  1.353781e-02  3.534105e-03 -0.000000e+00
      vertex  1.383345e-02  3.608637e-03 -0.000000e+00
    endloop
  endfacet
  facet normal  0.000000e+00  0.000000e+00  1.000000e+00
    outer loop
      vertex  1.383345e-02  3.608637e-03 -0.000000e+00
      vertex  1.353781e-02  3.534105e-03 -0.000000e+00
      vertex  1.382327e-02  3.509157e-03 -0.000000e+00
    endloop
  endfacet
  facet normal  0.000000e+00  0.000000e+00  0.000000e+00
    outer loop
      vertex  1.354542e-02  3.633815e-03  0.000000e+00
      vertex  1.354542e-02  3.633815e-03 -0.000000e+00
      vertex  1.383345e-02  3.608637e-03 -0.000000e+00
    endloop
  endfacet
  facet normal  0.000000e+00  0.000000e+00  0.000000e+00
    outer loop
      vertex  1.354542e-02  3.633815e-03  0.000000e+00
      vertex  1.383345e-02  3.608637e-03 -0.000000e+00
      vertex  1.383345e-02  3.608637e-03  0.000000e+00
    endloop
  endfacet
  facet normal  0.000000e+00  0.000000e+00  0.000000e+00
    outer loop
      vertex  1.353781e-02  3.534105e-03  0.000000e+00
      vertex  1.382327e-02  3.509157e-03  0.000000e+00
      vertex  1.353781e-02  3.534105e-03 -0.000000e+00
    endloop
  endfacet
  facet normal  0.000000e+00  0.000000e+00  0.000000e+00
    outer loop
      vertex  1.382327e-02  3.509157e-03  0.000000e+00
      vertex  1.382327e-02  3.509157e-03 -0.000000e+00
      vertex  1.353781e-02  3.534105e-03 -0.000000e+00
    endloop
  endfacet
  facet normal  0.000000e+00 -0.000000e+00 -1.000000e+00
    outer loop
      vertex  1.383345e-02  3.608637e-03  0.000000e+00
      vertex  1.403840e-02  3.583228e-03  0.000000e+00
      vertex  1.382327e-02  3.509157e-03  0.000000e+00
    endloop
  endfacet
  facet normal  0.000000e+00  0.000000e+00 -1.000000e+00
    outer loop
      vertex  1.403840e-02  3.583228e-03  0.000000e+00
      vertex  1.402287e-02  3.484441e-03  0.000000e+00
      vertex  1.382327e-02  3.509157e-03  0.000000e+00
    endloop
  endfacet
  facet normal  0.000000e+00  0.000000e+00  1.000000e+00
    outer loop
      vertex  1.383345e-02  3.608637e-03 -0.000000e+00
      vertex  1.382327e-02  3.509157e-03 -0.000000e+00
      vertex  1.403840e-02  3.583228e-03 -0.000000e+00
    endloop
  endfacet
  facet normal  0.000000e+00  0.000000e+00  1.000000e+00
    outer loop
      vertex  1.403840e-02  3.583228e-03 -0.000000e+00
      vertex  1.382327e-02  3.509157e-03 -0.000000e+00
      vertex  1.402287e-02  3.484441e-03 -0.000000e+00
    endloop
  endfacet
  facet normal  0.000000e+00  0.000000e+00  0.000000e+00
    outer loop
      vertex  1.383345e-02  3.608637e-03  0.000000e+00
      vertex  1.383345e-02  3.608637e-03 -0.000000e+00
      vertex  1.403840e-02  3.583228e-03 -0.000000e+00
    endloop
  endfacet
  facet normal  0.000000e+00  0.000000e+00  0.000000e+00
    outer loop
      vertex  1.383345e-02  3.608637e-03  0.000000e+00
      vertex  1.403840e-02  3.583228e-03 -0.000000e+00
      vertex  1.403840e-02  3.583228e-03  0.000000e+00
    endloop
  endfacet
  facet normal  0.000000e+00  0.000000e+00  0.000000e+00
    outer loop
      vertex  1.382327e-02  3.509157e-03  0.000000e+00
      vertex  1.402287e-02  3.484441e-03  0.000000e+00
      vertex  1.382327e-02  3.509157e-03 -0.000000e+00
    endloop
  endfacet
  facet normal  0.000000e+00  0.000000e+00  0.000000e+00
    outer loop
      vertex  1.402287e-02  3.484441e-03  0.000000e+00
      vertex  1.402287e-02  3.484441e-03 -0.000000e+00
      vertex  1.382327e-02  3.509157e-03 -0.000000e+00
    endloop
  endfacet
  facet normal  0.000000e+00 -0.000000e+00 -1.000000e+00
    outer loop
      vertex  1.403840e-02  3.583228e-03  0.000000e+00
      vertex  1.416302e-02  3.556025e-03  0.000000e+00
      vertex  1.402287e-02  3.484441e-03  0.000000e+00
    endloop
  endfacet
  facet normal  0.000000e+00  0.000000e+00 -1.000000e+00
    outer loop
      vertex  1.416302e-02  3.556025e-03  0.000000e+00
      vertex  1.413033e-02  3.461519e-03  0.000000e+00
      vertex  1.402287e-02  3.484441e-03  0.000000e+00
    endloop
  endfacet
  facet normal  0.000000e+00  0.000000e+00  1.000000e+00
    outer loop
      vertex  1.403840e-02  3.583228e-03 -0.000000e+00
      vertex  1.402287e-02  3.484441e-03 -0.000000e+00
      vertex  1.416302e-02  3.556025e-03 -0.000000e+00
    endloop
  endfacet
  facet normal  0.000000e+00  0.000000e+00  1.000000e+00
    outer loop
      vertex  1.416302e-02  3.556025e-03 -0.000000e+00
      vertex  1.402287e-02  3.484441e-03 -0.000000e+00
      vertex  1.413033e-02  3.461519e-03 -0.000000e+00
    endloop
  endfacet
  facet normal  0.000000e+00  0.000000e+00  0.000000e+00
    outer loop
      vertex  1.403840e-02  3.583228e-03  0.000000e+00
      vertex  1.403840e-02  3.583228e-03 -0.000000e+00
      vertex  1.416302e-02  3.556025e-03 -0.000000e+00
    endloop
  endfacet
  facet normal  0.000000e+00  0.000000e+00  0.000000e+00
    outer loop
      vertex  1.403840e-02  3.583228e-03  0.000000e+00
      vertex  1.416302e-02  3.556025e-03 -0.000000e+00
      vertex  1.416302e-02  3.556025e-03  0.000000e+00
    endloop
  endfacet
  facet normal  0.000000e+00  0.000000e+00  0.000000e+00
    outer loop
      vertex  1.402287e-02  3.484441e-03  0.000000e+00
      vertex  1.413033e-02  3.461519e-03  0.000000e+00
      vertex  1.402287e-02  3.484441e-03 -0.000000e+00
    endloop
  endfacet
  facet normal  0.000000e+00  0.000000e+00  0.000000e+00
    outer loop
      vertex  1.413033e-02  3.461519e-03  0.000000e+00
      vertex  1.413033e-02  3.461519e-03 -0.000000e+00
      vertex  1.402287e-02  3.484441e-03 -0.000000e+00
    endloop
  endfacet
  facet normal  0.000000e+00 -0.000000e+00 -1.000000e+00
    outer loop
      vertex  1.416302e-02  3.556025e-03  0.000000e+00
      vertex  1.421779e-02  3.457466e-03  0.000000e+00
      vertex  1.413033e-02  3.461519e-03  0.000000e+00
    endloop
  endfacet
  facet normal  0.000000e+00  0.000000e+00  1.000000e+00
    outer loop
      vertex  1.421779e-02  3.457466e-03  0.000000e+00
      vertex  1.413267e-02  3.509953e-03  0.000000e+00
      vertex  1.413033e-02  3.461519e-03  0.000000e+00
    endloop
  endfacet
  facet normal  0.000000e+00  0.000000e+00  1.000000e+00
    outer loop
      vertex  1.416302e-02  3.556025e-03 -0.000000e+00
      vertex  1.413033e-02  3.461519e-03 -0.000000e+00
      vertex  1.421779e-02  3.457466e-03 -0.000000e+00
    endloop
  endfacet
  facet normal  0.000000e+00  0.000000e+00 -1.000000e+00
    outer loop
      vertex  1.421779e-02  3.457466e-03 -0.000000e+00
      vertex  1.413033e-02  3.461519e-03 -0.000000e+00
      vertex  1.413267e-02  3.509953e-03 -0.000000e+00
    endloop
  endfacet
  facet normal  0.000000e+00  0.000000e+00  0.000000e+00
    outer loop
      vertex  1.416302e-02  3.556025e-03  0.000000e+00
      vertex  1.416302e-02  3.556025e-03 -0.000000e+00
      vertex  1.421779e-02  3.457466e-03 -0.000000e+00
    endloop
  endfacet
  facet normal  0.000000e+00  0.000000e+00  0.000000e+00
    outer loop
      vertex  1.416302e-02  3.556025e-03  0.000000e+00
      vertex  1.421779e-02  3.457466e-03 -0.000000e+00
      vertex  1.421779e-02  3.457466e-03  0.000000e+00
    endloop
  endfacet
  facet normal  0.000000e+00  0.000000e+00  0.000000e+00
    outer loop
      vertex  1.413033e-02  3.461519e-03  0.000000e+00
      vertex  1.413267e-02  3.509953e-03  0.000000e+00
      vertex  1.413033e-02  3.461519e-03 -0.000000e+00
    endloop
  endfacet
  facet normal  0.000000e+00  0.000000e+00  0.000000e+00
    outer loop
      vertex  1.413267e-02  3.509953e-03  0.000000e+00
      vertex  1.413267e-02  3.509953e-03 -0.000000e+00
      vertex  1.413033e-02  3.461519e-03 -0.000000e+00
    endloop
  endfacet
  facet normal -0.000000e+00  0.000000e+00 -1.000000e+00
    outer loop
      vertex  1.421779e-02  3.457466e-03  0.000000e+00
      vertex  1.412736e-02  3.410044e-03  0.000000e+00
      vertex  1.413267e-02  3.509953e-03  0.000000e+00
    endloop
  endfacet
  facet normal  0.000000e+00  0.000000e+00 -1.000000e+00
    outer loop
      vertex  1.412736e-02  3.410044e-03  0.000000e+00
      vertex  1.410389e-02  3.507250e-03  0.000000e+00
      vertex  1.413267e-02  3.509953e-03  0.000000e+00
    endloop
  endfacet
  facet normal  0.000000e+00  0.000000e+00  1.000000e+00
    outer loop
      vertex  1.421779e-02  3.457466e-03 -0.000000e+00
      vertex  1.413267e-02  3.509953e-03 -0.000000e+00
      vertex  1.412736e-02  3.410044e-03 -0.000000e+00
    endloop
  endfacet
  facet normal  0.000000e+00 -0.000000e+00  1.000000e+00
    outer loop
      vertex  1.412736e-02  3.410044e-03 -0.000000e+00
      vertex  1.413267e-02  3.509953e-03 -0.000000e+00
      vertex  1.410389e-02  3.507250e-03 -0.000000e+00
    endloop
  endfacet
  facet normal  0.000000e+00  0.000000e+00  0.000000e+00
    outer loop
      vertex  1.421779e-02  3.457466e-03  0.000000e+00
      vertex  1.421779e-02  3.457466e-03 -0.000000e+00
      vertex  1.412736e-02  3.410044e-03 -0.000000e+00
    endloop
  endfacet
  facet normal  0.000000e+00  0.000000e+00  0.000000e+00
    outer loop
      vertex  1.421779e-02  3.457466e-03  0.000000e+00
      vertex  1.412736e-02  3.410044e-03 -0.000000e+00
      vertex  1.412736e-02  3.410044e-03  0.000000e+00
    endloop
  endfacet
  facet normal  0.000000e+00  0.000000e+00  0.000000e+00
    outer loop
      vertex  1.413267e-02  3.509953e-03  0.000000e+00
      vertex  1.410389e-02  3.507250e-03  0.000000e+00
      vertex  1.413267e-02  3.509953e-03 -0.000000e+00
    endloop
  endfacet
  facet normal  0.000000e+00  0.000000e+00  0.000000e+00
    outer loop
      vertex  1.410389e-02  3.507250e-03  0.000000e+00
      vertex  1.410389e-02  3.507250e-03 -0.000000e+00
      vertex  1.413267e-02  3.509953e-03 -0.000000e+00
    endloop
  endfacet
  facet normal -0.000000e+00  0.000000e+00 -1.000000e+00
    outer loop
      vertex  1.412736e-02  3.410044e-03  0.000000e+00
      vertex  1.397417e-02  3.384005e-03  0.000000e+00
      vertex  1.410389e-02  3.507250e-03  0.000000e+00
    endloop
  endfacet
  facet normal  0.000000e+00  0.000000e+00 -1.000000e+00
    outer loop
      vertex  1.397417e-02  3.384005e-03  0.000000e+00
      vertex  1.396123e-02  3.483163e-03  0.000000e+00
      vertex  1.410389e-02  3.507250e-03  0.000000e+00
    endloop
  endfacet
  facet normal  0.000000e+00  0.000000e+00  1.000000e+00
    outer loop
      vertex  1.412736e-02  3.410044e-03 -0.000000e+00
      vertex  1.410389e-02  3.507250e-03 -0.000000e+00
      vertex  1.397417e-02  3.384005e-03 -0.000000e+00
    endloop
  endfacet
  facet normal  0.000000e+00 -0.000000e+00  1.000000e+00
    outer loop
      vertex  1.397417e-02  3.384005e-03 -0.000000e+00
      vertex  1.410389e-02  3.507250e-03 -0.000000e+00
      vertex  1.396123e-02  3.483163e-03 -0.000000e+00
    endloop
  endfacet
  facet normal  0.000000e+00  0.000000e+00  0.000000e+00
    outer loop
      vertex  1.412736e-02  3.410044e-03  0.000000e+00
      vertex  1.412736e-02  3.410044e-03 -0.000000e+00
      vertex  1.397417e-02  3.384005e-03 -0.000000e+00
    endloop
  endfacet
  facet normal  0.000000e+00  0.000000e+00  0.000000e+00
    outer loop
      vertex  1.412736e-02  3.410044e-03  0.000000e+00
      vertex  1.397417e-02  3.384005e-03 -0.000000e+00
      vertex  1.397417e-02  3.384005e-03  0.000000e+00
    endloop
  endfacet
  facet normal  0.000000e+00  0.000000e+00  0.000000e+00
    outer loop
      vertex  1.410389e-02  3.507250e-03  0.000000e+00
      vertex  1.396123e-02  3.483163e-03  0.000000e+00
      vertex  1.410389e-02  3.507250e-03 -0.000000e+00
    endloop
  endfacet
  facet normal  0.000000e+00  0.000000e+00  0.000000e+00
    outer loop
      vertex  1.396123e-02  3.483163e-03  0.000000e+00
      vertex  1.396123e-02  3.483163e-03 -0.000000e+00
      vertex  1.410389e-02  3.507250e-03 -0.000000e+00
    endloop
  endfacet
  facet normal -0.000000e+00  0.000000e+00 -1.000000e+00
    outer loop
      vertex  1.397417e-02  3.384005e-03  0.000000e+00
      vertex  1.373633e-02  3.358721e-03  0.000000e+00
      vertex  1.396123e-02  3.483163e-03  0.000000e+00
    endloop
  endfacet
  facet normal  0.000000e+00  0.000000e+00 -1.000000e+00
    outer loop
      vertex  1.373633e-02  3.358721e-03  0.000000e+00
      vertex  1.372740e-02  3.458322e-03  0.000000e+00
      vertex  1.396123e-02  3.483163e-03  0.000000e+00
    endloop
  endfacet
  facet normal  0.000000e+00  0.000000e+00  1.000000e+00
    outer loop
      vertex  1.397417e-02  3.384005e-03 -0.000000e+00
      vertex  1.396123e-02  3.483163e-03 -0.000000e+00
      vertex  1.373633e-02  3.358721e-03 -0.000000e+00
    endloop
  endfacet
  facet normal  0.000000e+00 -0.000000e+00  1.000000e+00
    outer loop
      vertex  1.373633e-02  3.358721e-03 -0.000000e+00
      vertex  1.396123e-02  3.483163e-03 -0.000000e+00
      vertex  1.372740e-02  3.458322e-03 -0.000000e+00
    endloop
  endfacet
  facet normal  0.000000e+00  0.000000e+00  0.000000e+00
    outer loop
      vertex  1.397417e-02  3.384005e-03  0.000000e+00
      vertex  1.397417e-02  3.384005e-03 -0.000000e+00
      vertex  1.373633e-02  3.358721e-03 -0.000000e+00
    endloop
  endfacet
  facet normal  0.000000e+00  0.000000e+00  0.000000e+00
    outer loop
      vertex  1.397417e-02  3.384005e-03  0.000000e+00
      vertex  1.373633e-02  3.358721e-03 -0.000000e+00
      vertex  1.373633e-02  3.358721e-03  0.000000e+00
    endloop
  endfacet
  facet normal  0.000000e+00  0.000000e+00  0.000000e+00
    outer loop
      vertex  1.396123e-02  3.483163e-03  0.000000e+00
      vertex  1.372740e-02  3.458322e-03  0.000000e+00
      vertex  1.396123e-02  3.483163e-03 -0.000000e+00
    endloop
  endfacet
  facet normal  0.000000e+00  0.000000e+00  0.000000e+00
    outer loop
      vertex  1.372740e-02  3.458322e-03  0.000000e+00
      vertex  1.372740e-02  3.458322e-03 -0.000000e+00
      vertex  1.396123e-02  3.483163e-03 -0.000000e+00
    endloop
  endfacet
  facet normal -0.000000e+00  0.000000e+00 -1.000000e+00
    outer loop
      vertex  1.373633e-02  3.358721e-03  0.000000e+00
      vertex  1.341250e-02  3.333576e-03  0.000000e+00
      vertex  1.372740e-02  3.458322e-03  0.000000e+00
    endloop
  endfacet
  facet normal  0.000000e+00  0.000000e+00 -1.000000e+00
    outer loop
      vertex  1.341250e-02  3.333576e-03  0.000000e+00
      vertex  1.340566e-02  3.433342e-03  0.000000e+00
      vertex  1.372740e-02  3.458322e-03  0.000000e+00
    endloop
  endfacet
  facet normal  0.000000e+00  0.000000e+00  1.000000e+00
    outer loop
      vertex  1.373633e-02  3.358721e-03 -0.000000e+00
      vertex  1.372740e-02  3.458322e-03 -0.000000e+00
      vertex  1.341250e-02  3.333576e-03 -0.000000e+00
    endloop
  endfacet
  facet normal  0.000000e+00 -0.000000e+00  1.000000e+00
    outer loop
      vertex  1.341250e-02  3.333576e-03 -0.000000e+00
      vertex  1.372740e-02  3.458322e-03 -0.000000e+00
      vertex  1.340566e-02  3.433342e-03 -0.000000e+00
    endloop
  endfacet
  facet normal  0.000000e+00  0.000000e+00  0.000000e+00
    outer loop
      vertex  1.373633e-02  3.358721e-03  0.000000e+00
      vertex  1.373633e-02  3.358721e-03 -0.000000e+00
      vertex  1.341250e-02  3.333576e-03 -0.000000e+00
    endloop
  endfacet
  facet normal  0.000000e+00  0.000000e+00  0.000000e+00
    outer loop
      vertex  1.373633e-02  3.358721e-03  0.000000e+00
      vertex  1.341250e-02  3.333576e-03 -0.000000e+00
      vertex  1.341250e-02  3.333576e-03  0.000000e+00
    endloop
  endfacet
  facet normal  0.000000e+00  0.000000e+00  0.000000e+00
    outer loop
      vertex  1.372740e-02  3.458322e-03  0.000000e+00
      vertex  1.340566e-02  3.433342e-03  0.000000e+00
      vertex  1.372740e-02  3.458322e-03 -0.000000e+00
    endloop
  endfacet
  facet normal  0.000000e+00  0.000000e+00  0.000000e+00
    outer loop
      vertex  1.340566e-02  3.433342e-03  0.000000e+00
      vertex  1.340566e-02  3.433342e-03 -0.000000e+00
      vertex  1.372740e-02  3.458322e-03 -0.000000e+00
    endloop
  endfacet
  facet normal -0.000000e+00  0.000000e+00 -1.000000e+00
    outer loop
      vertex  1.341250e-02  3.333576e-03  0.000000e+00
      vertex  1.300364e-02  3.308473e-03  0.000000e+00
      vertex  1.340566e-02  3.433342e-03  0.000000e+00
    endloop
  endfacet
  facet normal  0.000000e+00  0.000000e+00 -1.000000e+00
    outer loop
      vertex  1.300364e-02  3.308473e-03  0.000000e+00
      vertex  1.299808e-02  3.408319e-03  0.000000e+00
      vertex  1.340566e-02  3.433342e-03  0.000000e+00
    endloop
  endfacet
  facet normal  0.000000e+00  0.000000e+00  1.000000e+00
    outer loop
      vertex  1.341250e-02  3.333576e-03 -0.000000e+00
      vertex  1.340566e-02  3.433342e-03 -0.000000e+00
      vertex  1.300364e-02  3.308473e-03 -0.000000e+00
    endloop
  endfacet
  facet normal  0.000000e+00 -0.000000e+00  1.000000e+00
    outer loop
      vertex  1.300364e-02  3.308473e-03 -0.000000e+00
      vertex  1.340566e-02  3.433342e-03 -0.000000e+00
      vertex  1.299808e-02  3.408319e-03 -0.000000e+00
    endloop
  endfacet
  facet normal  0.000000e+00  0.000000e+00  0.000000e+00
    outer loop
      vertex  1.341250e-02  3.333576e-03  0.000000e+00
      vertex  1.341250e-02  3.333576e-03 -0.000000e+00
      vertex  1.300364e-02  3.308473e-03 -0.000000e+00
    endloop
  endfacet
  facet normal  0.000000e+00  0.000000e+00  0.000000e+00
    outer loop
      vertex  1.341250e-02  3.333576e-03  0.000000e+00
      vertex  1.300364e-02  3.308473e-03 -0.000000e+00
      vertex  1.300364e-02  3.308473e-03  0.000000e+00
    endloop
  endfacet
  facet normal  0.000000e+00  0.000000e+00  0.000000e+00
    outer loop
      vertex  1.340566e-02  3.433342e-03  0.000000e+00
      vertex  1.299808e-02  3.408319e-03  0.000000e+00
      vertex  1.340566e-02  3.433342e-03 -0.000000e+00
    endloop
  endfacet
  facet normal  0.000000e+00  0.000000e+00  0.000000e+00
    outer loop
      vertex  1.299808e-02  3.408319e-03  0.000000e+00
      vertex  1.299808e-02  3.408319e-03 -0.000000e+00
      vertex  1.340566e-02  3.433342e-03 -0.000000e+00
    endloop
  endfacet
  facet normal -0.000000e+00  0.000000e+00 -1.000000e+00
    outer loop
      vertex  1.300364e-02  3.308473e-03  0.000000e+00
      vertex  1.251161e-02  3.283389e-03  0.000000e+00
      vertex  1.299808e-02  3.408319e-03  0.000000e+00
    endloop
  endfacet
  facet normal  0.000000e+00  0.000000e+00 -1.000000e+00
    outer loop
      vertex  1.251161e-02  3.283389e-03  0.000000e+00
      vertex  1.250691e-02  3.383278e-03  0.000000e+00
      vertex  1.299808e-02  3.408319e-03  0.000000e+00
    endloop
  endfacet
  facet normal  0.000000e+00  0.000000e+00  1.000000e+00
    outer loop
      vertex  1.300364e-02  3.308473e-03 -0.000000e+00
      vertex  1.299808e-02  3.408319e-03 -0.000000e+00
      vertex  1.251161e-02  3.283389e-03 -0.000000e+00
    endloop
  endfacet
  facet normal  0.000000e+00 -0.000000e+00  1.000000e+00
    outer loop
      vertex  1.251161e-02  3.283389e-03 -0.000000e+00
      vertex  1.299808e-02  3.408319e-03 -0.000000e+00
      vertex  1.250691e-02  3.383278e-03 -0.000000e+00
    endloop
  endfacet
  facet normal  0.000000e+00  0.000000e+00  0.000000e+00
    outer loop
      vertex  1.300364e-02  3.308473e-03  0.000000e+00
      vertex  1.300364e-02  3.308473e-03 -0.000000e+00
      vertex  1.251161e-02  3.283389e-03 -0.000000e+00
    endloop
  endfacet
  facet normal  0.000000e+00  0.000000e+00  0.000000e+00
    outer loop
      vertex  1.300364e-02  3.308473e-03  0.000000e+00
      vertex  1.251161e-02  3.283389e-03 -0.000000e+00
      vertex  1.251161e-02  3.283389e-03  0.000000e+00
    endloop
  endfacet
  facet normal  0.000000e+00  0.000000e+00  0.000000e+00
    outer loop
      vertex  1.299808e-02  3.408319e-03  0.000000e+00
      vertex  1.250691e-02  3.383278e-03  0.000000e+00
      vertex  1.299808e-02  3.408319e-03 -0.000000e+00
    endloop
  endfacet
  facet normal  0.000000e+00  0.000000e+00  0.000000e+00
    outer loop
      vertex  1.250691e-02  3.383278e-03  0.000000e+00
      vertex  1.250691e-02  3.383278e-03 -0.000000e+00
      vertex  1.299808e-02  3.408319e-03 -0.000000e+00
    endloop
  endfacet
  facet normal -0.000000e+00  0.000000e+00 -1.000000e+00
    outer loop
      vertex  1.251161e-02  3.283389e-03  0.000000e+00
      vertex  1.193890e-02  3.258313e-03  0.000000e+00
      vertex  1.250691e-02  3.383278e-03  0.000000e+00
    endloop
  endfacet
  facet normal  0.000000e+00  0.000000e+00 -1.000000e+00
    outer loop
      vertex  1.193890e-02  3.258313e-03  0.000000e+00
      vertex  1.193481e-02  3.358229e-03  0.000000e+00
      vertex  1.250691e-02  3.383278e-03  0.000000e+00
    endloop
  endfacet
  facet normal  0.000000e+00  0.000000e+00  1.000000e+00
    outer loop
      vertex  1.251161e-02  3.283389e-03 -0.000000e+00
      vertex  1.250691e-02  3.383278e-03 -0.000000e+00
      vertex  1.193890e-02  3.258313e-03 -0.000000e+00
    endloop
  endfacet
  facet normal  0.000000e+00 -0.000000e+00  1.000000e+00
    outer loop
      vertex  1.193890e-02  3.258313e-03 -0.000000e+00
      vertex  1.250691e-02  3.383278e-03 -0.000000e+00
      vertex  1.193481e-02  3.358229e-03 -0.000000e+00
    endloop
  endfacet
  facet normal  0.000000e+00  0.000000e+00  0.000000e+00
    outer loop
      vertex  1.251161e-02  3.283389e-03  0.000000e+00
      vertex  1.251161e-02  3.283389e-03 -0.000000e+00
      vertex  1.193890e-02  3.258313e-03 -0.000000e+00
    endloop
  endfacet
  facet normal  0.000000e+00  0.000000e+00  0.000000e+00
    outer loop
      vertex  1.251161e-02  3.283389e-03  0.000000e+00
      vertex  1.193890e-02  3.258313e-03 -0.000000e+00
      vertex  1.193890e-02  3.258313e-03  0.000000e+00
    endloop
  endfacet
  facet normal  0.000000e+00  0.000000e+00  0.000000e+00
    outer loop
      vertex  1.250691e-02  3.383278e-03  0.000000e+00
      vertex  1.193481e-02  3.358229e-03  0.000000e+00
      vertex  1.250691e-02  3.383278e-03 -0.000000e+00
    endloop
  endfacet
  facet normal  0.000000e+00  0.000000e+00  0.000000e+00
    outer loop
      vertex  1.193481e-02  3.358229e-03  0.000000e+00
      vertex  1.193481e-02  3.358229e-03 -0.000000e+00
      vertex  1.250691e-02  3.383278e-03 -0.000000e+00
    endloop
  endfacet
  facet normal -0.000000e+00  0.000000e+00 -1.000000e+00
    outer loop
      vertex  1.193890e-02  3.258313e-03  0.000000e+00
      vertex  1.128859e-02  3.233241e-03  0.000000e+00
      vertex  1.193481e-02  3.358229e-03  0.000000e+00
    endloop
  endfacet
  facet normal  0.000000e+00  0.000000e+00 -1.000000e+00
    outer loop
      vertex  1.128859e-02  3.233241e-03  0.000000e+00
      vertex  1.128495e-02  3.333175e-03  0.000000e+00
      vertex  1.193481e-02  3.358229e-03  0.000000e+00
    endloop
  endfacet
  facet normal  0.000000e+00  0.000000e+00  1.000000e+00
    outer loop
      vertex  1.193890e-02  3.258313e-03 -0.000000e+00
      vertex  1.193481e-02  3.358229e-03 -0.000000e+00
      vertex  1.128859e-02  3.233241e-03 -0.000000e+00
    endloop
  endfacet
  facet normal  0.000000e+00 -0.000000e+00  1.000000e+00
    outer loop
      vertex  1.128859e-02  3.233241e-03 -0.000000e+00
      vertex  1.193481e-02  3.358229e-03 -0.000000e+00
      vertex  1.128495e-02  3.333175e-03 -0.000000e+00
    endloop
  endfacet
  facet normal  0.000000e+00  0.000000e+00  0.000000e+00
    outer loop
      vertex  1.193890e-02  3.258313e-03  0.000000e+00
      vertex  1.193890e-02  3.258313e-03 -0.000000e+00
      vertex  1.128859e-02  3.233241e-03 -0.000000e+00
    endloop
  endfacet
  facet normal  0.000000e+00  0.000000e+00  0.000000e+00
    outer loop
      vertex  1.193890e-02  3.258313e-03  0.000000e+00
      vertex  1.128859e-02  3.233241e-03 -0.000000e+00
      vertex  1.128859e-02  3.233241e-03  0.000000e+00
    endloop
  endfacet
  facet normal  0.000000e+00  0.000000e+00  0.000000e+00
    outer loop
      vertex  1.193481e-02  3.358229e-03  0.000000e+00
      vertex  1.128495e-02  3.333175e-03  0.000000e+00
      vertex  1.193481e-02  3.358229e-03 -0.000000e+00
    endloop
  endfacet
  facet normal  0.000000e+00  0.000000e+00  0.000000e+00
    outer loop
      vertex  1.128495e-02  3.333175e-03  0.000000e+00
      vertex  1.128495e-02  3.333175e-03 -0.000000e+00
      vertex  1.193481e-02  3.358229e-03 -0.000000e+00
    endloop
  endfacet
  facet normal -0.000000e+00  0.000000e+00 -1.000000e+00
    outer loop
      vertex  1.128859e-02  3.233241e-03  0.000000e+00
      vertex  1.056425e-02  3.208173e-03  0.000000e+00
      vertex  1.128495e-02  3.333175e-03  0.000000e+00
    endloop
  endfacet
  facet normal  0.000000e+00  0.000000e+00 -1.000000e+00
    outer loop
      vertex  1.056425e-02  3.208173e-03  0.000000e+00
      vertex  1.056096e-02  3.308118e-03  0.000000e+00
      vertex  1.128495e-02  3.333175e-03  0.000000e+00
    endloop
  endfacet
  facet normal  0.000000e+00  0.000000e+00  1.000000e+00
    outer loop
      vertex  1.128859e-02  3.233241e-03 -0.000000e+00
      vertex  1.128495e-02  3.333175e-03 -0.000000e+00
      vertex  1.056425e-02  3.208173e-03 -0.000000e+00
    endloop
  endfacet
  facet normal  0.000000e+00 -0.000000e+00  1.000000e+00
    outer loop
      vertex  1.056425e-02  3.208173e-03 -0.000000e+00
      vertex  1.128495e-02  3.333175e-03 -0.000000e+00
      vertex  1.056096e-02  3.308118e-03 -0.000000e+00
    endloop
  endfacet
  facet normal  0.000000e+00  0.000000e+00  0.000000e+00
    outer loop
      vertex  1.128859e-02  3.233241e-03  0.000000e+00
      vertex  1.128859e-02  3.233241e-03 -0.000000e+00
      vertex  1.056425e-02  3.208173e-03 -0.000000e+00
    endloop
  endfacet
  facet normal  0.000000e+00  0.000000e+00  0.000000e+00
    outer loop
      vertex  1.128859e-02  3.233241e-03  0.000000e+00
      vertex  1.056425e-02  3.208173e-03 -0.000000e+00
      vertex  1.056425e-02  3.208173e-03  0.000000e+00
    endloop
  endfacet
  facet normal  0.000000e+00  0.000000e+00  0.000000e+00
    outer loop
      vertex  1.128495e-02  3.333175e-03  0.000000e+00
      vertex  1.056096e-02  3.308118e-03  0.000000e+00
      vertex  1.128495e-02  3.333175e-03 -0.000000e+00
    endloop
  endfacet
  facet normal  0.000000e+00  0.000000e+00  0.000000e+00
    outer loop
      vertex  1.056096e-02  3.308118e-03  0.000000e+00
      vertex  1.056096e-02  3.308118e-03 -0.000000e+00
      vertex  1.128495e-02  3.333175e-03 -0.000000e+00
    endloop
  endfacet
  facet normal -0.000000e+00  0.000000e+00 -1.000000e+00
    outer loop
      vertex  1.056425e-02  3.208173e-03  0.000000e+00
      vertex  9.769982e-03  3.183106e-03  0.000000e+00
      vertex  1.056096e-02  3.308118e-03  0.000000e+00
    endloop
  endfacet
  facet normal  0.000000e+00  0.000000e+00 -1.000000e+00
    outer loop
      vertex  9.769982e-03  3.183106e-03  0.000000e+00
      vertex  9.766955e-03  3.283060e-03  0.000000e+00
      vertex  1.056096e-02  3.308118e-03  0.000000e+00
    endloop
  endfacet
  facet normal  0.000000e+00  0.000000e+00  1.000000e+00
    outer loop
      vertex  1.056425e-02  3.208173e-03 -0.000000e+00
      vertex  1.056096e-02  3.308118e-03 -0.000000e+00
      vertex  9.769982e-03  3.183106e-03 -0.000000e+00
    endloop
  endfacet
  facet normal  0.000000e+00 -0.000000e+00  1.000000e+00
    outer loop
      vertex  9.769982e-03  3.183106e-03 -0.000000e+00
      vertex  1.056096e-02  3.308118e-03 -0.000000e+00
      vertex  9.766955e-03  3.283060e-03 -0.000000e+00
    endloop
  endfacet
  facet normal  0.000000e+00  0.000000e+00  0.000000e+00
    outer loop
      vertex  1.056425e-02  3.208173e-03  0.000000e+00
      vertex  1.056425e-02  3.208173e-03 -0.000000e+00
      vertex  9.769982e-03  3.183106e-03 -0.000000e+00
    endloop
  endfacet
  facet normal  0.000000e+00  0.000000e+00  0.000000e+00
    outer loop
      vertex  1.056425e-02  3.208173e-03  0.000000e+00
      vertex  9.769982e-03  3.183106e-03 -0.000000e+00
      vertex  9.769982e-03  3.183106e-03  0.000000e+00
    endloop
  endfacet
  facet normal  0.000000e+00  0.000000e+00  0.000000e+00
    outer loop
      vertex  1.056096e-02  3.308118e-03  0.000000e+00
      vertex  9.766955e-03  3.283060e-03  0.000000e+00
      vertex  1.056096e-02  3.308118e-03 -0.000000e+00
    endloop
  endfacet
  facet normal  0.000000e+00  0.000000e+00  0.000000e+00
    outer loop
      vertex  9.766955e-03  3.283060e-03  0.000000e+00
      vertex  9.766955e-03  3.283060e-03 -0.000000e+00
      vertex  1.056096e-02  3.308118e-03 -0.000000e+00
    endloop
  endfacet
  facet normal -0.000000e+00  0.000000e+00 -1.000000e+00
    outer loop
      vertex  9.769982e-03  3.183106e-03  0.000000e+00
      vertex  8.910324e-03  3.158040e-03  0.000000e+00
      vertex  9.766955e-03  3.283060e-03  0.000000e+00
    endloop
  endfacet
  facet normal  0.000000e+00  0.000000e+00 -1.000000e+00
    outer loop
      vertex  8.910324e-03  3.158040e-03  0.000000e+00
      vertex  8.907511e-03  3.258000e-03  0.000000e+00
      vertex  9.766955e-03  3.283060e-03  0.000000e+00
    endloop
  endfacet
  facet normal  0.000000e+00  0.000000e+00  1.000000e+00
    outer loop
      vertex  9.769982e-03  3.183106e-03 -0.000000e+00
      vertex  9.766955e-03  3.283060e-03 -0.000000e+00
      vertex  8.910324e-03  3.158040e-03 -0.000000e+00
    endloop
  endfacet
  facet normal  0.000000e+00 -0.000000e+00  1.000000e+00
    outer loop
      vertex  8.910324e-03  3.158040e-03 -0.000000e+00
      vertex  9.766955e-03  3.283060e-03 -0.000000e+00
      vertex  8.907511e-03  3.258000e-03 -0.000000e+00
    endloop
  endfacet
  facet normal  0.000000e+00  0.000000e+00  0.000000e+00
    outer loop
      vertex  9.769982e-03  3.183106e-03  0.000000e+00
      vertex  9.769982e-03  3.183106e-03 -0.000000e+00
      vertex  8.910324e-03  3.158040e-03 -0.000000e+00
    endloop
  endfacet
  facet normal  0.000000e+00  0.000000e+00  0.000000e+00
    outer loop
      vertex  9.769982e-03  3.183106e-03  0.000000e+00
      vertex  8.910324e-03  3.158040e-03 -0.000000e+00
      vertex  8.910324e-03  3.158040e-03  0.000000e+00
    endloop
  endfacet
  facet normal  0.000000e+00  0.000000e+00  0.000000e+00
    outer loop
      vertex  9.766955e-03  3.283060e-03  0.000000e+00
      vertex  8.907511e-03  3.258000e-03  0.000000e+00
      vertex  9.766955e-03  3.283060e-03 -0.000000e+00
    endloop
  endfacet
  facet normal  0.000000e+00  0.000000e+00  0.000000e+00
    outer loop
      vertex  8.907511e-03  3.258000e-03  0.000000e+00
      vertex  8.907511e-03  3.258000e-03 -0.000000e+00
      vertex  9.766955e-03  3.283060e-03 -0.000000e+00
    endloop
  endfacet
  facet normal -0.000000e+00  0.000000e+00 -1.000000e+00
    outer loop
      vertex  8.910324e-03  3.158040e-03  0.000000e+00
      vertex  7.990269e-03  3.132975e-03  0.000000e+00
      vertex  8.907511e-03  3.258000e-03  0.000000e+00
    endloop
  endfacet
  facet normal  0.000000e+00  0.000000e+00 -1.000000e+00
    outer loop
      vertex  7.990269e-03  3.132975e-03  0.000000e+00
      vertex  7.987627e-03  3.232940e-03  0.000000e+00
      vertex  8.907511e-03  3.258000e-03  0.000000e+00
    endloop
  endfacet
  facet normal  0.000000e+00  0.000000e+00  1.000000e+00
    outer loop
      vertex  8.910324e-03  3.158040e-03 -0.000000e+00
      vertex  8.907511e-03  3.258000e-03 -0.000000e+00
      vertex  7.990269e-03  3.132975e-03 -0.000000e+00
    endloop
  endfacet
  facet normal  0.000000e+00 -0.000000e+00  1.000000e+00
    outer loop
      vertex  7.990269e-03  3.132975e-03 -0.000000e+00
      vertex  8.907511e-03  3.258000e-03 -0.000000e+00
      vertex  7.987627e-03  3.232940e-03 -0.000000e+00
    endloop
  endfacet
  facet normal  0.000000e+00  0.000000e+00  0.000000e+00
    outer loop
      vertex  8.910324e-03  3.158040e-03  0.000000e+00
      vertex  8.910324e-03  3.158040e-03 -0.000000e+00
      vertex  7.990269e-03  3.132975e-03 -0.000000e+00
    endloop
  endfacet
  facet normal  0.000000e+00  0.000000e+00  0.000000e+00
    outer loop
      vertex  8.910324e-03  3.158040e-03  0.000000e+00
      vertex  7.990269e-03  3.132975e-03 -0.000000e+00
      vertex  7.990269e-03  3.132975e-03  0.000000e+00
    endloop
  endfacet
  facet normal  0.000000e+00  0.000000e+00  0.000000e+00
    outer loop
      vertex  8.907511e-03  3.258000e-03  0.000000e+00
      vertex  7.987627e-03  3.232940e-03  0.000000e+00
      vertex  8.907511e-03  3.258000e-03 -0.000000e+00
    endloop
  endfacet
  facet normal  0.000000e+00  0.000000e+00  0.000000e+00
    outer loop
      vertex  7.987627e-03  3.232940e-03  0.000000e+00
      vertex  7.987627e-03  3.232940e-03 -0.000000e+00
      vertex  8.907511e-03  3.258000e-03 -0.000000e+00
    endloop
  endfacet
  facet normal -0.000000e+00  0.000000e+00 -1.000000e+00
    outer loop
      vertex  7.990269e-03  3.132975e-03  0.000000e+00
      vertex  7.015214e-03  3.107910e-03  0.000000e+00
      vertex  7.987627e-03  3.232940e-03  0.000000e+00
    endloop
  endfacet
  facet normal  0.000000e+00  0.000000e+00 -1.000000e+00
    outer loop
      vertex  7.015214e-03  3.107910e-03  0.000000e+00
      vertex  7.012710e-03  3.207879e-03  0.000000e+00
      vertex  7.987627e-03  3.232940e-03  0.000000e+00
    endloop
  endfacet
  facet normal  0.000000e+00  0.000000e+00  1.000000e+00
    outer loop
      vertex  7.990269e-03  3.132975e-03 -0.000000e+00
      vertex  7.987627e-03  3.232940e-03 -0.000000e+00
      vertex  7.015214e-03  3.107910e-03 -0.000000e+00
    endloop
  endfacet
  facet normal  0.000000e+00 -0.000000e+00  1.000000e+00
    outer loop
      vertex  7.015214e-03  3.107910e-03 -0.000000e+00
      vertex  7.987627e-03  3.232940e-03 -0.000000e+00
      vertex  7.012710e-03  3.207879e-03 -0.000000e+00
    endloop
  endfacet
  facet normal  0.000000e+00  0.000000e+00  0.000000e+00
    outer loop
      vertex  7.990269e-03  3.132975e-03  0.000000e+00
      vertex  7.990269e-03  3.132975e-03 -0.000000e+00
      vertex  7.015214e-03  3.107910e-03 -0.000000e+00
    endloop
  endfacet
  facet normal  0.000000e+00  0.000000e+00  0.000000e+00
    outer loop
      vertex  7.990269e-03  3.132975e-03  0.000000e+00
      vertex  7.015214e-03  3.107910e-03 -0.000000e+00
      vertex  7.015214e-03  3.107910e-03  0.000000e+00
    endloop
  endfacet
  facet normal  0.000000e+00  0.000000e+00  0.000000e+00
    outer loop
      vertex  7.987627e-03  3.232940e-03  0.000000e+00
      vertex  7.012710e-03  3.207879e-03  0.000000e+00
      vertex  7.987627e-03  3.232940e-03 -0.000000e+00
    endloop
  endfacet
  facet normal  0.000000e+00  0.000000e+00  0.000000e+00
    outer loop
      vertex  7.012710e-03  3.207879e-03  0.000000e+00
      vertex  7.012710e-03  3.207879e-03 -0.000000e+00
      vertex  7.987627e-03  3.232940e-03 -0.000000e+00
    endloop
  endfacet
  facet normal -0.000000e+00  0.000000e+00 -1.000000e+00
    outer loop
      vertex  7.015214e-03  3.107910e-03  0.000000e+00
      vertex  5.990932e-03  3.082846e-03  0.000000e+00
      vertex  7.012710e-03  3.207879e-03  0.000000e+00
    endloop
  endfacet
  facet normal  0.000000e+00  0.000000e+00 -1.000000e+00
    outer loop
      vertex  5.990932e-03  3.082846e-03  0.000000e+00
      vertex  5.988539e-03  3.182818e-03  0.000000e+00
      vertex  7.012710e-03  3.207879e-03  0.000000e+00
    endloop
  endfacet
  facet normal  0.000000e+00  0.000000e+00  1.000000e+00
    outer loop
      vertex  7.015214e-03  3.107910e-03 -0.000000e+00
      vertex  7.012710e-03  3.207879e-03 -0.000000e+00
      vertex  5.990932e-03  3.082846e-03 -0.000000e+00
    endloop
  endfacet
  facet normal  0.000000e+00 -0.000000e+00  1.000000e+00
    outer loop
      vertex  5.990932e-03  3.082846e-03 -0.000000e+00
      vertex  7.012710e-03  3.207879e-03 -0.000000e+00
      vertex  5.988539e-03  3.182818e-03 -0.000000e+00
    endloop
  endfacet
  facet normal  0.000000e+00  0.000000e+00  0.000000e+00
    outer loop
      vertex  7.015214e-03  3.107910e-03  0.000000e+00
      vertex  7.015214e-03  3.107910e-03 -0.000000e+00
      vertex  5.990932e-03  3.082846e-03 -0.000000e+00
    endloop
  endfacet
  facet normal  0.000000e+00  0.000000e+00  0.000000e+00
    outer loop
      vertex  7.015214e-03  3.107910e-03  0.000000e+00
      vertex  5.990932e-03  3.082846e-03 -0.000000e+00
      vertex  5.990932e-03  3.082846e-03  0.000000e+00
    endloop
  endfacet
  facet normal  0.000000e+00  0.000000e+00  0.000000e+00
    outer loop
      vertex  7.012710e-03  3.207879e-03  0.000000e+00
      vertex  5.988539e-03  3.182818e-03  0.000000e+00
      vertex  7.012710e-03  3.207879e-03 -0.000000e+00
    endloop
  endfacet
  facet normal  0.000000e+00  0.000000e+00  0.000000e+00
    outer loop
      vertex  5.988539e-03  3.182818e-03  0.000000e+00
      vertex  5.988539e-03  3.182818e-03 -0.000000e+00
      vertex  7.012710e-03  3.207879e-03 -0.000000e+00
    endloop
  endfacet
  facet normal -0.000000e+00  0.000000e+00 -1.000000e+00
    outer loop
      vertex  5.990932e-03  3.082846e-03  0.000000e+00
      vertex  4.923541e-03  3.057783e-03  0.000000e+00
      vertex  5.988539e-03  3.182818e-03  0.000000e+00
    endloop
  endfacet
  facet normal  0.000000e+00  0.000000e+00 -1.000000e+00
    outer loop
      vertex  4.923541e-03  3.057783e-03  0.000000e+00
      vertex  4.921236e-03  3.157756e-03  0.000000e+00
      vertex  5.988539e-03  3.182818e-03  0.000000e+00
    endloop
  endfacet
  facet normal  0.000000e+00  0.000000e+00  1.000000e+00
    outer loop
      vertex  5.990932e-03  3.082846e-03 -0.000000e+00
      vertex  5.988539e-03  3.182818e-03 -0.000000e+00
      vertex  4.923541e-03  3.057783e-03 -0.000000e+00
    endloop
  endfacet
  facet normal  0.000000e+00 -0.000000e+00  1.000000e+00
    outer loop
      vertex  4.923541e-03  3.057783e-03 -0.000000e+00
      vertex  5.988539e-03  3.182818e-03 -0.000000e+00
      vertex  4.921236e-03  3.157756e-03 -0.000000e+00
    endloop
  endfacet
  facet normal  0.000000e+00  0.000000e+00  0.000000e+00
    outer loop
      vertex  5.990932e-03  3.082846e-03  0.000000e+00
      vertex  5.990932e-03  3.082846e-03 -0.000000e+00
      vertex  4.923541e-03  3.057783e-03 -0.000000e+00
    endloop
  endfacet
  facet normal  0.000000e+00  0.000000e+00  0.000000e+00
    outer loop
      vertex  5.990932e-03  3.082846e-03  0.000000e+00
      vertex  4.923541e-03  3.057783e-03 -0.000000e+00
      vertex  4.923541e-03  3.057783e-03  0.000000e+00
    endloop
  endfacet
  facet normal  0.000000e+00  0.000000e+00  0.000000e+00
    outer loop
      vertex  5.988539e-03  3.182818e-03  0.000000e+00
      vertex  4.921236e-03  3.157756e-03  0.000000e+00
      vertex  5.988539e-03  3.182818e-03 -0.000000e+00
    endloop
  endfacet
  facet normal  0.000000e+00  0.000000e+00  0.000000e+00
    outer loop
      vertex  4.921236e-03  3.157756e-03  0.000000e+00
      vertex  4.921236e-03  3.157756e-03 -0.000000e+00
      vertex  5.988539e-03  3.182818e-03 -0.000000e+00
    endloop
  endfacet
  facet normal -0.000000e+00  0.000000e+00 -1.000000e+00
    outer loop
      vertex  4.923541e-03  3.057783e-03  0.000000e+00
      vertex  3.819462e-03  3.032719e-03  0.000000e+00
      vertex  4.921236e-03  3.157756e-03  0.000000e+00
    endloop
  endfacet
  facet normal  0.000000e+00  0.000000e+00 -1.000000e+00
    outer loop
      vertex  3.819462e-03  3.032719e-03  0.000000e+00
      vertex  3.817225e-03  3.132694e-03  0.000000e+00
      vertex  4.921236e-03  3.157756e-03  0.000000e+00
    endloop
  endfacet
  facet normal  0.000000e+00  0.000000e+00  1.000000e+00
    outer loop
      vertex  4.923541e-03  3.057783e-03 -0.000000e+00
      vertex  4.921236e-03  3.157756e-03 -0.000000e+00
      vertex  3.819462e-03  3.032719e-03 -0.000000e+00
    endloop
  endfacet
  facet normal  0.000000e+00 -0.000000e+00  1.000000e+00
    outer loop
      vertex  3.819462e-03  3.032719e-03 -0.000000e+00
      vertex  4.921236e-03  3.157756e-03 -0.000000e+00
      vertex  3.817225e-03  3.132694e-03 -0.000000e+00
    endloop
  endfacet
  facet normal  0.000000e+00  0.000000e+00  0.000000e+00
    outer loop
      vertex  4.923541e-03  3.057783e-03  0.000000e+00
      vertex  4.923541e-03  3.057783e-03 -0.000000e+00
      vertex  3.819462e-03  3.032719e-03 -0.000000e+00
    endloop
  endfacet
  facet normal  0.000000e+00  0.000000e+00  0.000000e+00
    outer loop
      vertex  4.923541e-03  3.057783e-03  0.000000e+00
      vertex  3.819462e-03  3.032719e-03 -0.000000e+00
      vertex  3.819462e-03  3.032719e-03  0.000000e+00
    endloop
  endfacet
  facet normal  0.000000e+00  0.000000e+00  0.000000e+00
    outer loop
      vertex  4.921236e-03  3.157756e-03  0.000000e+00
      vertex  3.817225e-03  3.132694e-03  0.000000e+00
      vertex  4.921236e-03  3.157756e-03 -0.000000e+00
    endloop
  endfacet
  facet normal  0.000000e+00  0.000000e+00  0.000000e+00
    outer loop
      vertex  3.817225e-03  3.132694e-03  0.000000e+00
      vertex  3.817225e-03  3.132694e-03 -0.000000e+00
      vertex  4.921236e-03  3.157756e-03 -0.000000e+00
    endloop
  endfacet
  facet normal -0.000000e+00  0.000000e+00 -1.000000e+00
    outer loop
      vertex  3.819462e-03  3.032719e-03  0.000000e+00
      vertex  2.685381e-03  3.007656e-03  0.000000e+00
      vertex  3.817225e-03  3.132694e-03  0.000000e+00
    endloop
  endfacet
  facet normal  0.000000e+00  0.000000e+00 -1.000000e+00
    outer loop
      vertex  2.685381e-03  3.007656e-03  0.000000e+00
      vertex  2.683196e-03  3.107632e-03  0.000000e+00
      vertex  3.817225e-03  3.132694e-03  0.000000e+00
    endloop
  endfacet
  facet normal  0.000000e+00  0.000000e+00  1.000000e+00
    outer loop
      vertex  3.819462e-03  3.032719e-03 -0.000000e+00
      vertex  3.817225e-03  3.132694e-03 -0.000000e+00
      vertex  2.685381e-03  3.007656e-03 -0.000000e+00
    endloop
  endfacet
  facet normal  0.000000e+00 -0.000000e+00  1.000000e+00
    outer loop
      vertex  2.685381e-03  3.007656e-03 -0.000000e+00
      vertex  3.817225e-03  3.132694e-03 -0.000000e+00
      vertex  2.683196e-03  3.107632e-03 -0.000000e+00
    endloop
  endfacet
  facet normal  0.000000e+00  0.000000e+00  0.000000e+00
    outer loop
      vertex  3.819462e-03  3.032719e-03  0.000000e+00
      vertex  3.819462e-03  3.032719e-03 -0.000000e+00
      vertex  2.685381e-03  3.007656e-03 -0.000000e+00
    endloop
  endfacet
  facet normal  0.000000e+00  0.000000e+00  0.000000e+00
    outer loop
      vertex  3.819462e-03  3.032719e-03  0.000000e+00
      vertex  2.685381e-03  3.007656e-03 -0.000000e+00
      vertex  2.685381e-03  3.007656e-03  0.000000e+00
    endloop
  endfacet
  facet normal  0.000000e+00  0.000000e+00  0.000000e+00
    outer loop
      vertex  3.817225e-03  3.132694e-03  0.000000e+00
      vertex  2.683196e-03  3.107632e-03  0.000000e+00
      vertex  3.817225e-03  3.132694e-03 -0.000000e+00
    endloop
  endfacet
  facet normal  0.000000e+00  0.000000e+00  0.000000e+00
    outer loop
      vertex  2.683196e-03  3.107632e-03  0.000000e+00
      vertex  2.683196e-03  3.107632e-03 -0.000000e+00
      vertex  3.817225e-03  3.132694e-03 -0.000000e+00
    endloop
  endfacet
  facet normal -0.000000e+00  0.000000e+00 -1.000000e+00
    outer loop
      vertex  2.685381e-03  3.007656e-03  0.000000e+00
      vertex  1.528211e-03  2.982593e-03  0.000000e+00
      vertex  2.683196e-03  3.107632e-03  0.000000e+00
    endloop
  endfacet
  facet normal  0.000000e+00  0.000000e+00 -1.000000e+00
    outer loop
      vertex  1.528211e-03  2.982593e-03  0.000000e+00
      vertex  1.526062e-03  3.082570e-03  0.000000e+00
      vertex  2.683196e-03  3.107632e-03  0.000000e+00
    endloop
  endfacet
  facet normal  0.000000e+00  0.000000e+00  1.000000e+00
    outer loop
      vertex  2.685381e-03  3.007656e-03 -0.000000e+00
      vertex  2.683196e-03  3.107632e-03 -0.000000e+00
      vertex  1.528211e-03  2.982593e-03 -0.000000e+00
    endloop
  endfacet
  facet normal  0.000000e+00 -0.000000e+00  1.000000e+00
    outer loop
      vertex  1.528211e-03  2.982593e-03 -0.000000e+00
      vertex  2.683196e-03  3.107632e-03 -0.000000e+00
      vertex  1.526062e-03  3.082570e-03 -0.000000e+00
    endloop
  endfacet
  facet normal  0.000000e+00  0.000000e+00  0.000000e+00
    outer loop
      vertex  2.685381e-03  3.007656e-03  0.000000e+00
      vertex  2.685381e-03  3.007656e-03 -0.000000e+00
      vertex  1.528211e-03  2.982593e-03 -0.000000e+00
    endloop
  endfacet
  facet normal  0.000000e+00  0.000000e+00  0.000000e+00
    outer loop
      vertex  2.685381e-03  3.007656e-03  0.000000e+00
      vertex  1.528211e-03  2.982593e-03 -0.000000e+00
      vertex  1.528211e-03  2.982593e-03  0.000000e+00
    endloop
  endfacet
  facet normal  0.000000e+00  0.000000e+00  0.000000e+00
    outer loop
      vertex  2.683196e-03  3.107632e-03  0.000000e+00
      vertex  1.526062e-03  3.082570e-03  0.000000e+00
      vertex  2.683196e-03  3.107632e-03 -0.000000e+00
    endloop
  endfacet
  facet normal  0.000000e+00  0.000000e+00  0.000000e+00
    outer loop
      vertex  1.526062e-03  3.082570e-03  0.000000e+00
      vertex  1.526062e-03  3.082570e-03 -0.000000e+00
      vertex  2.683196e-03  3.107632e-03 -0.000000e+00
    endloop
  endfacet
  facet normal -0.000000e+00  0.000000e+00 -1.000000e+00
    outer loop
      vertex  1.528211e-03  2.982593e-03  0.000000e+00
      vertex  3.550489e-04  2.957530e-03  0.000000e+00
      vertex  1.526062e-03  3.082570e-03  0.000000e+00
    endloop
  endfacet
  facet normal  0.000000e+00  0.000000e+00 -1.000000e+00
    outer loop
      vertex  3.550489e-04  2.957530e-03  0.000000e+00
      vertex  3.529232e-04  3.057507e-03  0.000000e+00
      vertex  1.526062e-03  3.082570e-03  0.000000e+00
    endloop
  endfacet
  facet normal  0.000000e+00  0.000000e+00  1.000000e+00
    outer loop
      vertex  1.528211e-03  2.982593e-03 -0.000000e+00
      vertex  1.526062e-03  3.082570e-03 -0.000000e+00
      vertex  3.550489e-04  2.957530e-03 -0.000000e+00
    endloop
  endfacet
  facet normal  0.000000e+00 -0.000000e+00  1.000000e+00
    outer loop
      vertex  3.550489e-04  2.957530e-03 -0.000000e+00
      vertex  1.526062e-03  3.082570e-03 -0.000000e+00
      vertex  3.529232e-04  3.057507e-03 -0.000000e+00
    endloop
  endfacet
  facet normal  0.000000e+00  0.000000e+00  0.000000e+00
    outer loop
      vertex  1.528211e-03  2.982593e-03  0.000000e+00
      vertex  1.528211e-03  2.982593e-03 -0.000000e+00
      vertex  3.550489e-04  2.957530e-03 -0.000000e+00
    endloop
  endfacet
  facet normal  0.000000e+00  0.000000e+00  0.000000e+00
    outer loop
      vertex  1.528211e-03  2.982593e-03  0.000000e+00
      vertex  3.550489e-04  2.957530e-03 -0.000000e+00
      vertex  3.550489e-04  2.957530e-03  0.000000e+00
    endloop
  endfacet
  facet normal  0.000000e+00  0.000000e+00  0.000000e+00
    outer loop
      vertex  1.526062e-03  3.082570e-03  0.000000e+00
      vertex  3.529232e-04  3.057507e-03  0.000000e+00
      vertex  1.526062e-03  3.082570e-03 -0.000000e+00
    endloop
  endfacet
  facet normal  0.000000e+00  0.000000e+00  0.000000e+00
    outer loop
      vertex  3.529232e-04  3.057507e-03  0.000000e+00
      vertex  3.529232e-04  3.057507e-03 -0.000000e+00
      vertex  1.526062e-03  3.082570e-03 -0.000000e+00
    endloop
  endfacet
  facet normal -0.000000e+00  0.000000e+00 -1.000000e+00
    outer loop
      vertex  3.550489e-04  2.957530e-03  0.000000e+00
      vertex -8.268689e-04  2.932467e-03  0.000000e+00
      vertex  3.529232e-04  3.057507e-03  0.000000e+00
    endloop
  endfacet
  facet normal  0.000000e+00  0.000000e+00 -1.000000e+00
    outer loop
      vertex -8.268689e-04  2.932467e-03  0.000000e+00
      vertex -8.289854e-04  3.032445e-03  0.000000e+00
      vertex  3.529232e-04  3.057507e-03  0.000000e+00
    endloop
  endfacet
  facet normal  0.000000e+00  0.000000e+00  1.000000e+00
    outer loop
      vertex  3.550489e-04  2.957530e-03 -0.000000e+00
      vertex  3.529232e-04  3.057507e-03 -0.000000e+00
      vertex -8.268689e-04  2.932467e-03 -0.000000e+00
    endloop
  endfacet
  facet normal  0.000000e+00 -0.000000e+00  1.000000e+00
    outer loop
      vertex -8.268689e-04  2.932467e-03 -0.000000e+00
      vertex  3.529232e-04  3.057507e-03 -0.000000e+00
      vertex -8.289854e-04  3.032445e-03 -0.000000e+00
    endloop
  endfacet
  facet normal  0.000000e+00  0.000000e+00  0.000000e+00
    outer loop
      vertex  3.550489e-04  2.957530e-03  0.000000e+00
      vertex  3.550489e-04  2.957530e-03 -0.000000e+00
      vertex -8.268689e-04  2.932467e-03 -0.000000e+00
    endloop
  endfacet
  facet normal  0.000000e+00  0.000000e+00  0.000000e+00
    outer loop
      vertex  3.550489e-04  2.957530e-03  0.000000e+00
      vertex -8.268689e-04  2.932467e-03 -0.000000e+00
      vertex -8.268689e-04  2.932467e-03  0.000000e+00
    endloop
  endfacet
  facet normal  0.000000e+00  0.000000e+00  0.000000e+00
    outer loop
      vertex  3.529232e-04  3.057507e-03  0.000000e+00
      vertex -8.289854e-04  3.032445e-03  0.000000e+00
      vertex  3.529232e-04  3.057507e-03 -0.000000e+00
    endloop
  endfacet
  facet normal  0.000000e+00  0.000000e+00  0.000000e+00
    outer loop
      vertex -8.289854e-04  3.032445e-03  0.000000e+00
      vertex -8.289854e-04  3.032445e-03 -0.000000e+00
      vertex  3.529232e-04  3.057507e-03 -0.000000e+00
    endloop
  endfacet
  facet normal -0.000000e+00  0.000000e+00 -1.000000e+00
    outer loop
      vertex -8.268689e-04  2.932467e-03  0.000000e+00
      vertex -2.010211e-03  2.907405e-03  0.000000e+00
      vertex -8.289854e-04  3.032445e-03  0.000000e+00
    endloop
  endfacet
  facet normal  0.000000e+00  0.000000e+00 -1.000000e+00
    outer loop
      vertex -2.010211e-03  2.907405e-03  0.000000e+00
      vertex -2.012332e-03  3.007382e-03  0.000000e+00
      vertex -8.289854e-04  3.032445e-03  0.000000e+00
    endloop
  endfacet
  facet normal  0.000000e+00  0.000000e+00  1.000000e+00
    outer loop
      vertex -8.268689e-04  2.932467e-03 -0.000000e+00
      vertex -8.289854e-04  3.032445e-03 -0.000000e+00
      vertex -2.010211e-03  2.907405e-03 -0.000000e+00
    endloop
  endfacet
  facet normal  0.000000e+00 -0.000000e+00  1.000000e+00
    outer loop
      vertex -2.010211e-03  2.907405e-03 -0.000000e+00
      vertex -8.289854e-04  3.032445e-03 -0.000000e+00
      vertex -2.012332e-03  3.007382e-03 -0.000000e+00
    endloop
  endfacet
  facet normal  0.000000e+00  0.000000e+00  0.000000e+00
    outer loop
      vertex -8.268689e-04  2.932467e-03  0.000000e+00
      vertex -8.268689e-04  2.932467e-03 -0.000000e+00
      vertex -2.010211e-03  2.907405e-03 -0.000000e+00
    endloop
  endfacet
  facet normal  0.000000e+00  0.000000e+00  0.000000e+00
    outer loop
      vertex -8.268689e-04  2.932467e-03  0.000000e+00
      vertex -2.010211e-03  2.907405e-03 -0.000000e+00
      vertex -2.010211e-03  2.907405e-03  0.000000e+00
    endloop
  endfacet
  facet normal  0.000000e+00  0.000000e+00  0.000000e+00
    outer loop
      vertex -8.289854e-04  3.032445e-03  0.000000e+00
      vertex -2.012332e-03  3.007382e-03  0.000000e+00
      vertex -8.289854e-04  3.032445e-03 -0.000000e+00
    endloop
  endfacet
  facet normal  0.000000e+00  0.000000e+00  0.000000e+00
    outer loop
      vertex -2.012332e-03  3.007382e-03  0.000000e+00
      vertex -2.012332e-03  3.007382e-03 -0.000000e+00
      vertex -8.289854e-04  3.032445e-03 -0.000000e+00
    endloop
  endfacet
  facet normal -0.000000e+00  0.000000e+00 -1.000000e+00
    outer loop
      vertex -2.010211e-03  2.907405e-03  0.000000e+00
      vertex -3.187596e-03  2.882342e-03  0.000000e+00
      vertex -2.012332e-03  3.007382e-03  0.000000e+00
    endloop
  endfacet
  facet normal  0.000000e+00  0.000000e+00 -1.000000e+00
    outer loop
      vertex -3.187596e-03  2.882342e-03  0.000000e+00
      vertex -3.189734e-03  2.982319e-03  0.000000e+00
      vertex -2.012332e-03  3.007382e-03  0.000000e+00
    endloop
  endfacet
  facet normal  0.000000e+00  0.000000e+00  1.000000e+00
    outer loop
      vertex -2.010211e-03  2.907405e-03 -0.000000e+00
      vertex -2.012332e-03  3.007382e-03 -0.000000e+00
      vertex -3.187596e-03  2.882342e-03 -0.000000e+00
    endloop
  endfacet
  facet normal  0.000000e+00 -0.000000e+00  1.000000e+00
    outer loop
      vertex -3.187596e-03  2.882342e-03 -0.000000e+00
      vertex -2.012332e-03  3.007382e-03 -0.000000e+00
      vertex -3.189734e-03  2.982319e-03 -0.000000e+00
    endloop
  endfacet
  facet normal  0.000000e+00  0.000000e+00  0.000000e+00
    outer loop
      vertex -2.010211e-03  2.907405e-03  0.000000e+00
      vertex -2.010211e-03  2.907405e-03 -0.000000e+00
      vertex -3.187596e-03  2.882342e-03 -0.000000e+00
    endloop
  endfacet
  facet normal  0.000000e+00  0.000000e+00  0.000000e+00
    outer loop
      vertex -2.010211e-03  2.907405e-03  0.000000e+00
      vertex -3.187596e-03  2.882342e-03 -0.000000e+00
      vertex -3.187596e-03  2.882342e-03  0.000000e+00
    endloop
  endfacet
  facet normal  0.000000e+00  0.000000e+00  0.000000e+00
    outer loop
      vertex -2.012332e-03  3.007382e-03  0.000000e+00
      vertex -3.189734e-03  2.982319e-03  0.000000e+00
      vertex -2.012332e-03  3.007382e-03 -0.000000e+00
    endloop
  endfacet
  facet normal  0.000000e+00  0.000000e+00  0.000000e+00
    outer loop
      vertex -3.189734e-03  2.982319e-03  0.000000e+00
      vertex -3.189734e-03  2.982319e-03 -0.000000e+00
      vertex -2.012332e-03  3.007382e-03 -0.000000e+00
    endloop
  endfacet
  facet normal -0.000000e+00  0.000000e+00 -1.000000e+00
    outer loop
      vertex -3.187596e-03  2.882342e-03  0.000000e+00
      vertex -4.351640e-03  2.857280e-03  0.000000e+00
      vertex -3.189734e-03  2.982319e-03  0.000000e+00
    endloop
  endfacet
  facet normal  0.000000e+00  0.000000e+00 -1.000000e+00
    outer loop
      vertex -4.351640e-03  2.857280e-03  0.000000e+00
      vertex -4.353810e-03  2.957256e-03  0.000000e+00
      vertex -3.189734e-03  2.982319e-03  0.000000e+00
    endloop
  endfacet
  facet normal  0.000000e+00  0.000000e+00  1.000000e+00
    outer loop
      vertex -3.187596e-03  2.882342e-03 -0.000000e+00
      vertex -3.189734e-03  2.982319e-03 -0.000000e+00
      vertex -4.351640e-03  2.857280e-03 -0.000000e+00
    endloop
  endfacet
  facet normal  0.000000e+00 -0.000000e+00  1.000000e+00
    outer loop
      vertex -4.351640e-03  2.857280e-03 -0.000000e+00
      vertex -3.189734e-03  2.982319e-03 -0.000000e+00
      vertex -4.353810e-03  2.957256e-03 -0.000000e+00
    endloop
  endfacet
  facet normal  0.000000e+00  0.000000e+00  0.000000e+00
    outer loop
      vertex -3.187596e-03  2.882342e-03  0.000000e+00
      vertex -3.187596e-03  2.882342e-03 -0.000000e+00
      vertex -4.351640e-03  2.857280e-03 -0.000000e+00
    endloop
  endfacet
  facet normal  0.000000e+00  0.000000e+00  0.000000e+00
    outer loop
      vertex -3.187596e-03  2.882342e-03  0.000000e+00
      vertex -4.351640e-03  2.857280e-03 -0.000000e+00
      vertex -4.351640e-03  2.857280e-03  0.000000e+00
    endloop
  endfacet
  facet normal  0.000000e+00  0.000000e+00  0.000000e+00
    outer loop
      vertex -3.189734e-03  2.982319e-03  0.000000e+00
      vertex -4.353810e-03  2.957256e-03  0.000000e+00
      vertex -3.189734e-03  2.982319e-03 -0.000000e+00
    endloop
  endfacet
  facet normal  0.000000e+00  0.000000e+00  0.000000e+00
    outer loop
      vertex -4.353810e-03  2.957256e-03  0.000000e+00
      vertex -4.353810e-03  2.957256e-03 -0.000000e+00
      vertex -3.189734e-03  2.982319e-03 -0.000000e+00
    endloop
  endfacet
  facet normal -0.000000e+00  0.000000e+00 -1.000000e+00
    outer loop
      vertex -4.351640e-03  2.857280e-03  0.000000e+00
      vertex -5.495000e-03  2.832218e-03  0.000000e+00
      vertex -4.353810e-03  2.957256e-03  0.000000e+00
    endloop
  endfacet
  facet normal  0.000000e+00  0.000000e+00 -1.000000e+00
    outer loop
      vertex -5.495000e-03  2.832218e-03  0.000000e+00
      vertex -5.497216e-03  2.932193e-03  0.000000e+00
      vertex -4.353810e-03  2.957256e-03  0.000000e+00
    endloop
  endfacet
  facet normal  0.000000e+00  0.000000e+00  1.000000e+00
    outer loop
      vertex -4.351640e-03  2.857280e-03 -0.000000e+00
      vertex -4.353810e-03  2.957256e-03 -0.000000e+00
      vertex -5.495000e-03  2.832218e-03 -0.000000e+00
    endloop
  endfacet
  facet normal  0.000000e+00 -0.000000e+00  1.000000e+00
    outer loop
      vertex -5.495000e-03  2.832218e-03 -0.000000e+00
      vertex -4.353810e-03  2.957256e-03 -0.000000e+00
      vertex -5.497216e-03  2.932193e-03 -0.000000e+00
    endloop
  endfacet
  facet normal  0.000000e+00  0.000000e+00  0.000000e+00
    outer loop
      vertex -4.351640e-03  2.857280e-03  0.000000e+00
      vertex -4.351640e-03  2.857280e-03 -0.000000e+00
      vertex -5.495000e-03  2.832218e-03 -0.000000e+00
    endloop
  endfacet
  facet normal  0.000000e+00  0.000000e+00  0.000000e+00
    outer loop
      vertex -4.351640e-03  2.857280e-03  0.000000e+00
      vertex -5.495000e-03  2.832218e-03 -0.000000e+00
      vertex -5.495000e-03  2.832218e-03  0.000000e+00
    endloop
  endfacet
  facet normal  0.000000e+00  0.000000e+00  0.000000e+00
    outer loop
      vertex -4.353810e-03  2.957256e-03  0.000000e+00
      vertex -5.497216e-03  2.932193e-03  0.000000e+00
      vertex -4.353810e-03  2.957256e-03 -0.000000e+00
    endloop
  endfacet
  facet normal  0.000000e+00  0.000000e+00  0.000000e+00
    outer loop
      vertex -5.497216e-03  2.932193e-03  0.000000e+00
      vertex -5.497216e-03  2.932193e-03 -0.000000e+00
      vertex -4.353810e-03  2.957256e-03 -0.000000e+00
    endloop
  endfacet
  facet normal -0.000000e+00  0.000000e+00 -1.000000e+00
    outer loop
      vertex -5.495000e-03  2.832218e-03  0.000000e+00
      vertex -6.610422e-03  2.807156e-03  0.000000e+00
      vertex -5.497216e-03  2.932193e-03  0.000000e+00
    endloop
  endfacet
  facet normal  0.000000e+00  0.000000e+00 -1.000000e+00
    outer loop
      vertex -6.610422e-03  2.807156e-03  0.000000e+00
      vertex -6.612702e-03  2.907130e-03  0.000000e+00
      vertex -5.497216e-03  2.932193e-03  0.000000e+00
    endloop
  endfacet
  facet normal  0.000000e+00  0.000000e+00  1.000000e+00
    outer loop
      vertex -5.495000e-03  2.832218e-03 -0.000000e+00
      vertex -5.497216e-03  2.932193e-03 -0.000000e+00
      vertex -6.610422e-03  2.807156e-03 -0.000000e+00
    endloop
  endfacet
  facet normal  0.000000e+00 -0.000000e+00  1.000000e+00
    outer loop
      vertex -6.610422e-03  2.807156e-03 -0.000000e+00
      vertex -5.497216e-03  2.932193e-03 -0.000000e+00
      vertex -6.612702e-03  2.907130e-03 -0.000000e+00
    endloop
  endfacet
  facet normal  0.000000e+00  0.000000e+00  0.000000e+00
    outer loop
      vertex -5.495000e-03  2.832218e-03  0.000000e+00
      vertex -5.495000e-03  2.832218e-03 -0.000000e+00
      vertex -6.610422e-03  2.807156e-03 -0.000000e+00
    endloop
  endfacet
  facet normal  0.000000e+00  0.000000e+00  0.000000e+00
    outer loop
      vertex -5.495000e-03  2.832218e-03  0.000000e+00
      vertex -6.610422e-03  2.807156e-03 -0.000000e+00
      vertex -6.610422e-03  2.807156e-03  0.000000e+00
    endloop
  endfacet
  facet normal  0.000000e+00  0.000000e+00  0.000000e+00
    outer loop
      vertex -5.497216e-03  2.932193e-03  0.000000e+00
      vertex -6.612702e-03  2.907130e-03  0.000000e+00
      vertex -5.497216e-03  2.932193e-03 -0.000000e+00
    endloop
  endfacet
  facet normal  0.000000e+00  0.000000e+00  0.000000e+00
    outer loop
      vertex -6.612702e-03  2.907130e-03  0.000000e+00
      vertex -6.612702e-03  2.907130e-03 -0.000000e+00
      vertex -5.497216e-03  2.932193e-03 -0.000000e+00
    endloop
  endfacet
  facet normal -0.000000e+00  0.000000e+00 -1.000000e+00
    outer loop
      vertex -6.610422e-03  2.807156e-03  0.000000e+00
      vertex -7.690788e-03  2.782094e-03  0.000000e+00
      vertex -6.612702e-03  2.907130e-03  0.000000e+00
    endloop
  endfacet
  facet normal  0.000000e+00  0.000000e+00 -1.000000e+00
    outer loop
      vertex -7.690788e-03  2.782094e-03  0.000000e+00
      vertex -7.693150e-03  2.882066e-03  0.000000e+00
      vertex -6.612702e-03  2.907130e-03  0.000000e+00
    endloop
  endfacet
  facet normal  0.000000e+00  0.000000e+00  1.000000e+00
    outer loop
      vertex -6.610422e-03  2.807156e-03 -0.000000e+00
      vertex -6.612702e-03  2.907130e-03 -0.000000e+00
      vertex -7.690788e-03  2.782094e-03 -0.000000e+00
    endloop
  endfacet
  facet normal  0.000000e+00 -0.000000e+00  1.000000e+00
    outer loop
      vertex -7.690788e-03  2.782094e-03 -0.000000e+00
      vertex -6.612702e-03  2.907130e-03 -0.000000e+00
      vertex -7.693150e-03  2.882066e-03 -0.000000e+00
    endloop
  endfacet
  facet normal  0.000000e+00  0.000000e+00  0.000000e+00
    outer loop
      vertex -6.610422e-03  2.807156e-03  0.000000e+00
      vertex -6.610422e-03  2.807156e-03 -0.000000e+00
      vertex -7.690788e-03  2.782094e-03 -0.000000e+00
    endloop
  endfacet
  facet normal  0.000000e+00  0.000000e+00  0.000000e+00
    outer loop
      vertex -6.610422e-03  2.807156e-03  0.000000e+00
      vertex -7.690788e-03  2.782094e-03 -0.000000e+00
      vertex -7.690788e-03  2.782094e-03  0.000000e+00
    endloop
  endfacet
  facet normal  0.000000e+00  0.000000e+00  0.000000e+00
    outer loop
      vertex -6.612702e-03  2.907130e-03  0.000000e+00
      vertex -7.693150e-03  2.882066e-03  0.000000e+00
      vertex -6.612702e-03  2.907130e-03 -0.000000e+00
    endloop
  endfacet
  facet normal  0.000000e+00  0.000000e+00  0.000000e+00
    outer loop
      vertex -7.693150e-03  2.882066e-03  0.000000e+00
      vertex -7.693150e-03  2.882066e-03 -0.000000e+00
      vertex -6.612702e-03  2.907130e-03 -0.000000e+00
    endloop
  endfacet
  facet normal -0.000000e+00  0.000000e+00 -1.000000e+00
    outer loop
      vertex -7.690788e-03  2.782094e-03  0.000000e+00
      vertex -8.729158e-03  2.757033e-03  0.000000e+00
      vertex -7.693150e-03  2.882066e-03  0.000000e+00
    endloop
  endfacet
  facet normal  0.000000e+00  0.000000e+00 -1.000000e+00
    outer loop
      vertex -8.729158e-03  2.757033e-03  0.000000e+00
      vertex -8.731626e-03  2.857002e-03  0.000000e+00
      vertex -7.693150e-03  2.882066e-03  0.000000e+00
    endloop
  endfacet
  facet normal  0.000000e+00  0.000000e+00  1.000000e+00
    outer loop
      vertex -7.690788e-03  2.782094e-03 -0.000000e+00
      vertex -7.693150e-03  2.882066e-03 -0.000000e+00
      vertex -8.729158e-03  2.757033e-03 -0.000000e+00
    endloop
  endfacet
  facet normal  0.000000e+00 -0.000000e+00  1.000000e+00
    outer loop
      vertex -8.729158e-03  2.757033e-03 -0.000000e+00
      vertex -7.693150e-03  2.882066e-03 -0.000000e+00
      vertex -8.731626e-03  2.857002e-03 -0.000000e+00
    endloop
  endfacet
  facet normal  0.000000e+00  0.000000e+00  0.000000e+00
    outer loop
      vertex -7.690788e-03  2.782094e-03  0.000000e+00
      vertex -7.690788e-03  2.782094e-03 -0.000000e+00
      vertex -8.729158e-03  2.757033e-03 -0.000000e+00
    endloop
  endfacet
  facet normal  0.000000e+00  0.000000e+00  0.000000e+00
    outer loop
      vertex -7.690788e-03  2.782094e-03  0.000000e+00
      vertex -8.729158e-03  2.757033e-03 -0.000000e+00
      vertex -8.729158e-03  2.757033e-03  0.000000e+00
    endloop
  endfacet
  facet normal  0.000000e+00  0.000000e+00  0.000000e+00
    outer loop
      vertex -7.693150e-03  2.882066e-03  0.000000e+00
      vertex -8.731626e-03  2.857002e-03  0.000000e+00
      vertex -7.693150e-03  2.882066e-03 -0.000000e+00
    endloop
  endfacet
  facet normal  0.000000e+00  0.000000e+00  0.000000e+00
    outer loop
      vertex -8.731626e-03  2.857002e-03  0.000000e+00
      vertex -8.731626e-03  2.857002e-03 -0.000000e+00
      vertex -7.693150e-03  2.882066e-03 -0.000000e+00
    endloop
  endfacet
  facet normal -0.000000e+00  0.000000e+00 -1.000000e+00
    outer loop
      vertex -8.729158e-03  2.757033e-03  0.000000e+00
      vertex -9.718820e-03  2.731972e-03  0.000000e+00
      vertex -8.731626e-03  2.857002e-03  0.000000e+00
    endloop
  endfacet
  facet normal  0.000000e+00  0.000000e+00 -1.000000e+00
    outer loop
      vertex -9.718820e-03  2.731972e-03  0.000000e+00
      vertex -9.721421e-03  2.831938e-03  0.000000e+00
      vertex -8.731626e-03  2.857002e-03  0.000000e+00
    endloop
  endfacet
  facet normal  0.000000e+00  0.000000e+00  1.000000e+00
    outer loop
      vertex -8.729158e-03  2.757033e-03 -0.000000e+00
      vertex -8.731626e-03  2.857002e-03 -0.000000e+00
      vertex -9.718820e-03  2.731972e-03 -0.000000e+00
    endloop
  endfacet
  facet normal  0.000000e+00 -0.000000e+00  1.000000e+00
    outer loop
      vertex -9.718820e-03  2.731972e-03 -0.000000e+00
      vertex -8.731626e-03  2.857002e-03 -0.000000e+00
      vertex -9.721421e-03  2.831938e-03 -0.000000e+00
    endloop
  endfacet
  facet normal  0.000000e+00  0.000000e+00  0.000000e+00
    outer loop
      vertex -8.729158e-03  2.757033e-03  0.000000e+00
      vertex -8.729158e-03  2.757033e-03 -0.000000e+00
      vertex -9.718820e-03  2.731972e-03 -0.000000e+00
    endloop
  endfacet
  facet normal  0.000000e+00  0.000000e+00  0.000000e+00
    outer loop
      vertex -8.729158e-03  2.757033e-03  0.000000e+00
      vertex -9.718820e-03  2.731972e-03 -0.000000e+00
      vertex -9.718820e-03  2.731972e-03  0.000000e+00
    endloop
  endfacet
  facet normal  0.000000e+00  0.000000e+00  0.000000e+00
    outer loop
      vertex -8.731626e-03  2.857002e-03  0.000000e+00
      vertex -9.721421e-03  2.831938e-03  0.000000e+00
      vertex -8.731626e-03  2.857002e-03 -0.000000e+00
    endloop
  endfacet
  facet normal  0.000000e+00  0.000000e+00  0.000000e+00
    outer loop
      vertex -9.721421e-03  2.831938e-03  0.000000e+00
      vertex -9.721421e-03  2.831938e-03 -0.000000e+00
      vertex -8.731626e-03  2.857002e-03 -0.000000e+00
    endloop
  endfacet
  facet normal -0.000000e+00  0.000000e+00 -1.000000e+00
    outer loop
      vertex -9.718820e-03  2.731972e-03  0.000000e+00
      vertex -1.065332e-02  2.706911e-03  0.000000e+00
      vertex -9.721421e-03  2.831938e-03  0.000000e+00
    endloop
  endfacet
  facet normal  0.000000e+00  0.000000e+00 -1.000000e+00
    outer loop
      vertex -1.065332e-02  2.706911e-03  0.000000e+00
      vertex -1.065609e-02  2.806873e-03  0.000000e+00
      vertex -9.721421e-03  2.831938e-03  0.000000e+00
    endloop
  endfacet
  facet normal  0.000000e+00  0.000000e+00  1.000000e+00
    outer loop
      vertex -9.718820e-03  2.731972e-03 -0.000000e+00
      vertex -9.721421e-03  2.831938e-03 -0.000000e+00
      vertex -1.065332e-02  2.706911e-03 -0.000000e+00
    endloop
  endfacet
  facet normal  0.000000e+00 -0.000000e+00  1.000000e+00
    outer loop
      vertex -1.065332e-02  2.706911e-03 -0.000000e+00
      vertex -9.721421e-03  2.831938e-03 -0.000000e+00
      vertex -1.065609e-02  2.806873e-03 -0.000000e+00
    endloop
  endfacet
  facet normal  0.000000e+00  0.000000e+00  0.000000e+00
    outer loop
      vertex -9.718820e-03  2.731972e-03  0.000000e+00
      vertex -9.718820e-03  2.731972e-03 -0.000000e+00
      vertex -1.065332e-02  2.706911e-03 -0.000000e+00
    endloop
  endfacet
  facet normal  0.000000e+00  0.000000e+00  0.000000e+00
    outer loop
      vertex -9.718820e-03  2.731972e-03  0.000000e+00
      vertex -1.065332e-02  2.706911e-03 -0.000000e+00
      vertex -1.065332e-02  2.706911e-03  0.000000e+00
    endloop
  endfacet
  facet normal  0.000000e+00  0.000000e+00  0.000000e+00
    outer loop
      vertex -9.721421e-03  2.831938e-03  0.000000e+00
      vertex -1.065609e-02  2.806873e-03  0.000000e+00
      vertex -9.721421e-03  2.831938e-03 -0.000000e+00
    endloop
  endfacet
  facet normal  0.000000e+00  0.000000e+00  0.000000e+00
    outer loop
      vertex -1.065609e-02  2.806873e-03  0.000000e+00
      vertex -1.065609e-02  2.806873e-03 -0.000000e+00
      vertex -9.721421e-03  2.831938e-03 -0.000000e+00
    endloop
  endfacet
  facet normal -0.000000e+00  0.000000e+00 -1.000000e+00
    outer loop
      vertex -1.065332e-02  2.706911e-03  0.000000e+00
      vertex -1.152653e-02  2.681852e-03  0.000000e+00
      vertex -1.065609e-02  2.806873e-03  0.000000e+00
    endloop
  endfacet
  facet normal  0.000000e+00  0.000000e+00 -1.000000e+00
    outer loop
      vertex -1.152653e-02  2.681852e-03  0.000000e+00
      vertex -1.152951e-02  2.781807e-03  0.000000e+00
      vertex -1.065609e-02  2.806873e-03  0.000000e+00
    endloop
  endfacet
  facet normal  0.000000e+00  0.000000e+00  1.000000e+00
    outer loop
      vertex -1.065332e-02  2.706911e-03 -0.000000e+00
      vertex -1.065609e-02  2.806873e-03 -0.000000e+00
      vertex -1.152653e-02  2.681852e-03 -0.000000e+00
    endloop
  endfacet
  facet normal  0.000000e+00 -0.000000e+00  1.000000e+00
    outer loop
      vertex -1.152653e-02  2.681852e-03 -0.000000e+00
      vertex -1.065609e-02  2.806873e-03 -0.000000e+00
      vertex -1.152951e-02  2.781807e-03 -0.000000e+00
    endloop
  endfacet
  facet normal  0.000000e+00  0.000000e+00  0.000000e+00
    outer loop
      vertex -1.065332e-02  2.706911e-03  0.000000e+00
      vertex -1.065332e-02  2.706911e-03 -0.000000e+00
      vertex -1.152653e-02  2.681852e-03 -0.000000e+00
    endloop
  endfacet
  facet normal  0.000000e+00  0.000000e+00  0.000000e+00
    outer loop
      vertex -1.065332e-02  2.706911e-03  0.000000e+00
      vertex -1.152653e-02  2.681852e-03 -0.000000e+00
      vertex -1.152653e-02  2.681852e-03  0.000000e+00
    endloop
  endfacet
  facet normal  0.000000e+00  0.000000e+00  0.000000e+00
    outer loop
      vertex -1.065609e-02  2.806873e-03  0.000000e+00
      vertex -1.152951e-02  2.781807e-03  0.000000e+00
      vertex -1.065609e-02  2.806873e-03 -0.000000e+00
    endloop
  endfacet
  facet normal  0.000000e+00  0.000000e+00  0.000000e+00
    outer loop
      vertex -1.152951e-02  2.781807e-03  0.000000e+00
      vertex -1.152951e-02  2.781807e-03 -0.000000e+00
      vertex -1.065609e-02  2.806873e-03 -0.000000e+00
    endloop
  endfacet
  facet normal -0.000000e+00  0.000000e+00 -1.000000e+00
    outer loop
      vertex -1.152653e-02  2.681852e-03  0.000000e+00
      vertex -1.233266e-02  2.656793e-03  0.000000e+00
      vertex -1.152951e-02  2.781807e-03  0.000000e+00
    endloop
  endfacet
  facet normal  0.000000e+00  0.000000e+00 -1.000000e+00
    outer loop
      vertex -1.233266e-02  2.656793e-03  0.000000e+00
      vertex -1.233591e-02  2.756741e-03  0.000000e+00
      vertex -1.152951e-02  2.781807e-03  0.000000e+00
    endloop
  endfacet
  facet normal  0.000000e+00  0.000000e+00  1.000000e+00
    outer loop
      vertex -1.152653e-02  2.681852e-03 -0.000000e+00
      vertex -1.152951e-02  2.781807e-03 -0.000000e+00
      vertex -1.233266e-02  2.656793e-03 -0.000000e+00
    endloop
  endfacet
  facet normal  0.000000e+00 -0.000000e+00  1.000000e+00
    outer loop
      vertex -1.233266e-02  2.656793e-03 -0.000000e+00
      vertex -1.152951e-02  2.781807e-03 -0.000000e+00
      vertex -1.233591e-02  2.756741e-03 -0.000000e+00
    endloop
  endfacet
  facet normal  0.000000e+00  0.000000e+00  0.000000e+00
    outer loop
      vertex -1.152653e-02  2.681852e-03  0.000000e+00
      vertex -1.152653e-02  2.681852e-03 -0.000000e+00
      vertex -1.233266e-02  2.656793e-03 -0.000000e+00
    endloop
  endfacet
  facet normal  0.000000e+00  0.000000e+00  0.000000e+00
    outer loop
      vertex -1.152653e-02  2.681852e-03  0.000000e+00
      vertex -1.233266e-02  2.656793e-03 -0.000000e+00
      vertex -1.233266e-02  2.656793e-03  0.000000e+00
    endloop
  endfacet
  facet normal  0.000000e+00  0.000000e+00  0.000000e+00
    outer loop
      vertex -1.152951e-02  2.781807e-03  0.000000e+00
      vertex -1.233591e-02  2.756741e-03  0.000000e+00
      vertex -1.152951e-02  2.781807e-03 -0.000000e+00
    endloop
  endfacet
  facet normal  0.000000e+00  0.000000e+00  0.000000e+00
    outer loop
      vertex -1.233591e-02  2.756741e-03  0.000000e+00
      vertex -1.233591e-02  2.756741e-03 -0.000000e+00
      vertex -1.152951e-02  2.781807e-03 -0.000000e+00
    endloop
  endfacet
  facet normal -0.000000e+00  0.000000e+00 -1.000000e+00
    outer loop
      vertex -1.233266e-02  2.656793e-03  0.000000e+00
      vertex -1.306629e-02  2.631737e-03  0.000000e+00
      vertex -1.233591e-02  2.756741e-03  0.000000e+00
    endloop
  endfacet
  facet normal  0.000000e+00  0.000000e+00 -1.000000e+00
    outer loop
      vertex -1.306629e-02  2.631737e-03  0.000000e+00
      vertex -1.306989e-02  2.731672e-03  0.000000e+00
      vertex -1.233591e-02  2.756741e-03  0.000000e+00
    endloop
  endfacet
  facet normal  0.000000e+00  0.000000e+00  1.000000e+00
    outer loop
      vertex -1.233266e-02  2.656793e-03 -0.000000e+00
      vertex -1.233591e-02  2.756741e-03 -0.000000e+00
      vertex -1.306629e-02  2.631737e-03 -0.000000e+00
    endloop
  endfacet
  facet normal  0.000000e+00 -0.000000e+00  1.000000e+00
    outer loop
      vertex -1.306629e-02  2.631737e-03 -0.000000e+00
      vertex -1.233591e-02  2.756741e-03 -0.000000e+00
      vertex -1.306989e-02  2.731672e-03 -0.000000e+00
    endloop
  endfacet
  facet normal  0.000000e+00  0.000000e+00  0.000000e+00
    outer loop
      vertex -1.233266e-02  2.656793e-03  0.000000e+00
      vertex -1.233266e-02  2.656793e-03 -0.000000e+00
      vertex -1.306629e-02  2.631737e-03 -0.000000e+00
    endloop
  endfacet
  facet normal  0.000000e+00  0.000000e+00  0.000000e+00
    outer loop
      vertex -1.233266e-02  2.656793e-03  0.000000e+00
      vertex -1.306629e-02  2.631737e-03 -0.000000e+00
      vertex -1.306629e-02  2.631737e-03  0.000000e+00
    endloop
  endfacet
  facet normal  0.000000e+00  0.000000e+00  0.000000e+00
    outer loop
      vertex -1.233591e-02  2.756741e-03  0.000000e+00
      vertex -1.306989e-02  2.731672e-03  0.000000e+00
      vertex -1.233591e-02  2.756741e-03 -0.000000e+00
    endloop
  endfacet
  facet normal  0.000000e+00  0.000000e+00  0.000000e+00
    outer loop
      vertex -1.306989e-02  2.731672e-03  0.000000e+00
      vertex -1.306989e-02  2.731672e-03 -0.000000e+00
      vertex -1.233591e-02  2.756741e-03 -0.000000e+00
    endloop
  endfacet
  facet normal -0.000000e+00  0.000000e+00 -1.000000e+00
    outer loop
      vertex -1.306629e-02  2.631737e-03  0.000000e+00
      vertex -1.372244e-02  2.606683e-03  0.000000e+00
      vertex -1.306989e-02  2.731672e-03  0.000000e+00
    endloop
  endfacet
  facet normal  0.000000e+00  0.000000e+00 -1.000000e+00
    outer loop
      vertex -1.372244e-02  2.606683e-03  0.000000e+00
      vertex -1.372650e-02  2.706600e-03  0.000000e+00
      vertex -1.306989e-02  2.731672e-03  0.000000e+00
    endloop
  endfacet
  facet normal  0.000000e+00  0.000000e+00  1.000000e+00
    outer loop
      vertex -1.306629e-02  2.631737e-03 -0.000000e+00
      vertex -1.306989e-02  2.731672e-03 -0.000000e+00
      vertex -1.372244e-02  2.606683e-03 -0.000000e+00
    endloop
  endfacet
  facet normal  0.000000e+00 -0.000000e+00  1.000000e+00
    outer loop
      vertex -1.372244e-02  2.606683e-03 -0.000000e+00
      vertex -1.306989e-02  2.731672e-03 -0.000000e+00
      vertex -1.372650e-02  2.706600e-03 -0.000000e+00
    endloop
  endfacet
  facet normal  0.000000e+00  0.000000e+00  0.000000e+00
    outer loop
      vertex -1.306629e-02  2.631737e-03  0.000000e+00
      vertex -1.306629e-02  2.631737e-03 -0.000000e+00
      vertex -1.372244e-02  2.606683e-03 -0.000000e+00
    endloop
  endfacet
  facet normal  0.000000e+00  0.000000e+00  0.000000e+00
    outer loop
      vertex -1.306629e-02  2.631737e-03  0.000000e+00
      vertex -1.372244e-02  2.606683e-03 -0.000000e+00
      vertex -1.372244e-02  2.606683e-03  0.000000e+00
    endloop
  endfacet
  facet normal  0.000000e+00  0.000000e+00  0.000000e+00
    outer loop
      vertex -1.306989e-02  2.731672e-03  0.000000e+00
      vertex -1.372650e-02  2.706600e-03  0.000000e+00
      vertex -1.306989e-02  2.731672e-03 -0.000000e+00
    endloop
  endfacet
  facet normal  0.000000e+00  0.000000e+00  0.000000e+00
    outer loop
      vertex -1.372650e-02  2.706600e-03  0.000000e+00
      vertex -1.372650e-02  2.706600e-03 -0.000000e+00
      vertex -1.306989e-02  2.731672e-03 -0.000000e+00
    endloop
  endfacet
  facet normal -0.000000e+00  0.000000e+00 -1.000000e+00
    outer loop
      vertex -1.372244e-02  2.606683e-03  0.000000e+00
      vertex -1.429656e-02  2.581634e-03  0.000000e+00
      vertex -1.372650e-02  2.706600e-03  0.000000e+00
    endloop
  endfacet
  facet normal  0.000000e+00  0.000000e+00 -1.000000e+00
    outer loop
      vertex -1.429656e-02  2.581634e-03  0.000000e+00
      vertex -1.430127e-02  2.681524e-03  0.000000e+00
      vertex -1.372650e-02  2.706600e-03  0.000000e+00
    endloop
  endfacet
  facet normal  0.000000e+00  0.000000e+00  1.000000e+00
    outer loop
      vertex -1.372244e-02  2.606683e-03 -0.000000e+00
      vertex -1.372650e-02  2.706600e-03 -0.000000e+00
      vertex -1.429656e-02  2.581634e-03 -0.000000e+00
    endloop
  endfacet
  facet normal  0.000000e+00 -0.000000e+00  1.000000e+00
    outer loop
      vertex -1.429656e-02  2.581634e-03 -0.000000e+00
      vertex -1.372650e-02  2.706600e-03 -0.000000e+00
      vertex -1.430127e-02  2.681524e-03 -0.000000e+00
    endloop
  endfacet
  facet normal  0.000000e+00  0.000000e+00  0.000000e+00
    outer loop
      vertex -1.372244e-02  2.606683e-03  0.000000e+00
      vertex -1.372244e-02  2.606683e-03 -0.000000e+00
      vertex -1.429656e-02  2.581634e-03 -0.000000e+00
    endloop
  endfacet
  facet normal  0.000000e+00  0.000000e+00  0.000000e+00
    outer loop
      vertex -1.372244e-02  2.606683e-03  0.000000e+00
      vertex -1.429656e-02  2.581634e-03 -0.000000e+00
      vertex -1.429656e-02  2.581634e-03  0.000000e+00
    endloop
  endfacet
  facet normal  0.000000e+00  0.000000e+00  0.000000e+00
    outer loop
      vertex -1.372650e-02  2.706600e-03  0.000000e+00
      vertex -1.430127e-02  2.681524e-03  0.000000e+00
      vertex -1.372650e-02  2.706600e-03 -0.000000e+00
    endloop
  endfacet
  facet normal  0.000000e+00  0.000000e+00  0.000000e+00
    outer loop
      vertex -1.430127e-02  2.681524e-03  0.000000e+00
      vertex -1.430127e-02  2.681524e-03 -0.000000e+00
      vertex -1.372650e-02  2.706600e-03 -0.000000e+00
    endloop
  endfacet
  facet normal -0.000000e+00  0.000000e+00 -1.000000e+00
    outer loop
      vertex -1.429656e-02  2.581634e-03  0.000000e+00
      vertex -1.478459e-02  2.556596e-03  0.000000e+00
      vertex -1.430127e-02  2.681524e-03  0.000000e+00
    endloop
  endfacet
  facet normal  0.000000e+00  0.000000e+00 -1.000000e+00
    outer loop
      vertex -1.478459e-02  2.556596e-03  0.000000e+00
      vertex -1.479022e-02  2.656437e-03  0.000000e+00
      vertex -1.430127e-02  2.681524e-03  0.000000e+00
    endloop
  endfacet
  facet normal  0.000000e+00  0.000000e+00  1.000000e+00
    outer loop
      vertex -1.429656e-02  2.581634e-03 -0.000000e+00
      vertex -1.430127e-02  2.681524e-03 -0.000000e+00
      vertex -1.478459e-02  2.556596e-03 -0.000000e+00
    endloop
  endfacet
  facet normal  0.000000e+00 -0.000000e+00  1.000000e+00
    outer loop
      vertex -1.478459e-02  2.556596e-03 -0.000000e+00
      vertex -1.430127e-02  2.681524e-03 -0.000000e+00
      vertex -1.479022e-02  2.656437e-03 -0.000000e+00
    endloop
  endfacet
  facet normal  0.000000e+00  0.000000e+00  0.000000e+00
    outer loop
      vertex -1.429656e-02  2.581634e-03  0.000000e+00
      vertex -1.429656e-02  2.581634e-03 -0.000000e+00
      vertex -1.478459e-02  2.556596e-03 -0.000000e+00
    endloop
  endfacet
  facet normal  0.000000e+00  0.000000e+00  0.000000e+00
    outer loop
      vertex -1.429656e-02  2.581634e-03  0.000000e+00
      vertex -1.478459e-02  2.556596e-03 -0.000000e+00
      vertex -1.478459e-02  2.556596e-03  0.000000e+00
    endloop
  endfacet
  facet normal  0.000000e+00  0.000000e+00  0.000000e+00
    outer loop
      vertex -1.430127e-02  2.681524e-03  0.000000e+00
      vertex -1.479022e-02  2.656437e-03  0.000000e+00
      vertex -1.430127e-02  2.681524e-03 -0.000000e+00
    endloop
  endfacet
  facet normal  0.000000e+00  0.000000e+00  0.000000e+00
    outer loop
      vertex -1.479022e-02  2.656437e-03  0.000000e+00
      vertex -1.479022e-02  2.656437e-03 -0.000000e+00
      vertex -1.430127e-02  2.681524e-03 -0.000000e+00
    endloop
  endfacet
  facet normal -0.000000e+00  0.000000e+00 -1.000000e+00
    outer loop
      vertex -1.478459e-02  2.556596e-03  0.000000e+00
      vertex -1.518288e-02  2.531579e-03  0.000000e+00
      vertex -1.479022e-02  2.656437e-03  0.000000e+00
    endloop
  endfacet
  facet normal  0.000000e+00  0.000000e+00 -1.000000e+00
    outer loop
      vertex -1.518288e-02  2.531579e-03  0.000000e+00
      vertex -1.518996e-02  2.631328e-03  0.000000e+00
      vertex -1.479022e-02  2.656437e-03  0.000000e+00
    endloop
  endfacet
  facet normal  0.000000e+00  0.000000e+00  1.000000e+00
    outer loop
      vertex -1.478459e-02  2.556596e-03 -0.000000e+00
      vertex -1.479022e-02  2.656437e-03 -0.000000e+00
      vertex -1.518288e-02  2.531579e-03 -0.000000e+00
    endloop
  endfacet
  facet normal  0.000000e+00 -0.000000e+00  1.000000e+00
    outer loop
      vertex -1.518288e-02  2.531579e-03 -0.000000e+00
      vertex -1.479022e-02  2.656437e-03 -0.000000e+00
      vertex -1.518996e-02  2.631328e-03 -0.000000e+00
    endloop
  endfacet
  facet normal  0.000000e+00  0.000000e+00  0.000000e+00
    outer loop
      vertex -1.478459e-02  2.556596e-03  0.000000e+00
      vertex -1.478459e-02  2.556596e-03 -0.000000e+00
      vertex -1.518288e-02  2.531579e-03 -0.000000e+00
    endloop
  endfacet
  facet normal  0.000000e+00  0.000000e+00  0.000000e+00
    outer loop
      vertex -1.478459e-02  2.556596e-03  0.000000e+00
      vertex -1.518288e-02  2.531579e-03 -0.000000e+00
      vertex -1.518288e-02  2.531579e-03  0.000000e+00
    endloop
  endfacet
  facet normal  0.000000e+00  0.000000e+00  0.000000e+00
    outer loop
      vertex -1.479022e-02  2.656437e-03  0.000000e+00
      vertex -1.518996e-02  2.631328e-03  0.000000e+00
      vertex -1.479022e-02  2.656437e-03 -0.000000e+00
    endloop
  endfacet
  facet normal  0.000000e+00  0.000000e+00  0.000000e+00
    outer loop
      vertex -1.518996e-02  2.631328e-03  0.000000e+00
      vertex -1.518996e-02  2.631328e-03 -0.000000e+00
      vertex -1.479022e-02  2.656437e-03 -0.000000e+00
    endloop
  endfacet
  facet normal -0.000000e+00  0.000000e+00 -1.000000e+00
    outer loop
      vertex -1.518288e-02  2.531579e-03  0.000000e+00
      vertex -1.548820e-02  2.506623e-03  0.000000e+00
      vertex -1.518996e-02  2.631328e-03  0.000000e+00
    endloop
  endfacet
  facet normal  0.000000e+00  0.000000e+00 -1.000000e+00
    outer loop
      vertex -1.548820e-02  2.506623e-03  0.000000e+00
      vertex -1.549781e-02  2.606159e-03  0.000000e+00
      vertex -1.518996e-02  2.631328e-03  0.000000e+00
    endloop
  endfacet
  facet normal  0.000000e+00  0.000000e+00  1.000000e+00
    outer loop
      vertex -1.518288e-02  2.531579e-03 -0.000000e+00
      vertex -1.518996e-02  2.631328e-03 -0.000000e+00
      vertex -1.548820e-02  2.506623e-03 -0.000000e+00
    endloop
  endfacet
  facet normal  0.000000e+00 -0.000000e+00  1.000000e+00
    outer loop
      vertex -1.548820e-02  2.506623e-03 -0.000000e+00
      vertex -1.518996e-02  2.631328e-03 -0.000000e+00
      vertex -1.549781e-02  2.606159e-03 -0.000000e+00
    endloop
  endfacet
  facet normal  0.000000e+00  0.000000e+00  0.000000e+00
    outer loop
      vertex -1.518288e-02  2.531579e-03  0.000000e+00
      vertex -1.518288e-02  2.531579e-03 -0.000000e+00
      vertex -1.548820e-02  2.506623e-03 -0.000000e+00
    endloop
  endfacet
  facet normal  0.000000e+00  0.000000e+00  0.000000e+00
    outer loop
      vertex -1.518288e-02  2.531579e-03  0.000000e+00
      vertex -1.548820e-02  2.506623e-03 -0.000000e+00
      vertex -1.548820e-02  2.506623e-03  0.000000e+00
    endloop
  endfacet
  facet normal  0.000000e+00  0.000000e+00  0.000000e+00
    outer loop
      vertex -1.518996e-02  2.631328e-03  0.000000e+00
      vertex -1.549781e-02  2.606159e-03  0.000000e+00
      vertex -1.518996e-02  2.631328e-03 -0.000000e+00
    endloop
  endfacet
  facet normal  0.000000e+00  0.000000e+00  0.000000e+00
    outer loop
      vertex -1.549781e-02  2.606159e-03  0.000000e+00
      vertex -1.549781e-02  2.606159e-03 -0.000000e+00
      vertex -1.518996e-02  2.631328e-03 -0.000000e+00
    endloop
  endfacet
  facet normal -0.000000e+00  0.000000e+00 -1.000000e+00
    outer loop
      vertex -1.548820e-02  2.506623e-03  0.000000e+00
      vertex -1.569718e-02  2.481904e-03  0.000000e+00
      vertex -1.549781e-02  2.606159e-03  0.000000e+00
    endloop
  endfacet
  facet normal  0.000000e+00  0.000000e+00 -1.000000e+00
    outer loop
      vertex -1.569718e-02  2.481904e-03  0.000000e+00
      vertex -1.571232e-02  2.580752e-03  0.000000e+00
      vertex -1.549781e-02  2.606159e-03  0.000000e+00
    endloop
  endfacet
  facet normal  0.000000e+00  0.000000e+00  1.000000e+00
    outer loop
      vertex -1.548820e-02  2.506623e-03 -0.000000e+00
      vertex -1.549781e-02  2.606159e-03 -0.000000e+00
      vertex -1.569718e-02  2.481904e-03 -0.000000e+00
    endloop
  endfacet
  facet normal  0.000000e+00 -0.000000e+00  1.000000e+00
    outer loop
      vertex -1.569718e-02  2.481904e-03 -0.000000e+00
      vertex -1.549781e-02  2.606159e-03 -0.000000e+00
      vertex -1.571232e-02  2.580752e-03 -0.000000e+00
    endloop
  endfacet
  facet normal  0.000000e+00  0.000000e+00  0.000000e+00
    outer loop
      vertex -1.548820e-02  2.506623e-03  0.000000e+00
      vertex -1.548820e-02  2.506623e-03 -0.000000e+00
      vertex -1.569718e-02  2.481904e-03 -0.000000e+00
    endloop
  endfacet
  facet normal  0.000000e+00  0.000000e+00  0.000000e+00
    outer loop
      vertex -1.548820e-02  2.506623e-03  0.000000e+00
      vertex -1.569718e-02  2.481904e-03 -0.000000e+00
      vertex -1.569718e-02  2.481904e-03  0.000000e+00
    endloop
  endfacet
  facet normal  0.000000e+00  0.000000e+00  0.000000e+00
    outer loop
      vertex -1.549781e-02  2.606159e-03  0.000000e+00
      vertex -1.571232e-02  2.580752e-03  0.000000e+00
      vertex -1.549781e-02  2.606159e-03 -0.000000e+00
    endloop
  endfacet
  facet normal  0.000000e+00  0.000000e+00  0.000000e+00
    outer loop
      vertex -1.571232e-02  2.580752e-03  0.000000e+00
      vertex -1.571232e-02  2.580752e-03 -0.000000e+00
      vertex -1.549781e-02  2.606159e-03 -0.000000e+00
    endloop
  endfacet
  facet normal -0.000000e+00  0.000000e+00 -1.000000e+00
    outer loop
      vertex -1.569718e-02  2.481904e-03  0.000000e+00
      vertex -1.580214e-02  2.459497e-03  0.000000e+00
      vertex -1.571232e-02  2.580752e-03  0.000000e+00
    endloop
  endfacet
  facet normal  0.000000e+00  0.000000e+00 -1.000000e+00
    outer loop
      vertex -1.580214e-02  2.459497e-03  0.000000e+00
      vertex -1.583751e-02  2.553034e-03  0.000000e+00
      vertex -1.571232e-02  2.580752e-03  0.000000e+00
    endloop
  endfacet
  facet normal  0.000000e+00  0.000000e+00  1.000000e+00
    outer loop
      vertex -1.569718e-02  2.481904e-03 -0.000000e+00
      vertex -1.571232e-02  2.580752e-03 -0.000000e+00
      vertex -1.580214e-02  2.459497e-03 -0.000000e+00
    endloop
  endfacet
  facet normal  0.000000e+00 -0.000000e+00  1.000000e+00
    outer loop
      vertex -1.580214e-02  2.459497e-03 -0.000000e+00
      vertex -1.571232e-02  2.580752e-03 -0.000000e+00
      vertex -1.583751e-02  2.553034e-03 -0.000000e+00
    endloop
  endfacet
  facet normal  0.000000e+00  0.000000e+00  0.000000e+00
    outer loop
      vertex -1.569718e-02  2.481904e-03  0.000000e+00
      vertex -1.569718e-02  2.481904e-03 -0.000000e+00
      vertex -1.580214e-02  2.459497e-03 -0.000000e+00
    endloop
  endfacet
  facet normal  0.000000e+00  0.000000e+00  0.000000e+00
    outer loop
      vertex -1.569718e-02  2.481904e-03  0.000000e+00
      vertex -1.580214e-02  2.459497e-03 -0.000000e+00
      vertex -1.580214e-02  2.459497e-03  0.000000e+00
    endloop
  endfacet
  facet normal  0.000000e+00  0.000000e+00  0.000000e+00
    outer loop
      vertex -1.571232e-02  2.580752e-03  0.000000e+00
      vertex -1.583751e-02  2.553034e-03  0.000000e+00
      vertex -1.571232e-02  2.580752e-03 -0.000000e+00
    endloop
  endfacet
  facet normal  0.000000e+00  0.000000e+00  0.000000e+00
    outer loop
      vertex -1.583751e-02  2.553034e-03  0.000000e+00
      vertex -1.583751e-02  2.553034e-03 -0.000000e+00
      vertex -1.571232e-02  2.580752e-03 -0.000000e+00
    endloop
  endfacet
  facet normal  0.000000e+00  0.000000e+00  1.000000e+00
    outer loop
      vertex -1.580214e-02  2.459497e-03  0.000000e+00
      vertex -1.580619e-02  2.520578e-03  0.000000e+00
      vertex -1.583751e-02  2.553034e-03  0.000000e+00
    endloop
  endfacet
  facet normal -0.000000e+00  0.000000e+00 -1.000000e+00
    outer loop
      vertex -1.580619e-02  2.520578e-03  0.000000e+00
      vertex -1.586782e-02  2.441828e-03  0.000000e+00
      vertex -1.583751e-02  2.553034e-03  0.000000e+00
    endloop
  endfacet
  facet normal  0.000000e+00  0.000000e+00 -1.000000e+00
    outer loop
      vertex -1.580214e-02  2.459497e-03 -0.000000e+00
      vertex -1.583751e-02  2.553034e-03 -0.000000e+00
      vertex -1.580619e-02  2.520578e-03 -0.000000e+00
    endloop
  endfacet
  facet normal  0.000000e+00  0.000000e+00  1.000000e+00
    outer loop
      vertex -1.580619e-02  2.520578e-03 -0.000000e+00
      vertex -1.583751e-02  2.553034e-03 -0.000000e+00
      vertex -1.586782e-02  2.441828e-03 -0.000000e+00
    endloop
  endfacet
  facet normal  0.000000e+00  0.000000e+00  0.000000e+00
    outer loop
      vertex -1.580214e-02  2.459497e-03  0.000000e+00
      vertex -1.580214e-02  2.459497e-03 -0.000000e+00
      vertex -1.580619e-02  2.520578e-03 -0.000000e+00
    endloop
  endfacet
  facet normal  0.000000e+00  0.000000e+00  0.000000e+00
    outer loop
      vertex -1.580214e-02  2.459497e-03  0.000000e+00
      vertex -1.580619e-02  2.520578e-03 -0.000000e+00
      vertex -1.580619e-02  2.520578e-03  0.000000e+00
    endloop
  endfacet
  facet normal  0.000000e+00  0.000000e+00  0.000000e+00
    outer loop
      vertex -1.583751e-02  2.553034e-03  0.000000e+00
      vertex -1.586782e-02  2.441828e-03  0.000000e+00
      vertex -1.583751e-02  2.553034e-03 -0.000000e+00
    endloop
  endfacet
  facet normal  0.000000e+00  0.000000e+00  0.000000e+00
    outer loop
      vertex -1.586782e-02  2.441828e-03  0.000000e+00
      vertex -1.586782e-02  2.441828e-03 -0.000000e+00
      vertex -1.583751e-02  2.553034e-03 -0.000000e+00
    endloop
  endfacet
  facet normal  0.000000e+00 -0.000000e+00 -1.000000e+00
    outer loop
      vertex -1.580619e-02  2.520578e-03  0.000000e+00
      vertex -1.574625e-02  2.505245e-03  0.000000e+00
      vertex -1.586782e-02  2.441828e-03  0.000000e+00
    endloop
  endfacet
  facet normal  0.000000e+00  0.000000e+00 -1.000000e+00
    outer loop
      vertex -1.574625e-02  2.505245e-03  0.000000e+00
      vertex -1.576509e-02  2.407036e-03  0.000000e+00
      vertex -1.586782e-02  2.441828e-03  0.000000e+00
    endloop
  endfacet
  facet normal  0.000000e+00  0.000000e+00  1.000000e+00
    outer loop
      vertex -1.580619e-02  2.520578e-03 -0.000000e+00
      vertex -1.586782e-02  2.441828e-03 -0.000000e+00
      vertex -1.574625e-02  2.505245e-03 -0.000000e+00
    endloop
  endfacet
  facet normal  0.000000e+00  0.000000e+00  1.000000e+00
    outer loop
      vertex -1.574625e-02  2.505245e-03 -0.000000e+00
      vertex -1.586782e-02  2.441828e-03 -0.000000e+00
      vertex -1.576509e-02  2.407036e-03 -0.000000e+00
    endloop
  endfacet
  facet normal  0.000000e+00  0.000000e+00  0.000000e+00
    outer loop
      vertex -1.580619e-02  2.520578e-03  0.000000e+00
      vertex -1.580619e-02  2.520578e-03 -0.000000e+00
      vertex -1.574625e-02  2.505245e-03 -0.000000e+00
    endloop
  endfacet
  facet normal  0.000000e+00  0.000000e+00  0.000000e+00
    outer loop
      vertex -1.580619e-02  2.520578e-03  0.000000e+00
      vertex -1.574625e-02  2.505245e-03 -0.000000e+00
      vertex -1.574625e-02  2.505245e-03  0.000000e+00
    endloop
  endfacet
  facet normal  0.000000e+00  0.000000e+00  0.000000e+00
    outer loop
      vertex -1.586782e-02  2.441828e-03  0.000000e+00
      vertex -1.576509e-02  2.407036e-03  0.000000e+00
      vertex -1.586782e-02  2.441828e-03 -0.000000e+00
    endloop
  endfacet
  facet normal  0.000000e+00  0.000000e+00  0.000000e+00
    outer loop
      vertex -1.576509e-02  2.407036e-03  0.000000e+00
      vertex -1.576509e-02  2.407036e-03 -0.000000e+00
      vertex -1.586782e-02  2.441828e-03 -0.000000e+00
    endloop
  endfacet
  facet normal  0.000000e+00 -0.000000e+00 -1.000000e+00
    outer loop
      vertex -1.574625e-02  2.505245e-03  0.000000e+00
      vertex -1.557037e-02  2.480781e-03  0.000000e+00
      vertex -1.576509e-02  2.407036e-03  0.000000e+00
    endloop
  endfacet
  facet normal  0.000000e+00  0.000000e+00 -1.000000e+00
    outer loop
      vertex -1.557037e-02  2.480781e-03  0.000000e+00
      vertex -1.558125e-02  2.381375e-03  0.000000e+00
      vertex -1.576509e-02  2.407036e-03  0.000000e+00
    endloop
  endfacet
  facet normal  0.000000e+00  0.000000e+00  1.000000e+00
    outer loop
      vertex -1.574625e-02  2.505245e-03 -0.000000e+00
      vertex -1.576509e-02  2.407036e-03 -0.000000e+00
      vertex -1.557037e-02  2.480781e-03 -0.000000e+00
    endloop
  endfacet
  facet normal  0.000000e+00  0.000000e+00  1.000000e+00
    outer loop
      vertex -1.557037e-02  2.480781e-03 -0.000000e+00
      vertex -1.576509e-02  2.407036e-03 -0.000000e+00
      vertex -1.558125e-02  2.381375e-03 -0.000000e+00
    endloop
  endfacet
  facet normal  0.000000e+00  0.000000e+00  0.000000e+00
    outer loop
      vertex -1.574625e-02  2.505245e-03  0.000000e+00
      vertex -1.574625e-02  2.505245e-03 -0.000000e+00
      vertex -1.557037e-02  2.480781e-03 -0.000000e+00
    endloop
  endfacet
  facet normal  0.000000e+00  0.000000e+00  0.000000e+00
    outer loop
      vertex -1.574625e-02  2.505245e-03  0.000000e+00
      vertex -1.557037e-02  2.480781e-03 -0.000000e+00
      vertex -1.557037e-02  2.480781e-03  0.000000e+00
    endloop
  endfacet
  facet normal  0.000000e+00  0.000000e+00  0.000000e+00
    outer loop
      vertex -1.576509e-02  2.407036e-03  0.000000e+00
      vertex -1.558125e-02  2.381375e-03  0.000000e+00
      vertex -1.576509e-02  2.407036e-03 -0.000000e+00
    endloop
  endfacet
  facet normal  0.000000e+00  0.000000e+00  0.000000e+00
    outer loop
      vertex -1.558125e-02  2.381375e-03  0.000000e+00
      vertex -1.558125e-02  2.381375e-03 -0.000000e+00
      vertex -1.576509e-02  2.407036e-03 -0.000000e+00
    endloop
  endfacet
  facet normal  0.000000e+00 -0.000000e+00 -1.000000e+00
    outer loop
      vertex -1.557037e-02  2.480781e-03  0.000000e+00
      vertex -1.529419e-02  2.455868e-03  0.000000e+00
      vertex -1.558125e-02  2.381375e-03  0.000000e+00
    endloop
  endfacet
  facet normal  0.000000e+00  0.000000e+00 -1.000000e+00
    outer loop
      vertex -1.529419e-02  2.455868e-03  0.000000e+00
      vertex -1.530185e-02  2.356162e-03  0.000000e+00
      vertex -1.558125e-02  2.381375e-03  0.000000e+00
    endloop
  endfacet
  facet normal  0.000000e+00  0.000000e+00  1.000000e+00
    outer loop
      vertex -1.557037e-02  2.480781e-03 -0.000000e+00
      vertex -1.558125e-02  2.381375e-03 -0.000000e+00
      vertex -1.529419e-02  2.455868e-03 -0.000000e+00
    endloop
  endfacet
  facet normal  0.000000e+00  0.000000e+00  1.000000e+00
    outer loop
      vertex -1.529419e-02  2.455868e-03 -0.000000e+00
      vertex -1.558125e-02  2.381375e-03 -0.000000e+00
      vertex -1.530185e-02  2.356162e-03 -0.000000e+00
    endloop
  endfacet
  facet normal  0.000000e+00  0.000000e+00  0.000000e+00
    outer loop
      vertex -1.557037e-02  2.480781e-03  0.000000e+00
      vertex -1.557037e-02  2.480781e-03 -0.000000e+00
      vertex -1.529419e-02  2.455868e-03 -0.000000e+00
    endloop
  endfacet
  facet normal  0.000000e+00  0.000000e+00  0.000000e+00
    outer loop
      vertex -1.557037e-02  2.480781e-03  0.000000e+00
      vertex -1.529419e-02  2.455868e-03 -0.000000e+00
      vertex -1.529419e-02  2.455868e-03  0.000000e+00
    endloop
  endfacet
  facet normal  0.000000e+00  0.000000e+00  0.000000e+00
    outer loop
      vertex -1.558125e-02  2.381375e-03  0.000000e+00
      vertex -1.530185e-02  2.356162e-03  0.000000e+00
      vertex -1.558125e-02  2.381375e-03 -0.000000e+00
    endloop
  endfacet
  facet normal  0.000000e+00  0.000000e+00  0.000000e+00
    outer loop
      vertex -1.530185e-02  2.356162e-03  0.000000e+00
      vertex -1.530185e-02  2.356162e-03 -0.000000e+00
      vertex -1.558125e-02  2.381375e-03 -0.000000e+00
    endloop
  endfacet
  facet normal  0.000000e+00 -0.000000e+00 -1.000000e+00
    outer loop
      vertex -1.529419e-02  2.455868e-03  0.000000e+00
      vertex -1.492057e-02  2.430865e-03  0.000000e+00
      vertex -1.530185e-02  2.356162e-03  0.000000e+00
    endloop
  endfacet
  facet normal  0.000000e+00  0.000000e+00 -1.000000e+00
    outer loop
      vertex -1.492057e-02  2.430865e-03  0.000000e+00
      vertex -1.492649e-02  2.331040e-03  0.000000e+00
      vertex -1.530185e-02  2.356162e-03  0.000000e+00
    endloop
  endfacet
  facet normal  0.000000e+00  0.000000e+00  1.000000e+00
    outer loop
      vertex -1.529419e-02  2.455868e-03 -0.000000e+00
      vertex -1.530185e-02  2.356162e-03 -0.000000e+00
      vertex -1.492057e-02  2.430865e-03 -0.000000e+00
    endloop
  endfacet
  facet normal  0.000000e+00  0.000000e+00  1.000000e+00
    outer loop
      vertex -1.492057e-02  2.430865e-03 -0.000000e+00
      vertex -1.530185e-02  2.356162e-03 -0.000000e+00
      vertex -1.492649e-02  2.331040e-03 -0.000000e+00
    endloop
  endfacet
  facet normal  0.000000e+00  0.000000e+00  0.000000e+00
    outer loop
      vertex -1.529419e-02  2.455868e-03  0.000000e+00
      vertex -1.529419e-02  2.455868e-03 -0.000000e+00
      vertex -1.492057e-02  2.430865e-03 -0.000000e+00
    endloop
  endfacet
  facet normal  0.000000e+00  0.000000e+00  0.000000e+00
    outer loop
      vertex -1.529419e-02  2.455868e-03  0.000000e+00
      vertex -1.492057e-02  2.430865e-03 -0.000000e+00
      vertex -1.492057e-02  2.430865e-03  0.000000e+00
    endloop
  endfacet
  facet normal  0.000000e+00  0.000000e+00  0.000000e+00
    outer loop
      vertex -1.530185e-02  2.356162e-03  0.000000e+00
      vertex -1.492649e-02  2.331040e-03  0.000000e+00
      vertex -1.530185e-02  2.356162e-03 -0.000000e+00
    endloop
  endfacet
  facet normal  0.000000e+00  0.000000e+00  0.000000e+00
    outer loop
      vertex -1.492649e-02  2.331040e-03  0.000000e+00
      vertex -1.492649e-02  2.331040e-03 -0.000000e+00
      vertex -1.530185e-02  2.356162e-03 -0.000000e+00
    endloop
  endfacet
  facet normal  0.000000e+00 -0.000000e+00 -1.000000e+00
    outer loop
      vertex -1.492057e-02  2.430865e-03  0.000000e+00
      vertex -1.445175e-02  2.405831e-03  0.000000e+00
      vertex -1.492649e-02  2.331040e-03  0.000000e+00
    endloop
  endfacet
  facet normal  0.000000e+00  0.000000e+00 -1.000000e+00
    outer loop
      vertex -1.445175e-02  2.405831e-03  0.000000e+00
      vertex -1.445660e-02  2.305949e-03  0.000000e+00
      vertex -1.492649e-02  2.331040e-03  0.000000e+00
    endloop
  endfacet
  facet normal  0.000000e+00  0.000000e+00  1.000000e+00
    outer loop
      vertex -1.492057e-02  2.430865e-03 -0.000000e+00
      vertex -1.492649e-02  2.331040e-03 -0.000000e+00
      vertex -1.445175e-02  2.405831e-03 -0.000000e+00
    endloop
  endfacet
  facet normal  0.000000e+00  0.000000e+00  1.000000e+00
    outer loop
      vertex -1.445175e-02  2.405831e-03 -0.000000e+00
      vertex -1.492649e-02  2.331040e-03 -0.000000e+00
      vertex -1.445660e-02  2.305949e-03 -0.000000e+00
    endloop
  endfacet
  facet normal  0.000000e+00  0.000000e+00  0.000000e+00
    outer loop
      vertex -1.492057e-02  2.430865e-03  0.000000e+00
      vertex -1.492057e-02  2.430865e-03 -0.000000e+00
      vertex -1.445175e-02  2.405831e-03 -0.000000e+00
    endloop
  endfacet
  facet normal  0.000000e+00  0.000000e+00  0.000000e+00
    outer loop
      vertex -1.492057e-02  2.430865e-03  0.000000e+00
      vertex -1.445175e-02  2.405831e-03 -0.000000e+00
      vertex -1.445175e-02  2.405831e-03  0.000000e+00
    endloop
  endfacet
  facet normal  0.000000e+00  0.000000e+00  0.000000e+00
    outer loop
      vertex -1.492649e-02  2.331040e-03  0.000000e+00
      vertex -1.445660e-02  2.305949e-03  0.000000e+00
      vertex -1.492649e-02  2.331040e-03 -0.000000e+00
    endloop
  endfacet
  facet normal  0.000000e+00  0.000000e+00  0.000000e+00
    outer loop
      vertex -1.445660e-02  2.305949e-03  0.000000e+00
      vertex -1.445660e-02  2.305949e-03 -0.000000e+00
      vertex -1.492649e-02  2.331040e-03 -0.000000e+00
    endloop
  endfacet
  facet normal  0.000000e+00 -0.000000e+00 -1.000000e+00
    outer loop
      vertex -1.445175e-02  2.405831e-03  0.000000e+00
      vertex -1.389031e-02  2.380785e-03  0.000000e+00
      vertex -1.445660e-02  2.305949e-03  0.000000e+00
    endloop
  endfacet
  facet normal  0.000000e+00  0.000000e+00 -1.000000e+00
    outer loop
      vertex -1.389031e-02  2.380785e-03  0.000000e+00
      vertex -1.389444e-02  2.280870e-03  0.000000e+00
      vertex -1.445660e-02  2.305949e-03  0.000000e+00
    endloop
  endfacet
  facet normal  0.000000e+00  0.000000e+00  1.000000e+00
    outer loop
      vertex -1.445175e-02  2.405831e-03 -0.000000e+00
      vertex -1.445660e-02  2.305949e-03 -0.000000e+00
      vertex -1.389031e-02  2.380785e-03 -0.000000e+00
    endloop
  endfacet
  facet normal  0.000000e+00  0.000000e+00  1.000000e+00
    outer loop
      vertex -1.389031e-02  2.380785e-03 -0.000000e+00
      vertex -1.445660e-02  2.305949e-03 -0.000000e+00
      vertex -1.389444e-02  2.280870e-03 -0.000000e+00
    endloop
  endfacet
  facet normal  0.000000e+00  0.000000e+00  0.000000e+00
    outer loop
      vertex -1.445175e-02  2.405831e-03  0.000000e+00
      vertex -1.445175e-02  2.405831e-03 -0.000000e+00
      vertex -1.389031e-02  2.380785e-03 -0.000000e+00
    endloop
  endfacet
  facet normal  0.000000e+00  0.000000e+00  0.000000e+00
    outer loop
      vertex -1.445175e-02  2.405831e-03  0.000000e+00
      vertex -1.389031e-02  2.380785e-03 -0.000000e+00
      vertex -1.389031e-02  2.380785e-03  0.000000e+00
    endloop
  endfacet
  facet normal  0.000000e+00  0.000000e+00  0.000000e+00
    outer loop
      vertex -1.445660e-02  2.305949e-03  0.000000e+00
      vertex -1.389444e-02  2.280870e-03  0.000000e+00
      vertex -1.445660e-02  2.305949e-03 -0.000000e+00
    endloop
  endfacet
  facet normal  0.000000e+00  0.000000e+00  0.000000e+00
    outer loop
      vertex -1.389444e-02  2.280870e-03  0.000000e+00
      vertex -1.389444e-02  2.280870e-03 -0.000000e+00
      vertex -1.445660e-02  2.305949e-03 -0.000000e+00
    endloop
  endfacet
  facet normal  0.000000e+00 -0.000000e+00 -1.000000e+00
    outer loop
      vertex -1.389031e-02  2.380785e-03  0.000000e+00
      vertex -1.323936e-02  2.355732e-03  0.000000e+00
      vertex -1.389444e-02  2.280870e-03  0.000000e+00
    endloop
  endfacet
  facet normal  0.000000e+00  0.000000e+00 -1.000000e+00
    outer loop
      vertex -1.323936e-02  2.355732e-03  0.000000e+00
      vertex -1.324297e-02  2.255797e-03  0.000000e+00
      vertex -1.389444e-02  2.280870e-03  0.000000e+00
    endloop
  endfacet
  facet normal  0.000000e+00  0.000000e+00  1.000000e+00
    outer loop
      vertex -1.389031e-02  2.380785e-03 -0.000000e+00
      vertex -1.389444e-02  2.280870e-03 -0.000000e+00
      vertex -1.323936e-02  2.355732e-03 -0.000000e+00
    endloop
  endfacet
  facet normal  0.000000e+00  0.000000e+00  1.000000e+00
    outer loop
      vertex -1.323936e-02  2.355732e-03 -0.000000e+00
      vertex -1.389444e-02  2.280870e-03 -0.000000e+00
      vertex -1.324297e-02  2.255797e-03 -0.000000e+00
    endloop
  endfacet
  facet normal  0.000000e+00  0.000000e+00  0.000000e+00
    outer loop
      vertex -1.389031e-02  2.380785e-03  0.000000e+00
      vertex -1.389031e-02  2.380785e-03 -0.000000e+00
      vertex -1.323936e-02  2.355732e-03 -0.000000e+00
    endloop
  endfacet
  facet normal  0.000000e+00  0.000000e+00  0.000000e+00
    outer loop
      vertex -1.389031e-02  2.380785e-03  0.000000e+00
      vertex -1.323936e-02  2.355732e-03 -0.000000e+00
      vertex -1.323936e-02  2.355732e-03  0.000000e+00
    endloop
  endfacet
  facet normal  0.000000e+00  0.000000e+00  0.000000e+00
    outer loop
      vertex -1.389444e-02  2.280870e-03  0.000000e+00
      vertex -1.324297e-02  2.255797e-03  0.000000e+00
      vertex -1.389444e-02  2.280870e-03 -0.000000e+00
    endloop
  endfacet
  facet normal  0.000000e+00  0.000000e+00  0.000000e+00
    outer loop
      vertex -1.324297e-02  2.255797e-03  0.000000e+00
      vertex -1.324297e-02  2.255797e-03 -0.000000e+00
      vertex -1.389444e-02  2.280870e-03 -0.000000e+00
    endloop
  endfacet
  facet normal  0.000000e+00 -0.000000e+00 -1.000000e+00
    outer loop
      vertex -1.323936e-02  2.355732e-03  0.000000e+00
      vertex -1.250254e-02  2.330676e-03  0.000000e+00
      vertex -1.324297e-02  2.255797e-03  0.000000e+00
    endloop
  endfacet
  facet normal  0.000000e+00  0.000000e+00 -1.000000e+00
    outer loop
      vertex -1.250254e-02  2.330676e-03  0.000000e+00
      vertex -1.250576e-02  2.230728e-03  0.000000e+00
      vertex -1.324297e-02  2.255797e-03  0.000000e+00
    endloop
  endfacet
  facet normal  0.000000e+00  0.000000e+00  1.000000e+00
    outer loop
      vertex -1.323936e-02  2.355732e-03 -0.000000e+00
      vertex -1.324297e-02  2.255797e-03 -0.000000e+00
      vertex -1.250254e-02  2.330676e-03 -0.000000e+00
    endloop
  endfacet
  facet normal  0.000000e+00  0.000000e+00  1.000000e+00
    outer loop
      vertex -1.250254e-02  2.330676e-03 -0.000000e+00
      vertex -1.324297e-02  2.255797e-03 -0.000000e+00
      vertex -1.250576e-02  2.230728e-03 -0.000000e+00
    endloop
  endfacet
  facet normal  0.000000e+00  0.000000e+00  0.000000e+00
    outer loop
      vertex -1.323936e-02  2.355732e-03  0.000000e+00
      vertex -1.323936e-02  2.355732e-03 -0.000000e+00
      vertex -1.250254e-02  2.330676e-03 -0.000000e+00
    endloop
  endfacet
  facet normal  0.000000e+00  0.000000e+00  0.000000e+00
    outer loop
      vertex -1.323936e-02  2.355732e-03  0.000000e+00
      vertex -1.250254e-02  2.330676e-03 -0.000000e+00
      vertex -1.250254e-02  2.330676e-03  0.000000e+00
    endloop
  endfacet
  facet normal  0.000000e+00  0.000000e+00  0.000000e+00
    outer loop
      vertex -1.324297e-02  2.255797e-03  0.000000e+00
      vertex -1.250576e-02  2.230728e-03  0.000000e+00
      vertex -1.324297e-02  2.255797e-03 -0.000000e+00
    endloop
  endfacet
  facet normal  0.000000e+00  0.000000e+00  0.000000e+00
    outer loop
      vertex -1.250576e-02  2.230728e-03  0.000000e+00
      vertex -1.250576e-02  2.230728e-03 -0.000000e+00
      vertex -1.324297e-02  2.255797e-03 -0.000000e+00
    endloop
  endfacet
  facet normal  0.000000e+00 -0.000000e+00 -1.000000e+00
    outer loop
      vertex -1.250254e-02  2.330676e-03  0.000000e+00
      vertex -1.168401e-02  2.305618e-03  0.000000e+00
      vertex -1.250576e-02  2.230728e-03  0.000000e+00
    endloop
  endfacet
  facet normal  0.000000e+00  0.000000e+00 -1.000000e+00
    outer loop
      vertex -1.168401e-02  2.305618e-03  0.000000e+00
      vertex -1.168693e-02  2.205660e-03  0.000000e+00
      vertex -1.250576e-02  2.230728e-03  0.000000e+00
    endloop
  endfacet
  facet normal  0.000000e+00  0.000000e+00  1.000000e+00
    outer loop
      vertex -1.250254e-02  2.330676e-03 -0.000000e+00
      vertex -1.250576e-02  2.230728e-03 -0.000000e+00
      vertex -1.168401e-02  2.305618e-03 -0.000000e+00
    endloop
  endfacet
  facet normal  0.000000e+00  0.000000e+00  1.000000e+00
    outer loop
      vertex -1.168401e-02  2.305618e-03 -0.000000e+00
      vertex -1.250576e-02  2.230728e-03 -0.000000e+00
      vertex -1.168693e-02  2.205660e-03 -0.000000e+00
    endloop
  endfacet
  facet normal  0.000000e+00  0.000000e+00  0.000000e+00
    outer loop
      vertex -1.250254e-02  2.330676e-03  0.000000e+00
      vertex -1.250254e-02  2.330676e-03 -0.000000e+00
      vertex -1.168401e-02  2.305618e-03 -0.000000e+00
    endloop
  endfacet
  facet normal  0.000000e+00  0.000000e+00  0.000000e+00
    outer loop
      vertex -1.250254e-02  2.330676e-03  0.000000e+00
      vertex -1.168401e-02  2.305618e-03 -0.000000e+00
      vertex -1.168401e-02  2.305618e-03  0.000000e+00
    endloop
  endfacet
  facet normal  0.000000e+00  0.000000e+00  0.000000e+00
    outer loop
      vertex -1.250576e-02  2.230728e-03  0.000000e+00
      vertex -1.168693e-02  2.205660e-03  0.000000e+00
      vertex -1.250576e-02  2.230728e-03 -0.000000e+00
    endloop
  endfacet
  facet normal  0.000000e+00  0.000000e+00  0.000000e+00
    outer loop
      vertex -1.168693e-02  2.205660e-03  0.000000e+00
      vertex -1.168693e-02  2.205660e-03 -0.000000e+00
      vertex -1.250576e-02  2.230728e-03 -0.000000e+00
    endloop
  endfacet
  facet normal  0.000000e+00 -0.000000e+00 -1.000000e+00
    outer loop
      vertex -1.168401e-02  2.305618e-03  0.000000e+00
      vertex -1.078848e-02  2.280558e-03  0.000000e+00
      vertex -1.168693e-02  2.205660e-03  0.000000e+00
    endloop
  endfacet
  facet normal  0.000000e+00  0.000000e+00 -1.000000e+00
    outer loop
      vertex -1.078848e-02  2.280558e-03  0.000000e+00
      vertex -1.079117e-02  2.180594e-03  0.000000e+00
      vertex -1.168693e-02  2.205660e-03  0.000000e+00
    endloop
  endfacet
  facet normal  0.000000e+00  0.000000e+00  1.000000e+00
    outer loop
      vertex -1.168401e-02  2.305618e-03 -0.000000e+00
      vertex -1.168693e-02  2.205660e-03 -0.000000e+00
      vertex -1.078848e-02  2.280558e-03 -0.000000e+00
    endloop
  endfacet
  facet normal  0.000000e+00  0.000000e+00  1.000000e+00
    outer loop
      vertex -1.078848e-02  2.280558e-03 -0.000000e+00
      vertex -1.168693e-02  2.205660e-03 -0.000000e+00
      vertex -1.079117e-02  2.180594e-03 -0.000000e+00
    endloop
  endfacet
  facet normal  0.000000e+00  0.000000e+00  0.000000e+00
    outer loop
      vertex -1.168401e-02  2.305618e-03  0.000000e+00
      vertex -1.168401e-02  2.305618e-03 -0.000000e+00
      vertex -1.078848e-02  2.280558e-03 -0.000000e+00
    endloop
  endfacet
  facet normal  0.000000e+00  0.000000e+00  0.000000e+00
    outer loop
      vertex -1.168401e-02  2.305618e-03  0.000000e+00
      vertex -1.078848e-02  2.280558e-03 -0.000000e+00
      vertex -1.078848e-02  2.280558e-03  0.000000e+00
    endloop
  endfacet
  facet normal  0.000000e+00  0.000000e+00  0.000000e+00
    outer loop
      vertex -1.168693e-02  2.205660e-03  0.000000e+00
      vertex -1.079117e-02  2.180594e-03  0.000000e+00
      vertex -1.168693e-02  2.205660e-03 -0.000000e+00
    endloop
  endfacet
  facet normal  0.000000e+00  0.000000e+00  0.000000e+00
    outer loop
      vertex -1.079117e-02  2.180594e-03  0.000000e+00
      vertex -1.079117e-02  2.180594e-03 -0.000000e+00
      vertex -1.168693e-02  2.205660e-03 -0.000000e+00
    endloop
  endfacet
  facet normal  0.000000e+00 -0.000000e+00 -1.000000e+00
    outer loop
      vertex -1.078848e-02  2.280558e-03  0.000000e+00
      vertex -9.821153e-03  2.255498e-03  0.000000e+00
      vertex -1.079117e-02  2.180594e-03  0.000000e+00
    endloop
  endfacet
  facet normal  0.000000e+00  0.000000e+00 -1.000000e+00
    outer loop
      vertex -9.821153e-03  2.255498e-03  0.000000e+00
      vertex -9.823655e-03  2.155529e-03  0.000000e+00
      vertex -1.079117e-02  2.180594e-03  0.000000e+00
    endloop
  endfacet
  facet normal  0.000000e+00  0.000000e+00  1.000000e+00
    outer loop
      vertex -1.078848e-02  2.280558e-03 -0.000000e+00
      vertex -1.079117e-02  2.180594e-03 -0.000000e+00
      vertex -9.821153e-03  2.255498e-03 -0.000000e+00
    endloop
  endfacet
  facet normal  0.000000e+00  0.000000e+00  1.000000e+00
    outer loop
      vertex -9.821153e-03  2.255498e-03 -0.000000e+00
      vertex -1.079117e-02  2.180594e-03 -0.000000e+00
      vertex -9.823655e-03  2.155529e-03 -0.000000e+00
    endloop
  endfacet
  facet normal  0.000000e+00  0.000000e+00  0.000000e+00
    outer loop
      vertex -1.078848e-02  2.280558e-03  0.000000e+00
      vertex -1.078848e-02  2.280558e-03 -0.000000e+00
      vertex -9.821153e-03  2.255498e-03 -0.000000e+00
    endloop
  endfacet
  facet normal  0.000000e+00  0.000000e+00  0.000000e+00
    outer loop
      vertex -1.078848e-02  2.280558e-03  0.000000e+00
      vertex -9.821153e-03  2.255498e-03 -0.000000e+00
      vertex -9.821153e-03  2.255498e-03  0.000000e+00
    endloop
  endfacet
  facet normal  0.000000e+00  0.000000e+00  0.000000e+00
    outer loop
      vertex -1.079117e-02  2.180594e-03  0.000000e+00
      vertex -9.823655e-03  2.155529e-03  0.000000e+00
      vertex -1.079117e-02  2.180594e-03 -0.000000e+00
    endloop
  endfacet
  facet normal  0.000000e+00  0.000000e+00  0.000000e+00
    outer loop
      vertex -9.823655e-03  2.155529e-03  0.000000e+00
      vertex -9.823655e-03  2.155529e-03 -0.000000e+00
      vertex -1.079117e-02  2.180594e-03 -0.000000e+00
    endloop
  endfacet
  facet normal  0.000000e+00 -0.000000e+00 -1.000000e+00
    outer loop
      vertex -9.821153e-03  2.255498e-03  0.000000e+00
      vertex -8.787694e-03  2.230437e-03  0.000000e+00
      vertex -9.823655e-03  2.155529e-03  0.000000e+00
    endloop
  endfacet
  facet normal  0.000000e+00  0.000000e+00 -1.000000e+00
    outer loop
      vertex -8.787694e-03  2.230437e-03  0.000000e+00
      vertex -8.790048e-03  2.130465e-03  0.000000e+00
      vertex -9.823655e-03  2.155529e-03  0.000000e+00
    endloop
  endfacet
  facet normal  0.000000e+00  0.000000e+00  1.000000e+00
    outer loop
      vertex -9.821153e-03  2.255498e-03 -0.000000e+00
      vertex -9.823655e-03  2.155529e-03 -0.000000e+00
      vertex -8.787694e-03  2.230437e-03 -0.000000e+00
    endloop
  endfacet
  facet normal  0.000000e+00  0.000000e+00  1.000000e+00
    outer loop
      vertex -8.787694e-03  2.230437e-03 -0.000000e+00
      vertex -9.823655e-03  2.155529e-03 -0.000000e+00
      vertex -8.790048e-03  2.130465e-03 -0.000000e+00
    endloop
  endfacet
  facet normal  0.000000e+00  0.000000e+00  0.000000e+00
    outer loop
      vertex -9.821153e-03  2.255498e-03  0.000000e+00
      vertex -9.821153e-03  2.255498e-03 -0.000000e+00
      vertex -8.787694e-03  2.230437e-03 -0.000000e+00
    endloop
  endfacet
  facet normal  0.000000e+00  0.000000e+00  0.000000e+00
    outer loop
      vertex -9.821153e-03  2.255498e-03  0.000000e+00
      vertex -8.787694e-03  2.230437e-03 -0.000000e+00
      vertex -8.787694e-03  2.230437e-03  0.000000e+00
    endloop
  endfacet
  facet normal  0.000000e+00  0.000000e+00  0.000000e+00
    outer loop
      vertex -9.823655e-03  2.155529e-03  0.000000e+00
      vertex -8.790048e-03  2.130465e-03  0.000000e+00
      vertex -9.823655e-03  2.155529e-03 -0.000000e+00
    endloop
  endfacet
  facet normal  0.000000e+00  0.000000e+00  0.000000e+00
    outer loop
      vertex -8.790048e-03  2.130465e-03  0.000000e+00
      vertex -8.790048e-03  2.130465e-03 -0.000000e+00
      vertex -9.823655e-03  2.155529e-03 -0.000000e+00
    endloop
  endfacet
  facet normal  0.000000e+00 -0.000000e+00 -1.000000e+00
    outer loop
      vertex -8.787694e-03  2.230437e-03  0.000000e+00
      vertex -7.694219e-03  2.205376e-03  0.000000e+00
      vertex -8.790048e-03  2.130465e-03  0.000000e+00
    endloop
  endfacet
  facet normal  0.000000e+00  0.000000e+00 -1.000000e+00
    outer loop
      vertex -7.694219e-03  2.205376e-03  0.000000e+00
      vertex -7.696454e-03  2.105401e-03  0.000000e+00
      vertex -8.790048e-03  2.130465e-03  0.000000e+00
    endloop
  endfacet
  facet normal  0.000000e+00  0.000000e+00  1.000000e+00
    outer loop
      vertex -8.787694e-03  2.230437e-03 -0.000000e+00
      vertex -8.790048e-03  2.130465e-03 -0.000000e+00
      vertex -7.694219e-03  2.205376e-03 -0.000000e+00
    endloop
  endfacet
  facet normal  0.000000e+00  0.000000e+00  1.000000e+00
    outer loop
      vertex -7.694219e-03  2.205376e-03 -0.000000e+00
      vertex -8.790048e-03  2.130465e-03 -0.000000e+00
      vertex -7.696454e-03  2.105401e-03 -0.000000e+00
    endloop
  endfacet
  facet normal  0.000000e+00  0.000000e+00  0.000000e+00
    outer loop
      vertex -8.787694e-03  2.230437e-03  0.000000e+00
      vertex -8.787694e-03  2.230437e-03 -0.000000e+00
      vertex -7.694219e-03  2.205376e-03 -0.000000e+00
    endloop
  endfacet
  facet normal  0.000000e+00  0.000000e+00  0.000000e+00
    outer loop
      vertex -8.787694e-03  2.230437e-03  0.000000e+00
      vertex -7.694219e-03  2.205376e-03 -0.000000e+00
      vertex -7.694219e-03  2.205376e-03  0.000000e+00
    endloop
  endfacet
  facet normal  0.000000e+00  0.000000e+00  0.000000e+00
    outer loop
      vertex -8.790048e-03  2.130465e-03  0.000000e+00
      vertex -7.696454e-03  2.105401e-03  0.000000e+00
      vertex -8.790048e-03  2.130465e-03 -0.000000e+00
    endloop
  endfacet
  facet normal  0.000000e+00  0.000000e+00  0.000000e+00
    outer loop
      vertex -7.696454e-03  2.105401e-03  0.000000e+00
      vertex -7.696454e-03  2.105401e-03 -0.000000e+00
      vertex -8.790048e-03  2.130465e-03 -0.000000e+00
    endloop
  endfacet
  facet normal  0.000000e+00 -0.000000e+00 -1.000000e+00
    outer loop
      vertex -7.694219e-03  2.205376e-03  0.000000e+00
      vertex -6.547247e-03  2.180314e-03  0.000000e+00
      vertex -7.696454e-03  2.105401e-03  0.000000e+00
    endloop
  endfacet
  facet normal  0.000000e+00  0.000000e+00 -1.000000e+00
    outer loop
      vertex -6.547247e-03  2.180314e-03  0.000000e+00
      vertex -6.549386e-03  2.080337e-03  0.000000e+00
      vertex -7.696454e-03  2.105401e-03  0.000000e+00
    endloop
  endfacet
  facet normal  0.000000e+00  0.000000e+00  1.000000e+00
    outer loop
      vertex -7.694219e-03  2.205376e-03 -0.000000e+00
      vertex -7.696454e-03  2.105401e-03 -0.000000e+00
      vertex -6.547247e-03  2.180314e-03 -0.000000e+00
    endloop
  endfacet
  facet normal  0.000000e+00  0.000000e+00  1.000000e+00
    outer loop
      vertex -6.547247e-03  2.180314e-03 -0.000000e+00
      vertex -7.696454e-03  2.105401e-03 -0.000000e+00
      vertex -6.549386e-03  2.080337e-03 -0.000000e+00
    endloop
  endfacet
  facet normal  0.000000e+00  0.000000e+00  0.000000e+00
    outer loop
      vertex -7.694219e-03  2.205376e-03  0.000000e+00
      vertex -7.694219e-03  2.205376e-03 -0.000000e+00
      vertex -6.547247e-03  2.180314e-03 -0.000000e+00
    endloop
  endfacet
  facet normal  0.000000e+00  0.000000e+00  0.000000e+00
    outer loop
      vertex -7.694219e-03  2.205376e-03  0.000000e+00
      vertex -6.547247e-03  2.180314e-03 -0.000000e+00
      vertex -6.547247e-03  2.180314e-03  0.000000e+00
    endloop
  endfacet
  facet normal  0.000000e+00  0.000000e+00  0.000000e+00
    outer loop
      vertex -7.696454e-03  2.105401e-03  0.000000e+00
      vertex -6.549386e-03  2.080337e-03  0.000000e+00
      vertex -7.696454e-03  2.105401e-03 -0.000000e+00
    endloop
  endfacet
  facet normal  0.000000e+00  0.000000e+00  0.000000e+00
    outer loop
      vertex -6.549386e-03  2.080337e-03  0.000000e+00
      vertex -6.549386e-03  2.080337e-03 -0.000000e+00
      vertex -7.696454e-03  2.105401e-03 -0.000000e+00
    endloop
  endfacet
  facet normal  0.000000e+00 -0.000000e+00 -1.000000e+00
    outer loop
      vertex -6.547247e-03  2.180314e-03  0.000000e+00
      vertex -5.353661e-03  2.155253e-03  0.000000e+00
      vertex -6.549386e-03  2.080337e-03  0.000000e+00
    endloop
  endfacet
  facet normal  0.000000e+00  0.000000e+00 -1.000000e+00
    outer loop
      vertex -5.353661e-03  2.155253e-03  0.000000e+00
      vertex -5.355725e-03  2.055274e-03  0.000000e+00
      vertex -6.549386e-03  2.080337e-03  0.000000e+00
    endloop
  endfacet
  facet normal  0.000000e+00  0.000000e+00  1.000000e+00
    outer loop
      vertex -6.547247e-03  2.180314e-03 -0.000000e+00
      vertex -6.549386e-03  2.080337e-03 -0.000000e+00
      vertex -5.353661e-03  2.155253e-03 -0.000000e+00
    endloop
  endfacet
  facet normal  0.000000e+00  0.000000e+00  1.000000e+00
    outer loop
      vertex -5.353661e-03  2.155253e-03 -0.000000e+00
      vertex -6.549386e-03  2.080337e-03 -0.000000e+00
      vertex -5.355725e-03  2.055274e-03 -0.000000e+00
    endloop
  endfacet
  facet normal  0.000000e+00  0.000000e+00  0.000000e+00
    outer loop
      vertex -6.547247e-03  2.180314e-03  0.000000e+00
      vertex -6.547247e-03  2.180314e-03 -0.000000e+00
      vertex -5.353661e-03  2.155253e-03 -0.000000e+00
    endloop
  endfacet
  facet normal  0.000000e+00  0.000000e+00  0.000000e+00
    outer loop
      vertex -6.547247e-03  2.180314e-03  0.000000e+00
      vertex -5.353661e-03  2.155253e-03 -0.000000e+00
      vertex -5.353661e-03  2.155253e-03  0.000000e+00
    endloop
  endfacet
  facet normal  0.000000e+00  0.000000e+00  0.000000e+00
    outer loop
      vertex -6.549386e-03  2.080337e-03  0.000000e+00
      vertex -5.355725e-03  2.055274e-03  0.000000e+00
      vertex -6.549386e-03  2.080337e-03 -0.000000e+00
    endloop
  endfacet
  facet normal  0.000000e+00  0.000000e+00  0.000000e+00
    outer loop
      vertex -5.355725e-03  2.055274e-03  0.000000e+00
      vertex -5.355725e-03  2.055274e-03 -0.000000e+00
      vertex -6.549386e-03  2.080337e-03 -0.000000e+00
    endloop
  endfacet
  facet normal  0.000000e+00 -0.000000e+00 -1.000000e+00
    outer loop
      vertex -5.353661e-03  2.155253e-03  0.000000e+00
      vertex -4.120674e-03  2.130190e-03  0.000000e+00
      vertex -5.355725e-03  2.055274e-03  0.000000e+00
    endloop
  endfacet
  facet normal  0.000000e+00  0.000000e+00 -1.000000e+00
    outer loop
      vertex -4.120674e-03  2.130190e-03  0.000000e+00
      vertex -4.122678e-03  2.030211e-03  0.000000e+00
      vertex -5.355725e-03  2.055274e-03  0.000000e+00
    endloop
  endfacet
  facet normal  0.000000e+00  0.000000e+00  1.000000e+00
    outer loop
      vertex -5.353661e-03  2.155253e-03 -0.000000e+00
      vertex -5.355725e-03  2.055274e-03 -0.000000e+00
      vertex -4.120674e-03  2.130190e-03 -0.000000e+00
    endloop
  endfacet
  facet normal  0.000000e+00  0.000000e+00  1.000000e+00
    outer loop
      vertex -4.120674e-03  2.130190e-03 -0.000000e+00
      vertex -5.355725e-03  2.055274e-03 -0.000000e+00
      vertex -4.122678e-03  2.030211e-03 -0.000000e+00
    endloop
  endfacet
  facet normal  0.000000e+00  0.000000e+00  0.000000e+00
    outer loop
      vertex -5.353661e-03  2.155253e-03  0.000000e+00
      vertex -5.353661e-03  2.155253e-03 -0.000000e+00
      vertex -4.120674e-03  2.130190e-03 -0.000000e+00
    endloop
  endfacet
  facet normal  0.000000e+00  0.000000e+00  0.000000e+00
    outer loop
      vertex -5.353661e-03  2.155253e-03  0.000000e+00
      vertex -4.120674e-03  2.130190e-03 -0.000000e+00
      vertex -4.120674e-03  2.130190e-03  0.000000e+00
    endloop
  endfacet
  facet normal  0.000000e+00  0.000000e+00  0.000000e+00
    outer loop
      vertex -5.355725e-03  2.055274e-03  0.000000e+00
      vertex -4.122678e-03  2.030211e-03  0.000000e+00
      vertex -5.355725e-03  2.055274e-03 -0.000000e+00
    endloop
  endfacet
  facet normal  0.000000e+00  0.000000e+00  0.000000e+00
    outer loop
      vertex -4.122678e-03  2.030211e-03  0.000000e+00
      vertex -4.122678e-03  2.030211e-03 -0.000000e+00
      vertex -5.355725e-03  2.055274e-03 -0.000000e+00
    endloop
  endfacet
  facet normal  0.000000e+00 -0.000000e+00 -1.000000e+00
    outer loop
      vertex -4.120674e-03  2.130190e-03  0.000000e+00
      vertex -2.855776e-03  2.105128e-03  0.000000e+00
      vertex -4.122678e-03  2.030211e-03  0.000000e+00
    endloop
  endfacet
  facet normal  0.000000e+00  0.000000e+00 -1.000000e+00
    outer loop
      vertex -2.855776e-03  2.105128e-03  0.000000e+00
      vertex -2.857736e-03  2.005147e-03  0.000000e+00
      vertex -4.122678e-03  2.030211e-03  0.000000e+00
    endloop
  endfacet
  facet normal  0.000000e+00  0.000000e+00  1.000000e+00
    outer loop
      vertex -4.120674e-03  2.130190e-03 -0.000000e+00
      vertex -4.122678e-03  2.030211e-03 -0.000000e+00
      vertex -2.855776e-03  2.105128e-03 -0.000000e+00
    endloop
  endfacet
  facet normal  0.000000e+00  0.000000e+00  1.000000e+00
    outer loop
      vertex -2.855776e-03  2.105128e-03 -0.000000e+00
      vertex -4.122678e-03  2.030211e-03 -0.000000e+00
      vertex -2.857736e-03  2.005147e-03 -0.000000e+00
    endloop
  endfacet
  facet normal  0.000000e+00  0.000000e+00  0.000000e+00
    outer loop
      vertex -4.120674e-03  2.130190e-03  0.000000e+00
      vertex -4.120674e-03  2.130190e-03 -0.000000e+00
      vertex -2.855776e-03  2.105128e-03 -0.000000e+00
    endloop
  endfacet
  facet normal  0.000000e+00  0.000000e+00  0.000000e+00
    outer loop
      vertex -4.120674e-03  2.130190e-03  0.000000e+00
      vertex -2.855776e-03  2.105128e-03 -0.000000e+00
      vertex -2.855776e-03  2.105128e-03  0.000000e+00
    endloop
  endfacet
  facet normal  0.000000e+00  0.000000e+00  0.000000e+00
    outer loop
      vertex -4.122678e-03  2.030211e-03  0.000000e+00
      vertex -2.857736e-03  2.005147e-03  0.000000e+00
      vertex -4.122678e-03  2.030211e-03 -0.000000e+00
    endloop
  endfacet
  facet normal  0.000000e+00  0.000000e+00  0.000000e+00
    outer loop
      vertex -2.857736e-03  2.005147e-03  0.000000e+00
      vertex -2.857736e-03  2.005147e-03 -0.000000e+00
      vertex -4.122678e-03  2.030211e-03 -0.000000e+00
    endloop
  endfacet
  facet normal  0.000000e+00 -0.000000e+00 -1.000000e+00
    outer loop
      vertex -2.855776e-03  2.105128e-03  0.000000e+00
      vertex -1.566697e-03  2.080066e-03  0.000000e+00
      vertex -2.857736e-03  2.005147e-03  0.000000e+00
    endloop
  endfacet
  facet normal  0.000000e+00  0.000000e+00 -1.000000e+00
    outer loop
      vertex -1.566697e-03  2.080066e-03  0.000000e+00
      vertex -1.568627e-03  1.980084e-03  0.000000e+00
      vertex -2.857736e-03  2.005147e-03  0.000000e+00
    endloop
  endfacet
  facet normal  0.000000e+00  0.000000e+00  1.000000e+00
    outer loop
      vertex -2.855776e-03  2.105128e-03 -0.000000e+00
      vertex -2.857736e-03  2.005147e-03 -0.000000e+00
      vertex -1.566697e-03  2.080066e-03 -0.000000e+00
    endloop
  endfacet
  facet normal  0.000000e+00  0.000000e+00  1.000000e+00
    outer loop
      vertex -1.566697e-03  2.080066e-03 -0.000000e+00
      vertex -2.857736e-03  2.005147e-03 -0.000000e+00
      vertex -1.568627e-03  1.980084e-03 -0.000000e+00
    endloop
  endfacet
  facet normal  0.000000e+00  0.000000e+00  0.000000e+00
    outer loop
      vertex -2.855776e-03  2.105128e-03  0.000000e+00
      vertex -2.855776e-03  2.105128e-03 -0.000000e+00
      vertex -1.566697e-03  2.080066e-03 -0.000000e+00
    endloop
  endfacet
  facet normal  0.000000e+00  0.000000e+00  0.000000e+00
    outer loop
      vertex -2.855776e-03  2.105128e-03  0.000000e+00
      vertex -1.566697e-03  2.080066e-03 -0.000000e+00
      vertex -1.566697e-03  2.080066e-03  0.000000e+00
    endloop
  endfacet
  facet normal  0.000000e+00  0.000000e+00  0.000000e+00
    outer loop
      vertex -2.857736e-03  2.005147e-03  0.000000e+00
      vertex -1.568627e-03  1.980084e-03  0.000000e+00
      vertex -2.857736e-03  2.005147e-03 -0.000000e+00
    endloop
  endfacet
  facet normal  0.000000e+00  0.000000e+00  0.000000e+00
    outer loop
      vertex -1.568627e-03  1.980084e-03  0.000000e+00
      vertex -1.568627e-03  1.980084e-03 -0.000000e+00
      vertex -2.857736e-03  2.005147e-03 -0.000000e+00
    endloop
  endfacet
  facet normal  0.000000e+00 -0.000000e+00 -1.000000e+00
    outer loop
      vertex -1.566697e-03  2.080066e-03  0.000000e+00
      vertex -2.613573e-04  2.055003e-03  0.000000e+00
      vertex -1.568627e-03  1.980084e-03  0.000000e+00
    endloop
  endfacet
  facet normal  0.000000e+00  0.000000e+00 -1.000000e+00
    outer loop
      vertex -2.613573e-04  2.055003e-03  0.000000e+00
      vertex -2.632690e-04  1.955022e-03  0.000000e+00
      vertex -1.568627e-03  1.980084e-03  0.000000e+00
    endloop
  endfacet
  facet normal  0.000000e+00  0.000000e+00  1.000000e+00
    outer loop
      vertex -1.566697e-03  2.080066e-03 -0.000000e+00
      vertex -1.568627e-03  1.980084e-03 -0.000000e+00
      vertex -2.613573e-04  2.055003e-03 -0.000000e+00
    endloop
  endfacet
  facet normal  0.000000e+00  0.000000e+00  1.000000e+00
    outer loop
      vertex -2.613573e-04  2.055003e-03 -0.000000e+00
      vertex -1.568627e-03  1.980084e-03 -0.000000e+00
      vertex -2.632690e-04  1.955022e-03 -0.000000e+00
    endloop
  endfacet
  facet normal  0.000000e+00  0.000000e+00  0.000000e+00
    outer loop
      vertex -1.566697e-03  2.080066e-03  0.000000e+00
      vertex -1.566697e-03  2.080066e-03 -0.000000e+00
      vertex -2.613573e-04  2.055003e-03 -0.000000e+00
    endloop
  endfacet
  facet normal  0.000000e+00  0.000000e+00  0.000000e+00
    outer loop
      vertex -1.566697e-03  2.080066e-03  0.000000e+00
      vertex -2.613573e-04  2.055003e-03 -0.000000e+00
      vertex -2.613573e-04  2.055003e-03  0.000000e+00
    endloop
  endfacet
  facet normal  0.000000e+00  0.000000e+00  0.000000e+00
    outer loop
      vertex -1.568627e-03  1.980084e-03  0.000000e+00
      vertex -2.632690e-04  1.955022e-03  0.000000e+00
      vertex -1.568627e-03  1.980084e-03 -0.000000e+00
    endloop
  endfacet
  facet normal  0.000000e+00  0.000000e+00  0.000000e+00
    outer loop
      vertex -2.632690e-04  1.955022e-03  0.000000e+00
      vertex -2.632690e-04  1.955022e-03 -0.000000e+00
      vertex -1.568627e-03  1.980084e-03 -0.000000e+00
    endloop
  endfacet
  facet normal  0.000000e+00 -0.000000e+00 -1.000000e+00
    outer loop
      vertex -2.613573e-04  2.055003e-03  0.000000e+00
      vertex  1.052184e-03  2.029941e-03  0.000000e+00
      vertex -2.632690e-04  1.955022e-03  0.000000e+00
    endloop
  endfacet
  facet normal  0.000000e+00  0.000000e+00 -1.000000e+00
    outer loop
      vertex  1.052184e-03  2.029941e-03  0.000000e+00
      vertex  1.050279e-03  1.929959e-03  0.000000e+00
      vertex -2.632690e-04  1.955022e-03  0.000000e+00
    endloop
  endfacet
  facet normal  0.000000e+00  0.000000e+00  1.000000e+00
    outer loop
      vertex -2.613573e-04  2.055003e-03 -0.000000e+00
      vertex -2.632690e-04  1.955022e-03 -0.000000e+00
      vertex  1.052184e-03  2.029941e-03 -0.000000e+00
    endloop
  endfacet
  facet normal  0.000000e+00  0.000000e+00  1.000000e+00
    outer loop
      vertex  1.052184e-03  2.029941e-03 -0.000000e+00
      vertex -2.632690e-04  1.955022e-03 -0.000000e+00
      vertex  1.050279e-03  1.929959e-03 -0.000000e+00
    endloop
  endfacet
  facet normal  0.000000e+00  0.000000e+00  0.000000e+00
    outer loop
      vertex -2.613573e-04  2.055003e-03  0.000000e+00
      vertex -2.613573e-04  2.055003e-03 -0.000000e+00
      vertex  1.052184e-03  2.029941e-03 -0.000000e+00
    endloop
  endfacet
  facet normal  0.000000e+00  0.000000e+00  0.000000e+00
    outer loop
      vertex -2.613573e-04  2.055003e-03  0.000000e+00
      vertex  1.052184e-03  2.029941e-03 -0.000000e+00
      vertex  1.052184e-03  2.029941e-03  0.000000e+00
    endloop
  endfacet
  facet normal  0.000000e+00  0.000000e+00  0.000000e+00
    outer loop
      vertex -2.632690e-04  1.955022e-03  0.000000e+00
      vertex  1.050279e-03  1.929959e-03  0.000000e+00
      vertex -2.632690e-04  1.955022e-03 -0.000000e+00
    endloop
  endfacet
  facet normal  0.000000e+00  0.000000e+00  0.000000e+00
    outer loop
      vertex  1.050279e-03  1.929959e-03  0.000000e+00
      vertex  1.050279e-03  1.929959e-03 -0.000000e+00
      vertex -2.632690e-04  1.955022e-03 -0.000000e+00
    endloop
  endfacet
  facet normal  0.000000e+00 -0.000000e+00 -1.000000e+00
    outer loop
      vertex  1.052184e-03  2.029941e-03  0.000000e+00
      vertex  2.365776e-03  2.004878e-03  0.000000e+00
      vertex  1.050279e-03  1.929959e-03  0.000000e+00
    endloop
  endfacet
  facet normal  0.000000e+00  0.000000e+00 -1.000000e+00
    outer loop
      vertex  2.365776e-03  2.004878e-03  0.000000e+00
      vertex  2.363865e-03  1.904896e-03  0.000000e+00
      vertex  1.050279e-03  1.929959e-03  0.000000e+00
    endloop
  endfacet
  facet normal  0.000000e+00  0.000000e+00  1.000000e+00
    outer loop
      vertex  1.052184e-03  2.029941e-03 -0.000000e+00
      vertex  1.050279e-03  1.929959e-03 -0.000000e+00
      vertex  2.365776e-03  2.004878e-03 -0.000000e+00
    endloop
  endfacet
  facet normal  0.000000e+00  0.000000e+00  1.000000e+00
    outer loop
      vertex  2.365776e-03  2.004878e-03 -0.000000e+00
      vertex  1.050279e-03  1.929959e-03 -0.000000e+00
      vertex  2.363865e-03  1.904896e-03 -0.000000e+00
    endloop
  endfacet
  facet normal  0.000000e+00  0.000000e+00  0.000000e+00
    outer loop
      vertex  1.052184e-03  2.029941e-03  0.000000e+00
      vertex  1.052184e-03  2.029941e-03 -0.000000e+00
      vertex  2.365776e-03  2.004878e-03 -0.000000e+00
    endloop
  endfacet
  facet normal  0.000000e+00  0.000000e+00  0.000000e+00
    outer loop
      vertex  1.052184e-03  2.029941e-03  0.000000e+00
      vertex  2.365776e-03  2.004878e-03 -0.000000e+00
      vertex  2.365776e-03  2.004878e-03  0.000000e+00
    endloop
  endfacet
  facet normal  0.000000e+00  0.000000e+00  0.000000e+00
    outer loop
      vertex  1.050279e-03  1.929959e-03  0.000000e+00
      vertex  2.363865e-03  1.904896e-03  0.000000e+00
      vertex  1.050279e-03  1.929959e-03 -0.000000e+00
    endloop
  endfacet
  facet normal  0.000000e+00  0.000000e+00  0.000000e+00
    outer loop
      vertex  2.363865e-03  1.904896e-03  0.000000e+00
      vertex  2.363865e-03  1.904896e-03 -0.000000e+00
      vertex  1.050279e-03  1.929959e-03 -0.000000e+00
    endloop
  endfacet
  facet normal  0.000000e+00 -0.000000e+00 -1.000000e+00
    outer loop
      vertex  2.365776e-03  2.004878e-03  0.000000e+00
      vertex  3.671226e-03  1.979815e-03  0.000000e+00
      vertex  2.363865e-03  1.904896e-03  0.000000e+00
    endloop
  endfacet
  facet normal  0.000000e+00  0.000000e+00 -1.000000e+00
    outer loop
      vertex  3.671226e-03  1.979815e-03  0.000000e+00
      vertex  3.669297e-03  1.879834e-03  0.000000e+00
      vertex  2.363865e-03  1.904896e-03  0.000000e+00
    endloop
  endfacet
  facet normal  0.000000e+00  0.000000e+00  1.000000e+00
    outer loop
      vertex  2.365776e-03  2.004878e-03 -0.000000e+00
      vertex  2.363865e-03  1.904896e-03 -0.000000e+00
      vertex  3.671226e-03  1.979815e-03 -0.000000e+00
    endloop
  endfacet
  facet normal  0.000000e+00  0.000000e+00  1.000000e+00
    outer loop
      vertex  3.671226e-03  1.979815e-03 -0.000000e+00
      vertex  2.363865e-03  1.904896e-03 -0.000000e+00
      vertex  3.669297e-03  1.879834e-03 -0.000000e+00
    endloop
  endfacet
  facet normal  0.000000e+00  0.000000e+00  0.000000e+00
    outer loop
      vertex  2.365776e-03  2.004878e-03  0.000000e+00
      vertex  2.365776e-03  2.004878e-03 -0.000000e+00
      vertex  3.671226e-03  1.979815e-03 -0.000000e+00
    endloop
  endfacet
  facet normal  0.000000e+00  0.000000e+00  0.000000e+00
    outer loop
      vertex  2.365776e-03  2.004878e-03  0.000000e+00
      vertex  3.671226e-03  1.979815e-03 -0.000000e+00
      vertex  3.671226e-03  1.979815e-03  0.000000e+00
    endloop
  endfacet
  facet normal  0.000000e+00  0.000000e+00  0.000000e+00
    outer loop
      vertex  2.363865e-03  1.904896e-03  0.000000e+00
      vertex  3.669297e-03  1.879834e-03  0.000000e+00
      vertex  2.363865e-03  1.904896e-03 -0.000000e+00
    endloop
  endfacet
  facet normal  0.000000e+00  0.000000e+00  0.000000e+00
    outer loop
      vertex  3.669297e-03  1.879834e-03  0.000000e+00
      vertex  3.669297e-03  1.879834e-03 -0.000000e+00
      vertex  2.363865e-03  1.904896e-03 -0.000000e+00
    endloop
  endfacet
  facet normal  0.000000e+00 -0.000000e+00 -1.000000e+00
    outer loop
      vertex  3.671226e-03  1.979815e-03  0.000000e+00
      vertex  4.960353e-03  1.954752e-03  0.000000e+00
      vertex  3.669297e-03  1.879834e-03  0.000000e+00
    endloop
  endfacet
  facet normal  0.000000e+00  0.000000e+00 -1.000000e+00
    outer loop
      vertex  4.960353e-03  1.954752e-03  0.000000e+00
      vertex  4.958393e-03  1.854772e-03  0.000000e+00
      vertex  3.669297e-03  1.879834e-03  0.000000e+00
    endloop
  endfacet
  facet normal  0.000000e+00  0.000000e+00  1.000000e+00
    outer loop
      vertex  3.671226e-03  1.979815e-03 -0.000000e+00
      vertex  3.669297e-03  1.879834e-03 -0.000000e+00
      vertex  4.960353e-03  1.954752e-03 -0.000000e+00
    endloop
  endfacet
  facet normal  0.000000e+00  0.000000e+00  1.000000e+00
    outer loop
      vertex  4.960353e-03  1.954752e-03 -0.000000e+00
      vertex  3.669297e-03  1.879834e-03 -0.000000e+00
      vertex  4.958393e-03  1.854772e-03 -0.000000e+00
    endloop
  endfacet
  facet normal  0.000000e+00  0.000000e+00  0.000000e+00
    outer loop
      vertex  3.671226e-03  1.979815e-03  0.000000e+00
      vertex  3.671226e-03  1.979815e-03 -0.000000e+00
      vertex  4.960353e-03  1.954752e-03 -0.000000e+00
    endloop
  endfacet
  facet normal  0.000000e+00  0.000000e+00  0.000000e+00
    outer loop
      vertex  3.671226e-03  1.979815e-03  0.000000e+00
      vertex  4.960353e-03  1.954752e-03 -0.000000e+00
      vertex  4.960353e-03  1.954752e-03  0.000000e+00
    endloop
  endfacet
  facet normal  0.000000e+00  0.000000e+00  0.000000e+00
    outer loop
      vertex  3.669297e-03  1.879834e-03  0.000000e+00
      vertex  4.958393e-03  1.854772e-03  0.000000e+00
      vertex  3.669297e-03  1.879834e-03 -0.000000e+00
    endloop
  endfacet
  facet normal  0.000000e+00  0.000000e+00  0.000000e+00
    outer loop
      vertex  4.958393e-03  1.854772e-03  0.000000e+00
      vertex  4.958393e-03  1.854772e-03 -0.000000e+00
      vertex  3.669297e-03  1.879834e-03 -0.000000e+00
    endloop
  endfacet
  facet normal  0.000000e+00 -0.000000e+00 -1.000000e+00
    outer loop
      vertex  4.960353e-03  1.954752e-03  0.000000e+00
      vertex  6.225036e-03  1.929689e-03  0.000000e+00
      vertex  4.958393e-03  1.854772e-03  0.000000e+00
    endloop
  endfacet
  facet normal  0.000000e+00  0.000000e+00 -1.000000e+00
    outer loop
      vertex  6.225036e-03  1.929689e-03  0.000000e+00
      vertex  6.223031e-03  1.829709e-03  0.000000e+00
      vertex  4.958393e-03  1.854772e-03  0.000000e+00
    endloop
  endfacet
  facet normal  0.000000e+00  0.000000e+00  1.000000e+00
    outer loop
      vertex  4.960353e-03  1.954752e-03 -0.000000e+00
      vertex  4.958393e-03  1.854772e-03 -0.000000e+00
      vertex  6.225036e-03  1.929689e-03 -0.000000e+00
    endloop
  endfacet
  facet normal  0.000000e+00  0.000000e+00  1.000000e+00
    outer loop
      vertex  6.225036e-03  1.929689e-03 -0.000000e+00
      vertex  4.958393e-03  1.854772e-03 -0.000000e+00
      vertex  6.223031e-03  1.829709e-03 -0.000000e+00
    endloop
  endfacet
  facet normal  0.000000e+00  0.000000e+00  0.000000e+00
    outer loop
      vertex  4.960353e-03  1.954752e-03  0.000000e+00
      vertex  4.960353e-03  1.954752e-03 -0.000000e+00
      vertex  6.225036e-03  1.929689e-03 -0.000000e+00
    endloop
  endfacet
  facet normal  0.000000e+00  0.000000e+00  0.000000e+00
    outer loop
      vertex  4.960353e-03  1.954752e-03  0.000000e+00
      vertex  6.225036e-03  1.929689e-03 -0.000000e+00
      vertex  6.225036e-03  1.929689e-03  0.000000e+00
    endloop
  endfacet
  facet normal  0.000000e+00  0.000000e+00  0.000000e+00
    outer loop
      vertex  4.958393e-03  1.854772e-03  0.000000e+00
      vertex  6.223031e-03  1.829709e-03  0.000000e+00
      vertex  4.958393e-03  1.854772e-03 -0.000000e+00
    endloop
  endfacet
  facet normal  0.000000e+00  0.000000e+00  0.000000e+00
    outer loop
      vertex  6.223031e-03  1.829709e-03  0.000000e+00
      vertex  6.223031e-03  1.829709e-03 -0.000000e+00
      vertex  4.958393e-03  1.854772e-03 -0.000000e+00
    endloop
  endfacet
  facet normal  0.000000e+00 -0.000000e+00 -1.000000e+00
    outer loop
      vertex  6.225036e-03  1.929689e-03  0.000000e+00
      vertex  7.457268e-03  1.904626e-03  0.000000e+00
      vertex  6.223031e-03  1.829709e-03  0.000000e+00
    endloop
  endfacet
  facet normal  0.000000e+00  0.000000e+00 -1.000000e+00
    outer loop
      vertex  7.457268e-03  1.904626e-03  0.000000e+00
      vertex  7.455203e-03  1.804647e-03  0.000000e+00
      vertex  6.223031e-03  1.829709e-03  0.000000e+00
    endloop
  endfacet
  facet normal  0.000000e+00  0.000000e+00  1.000000e+00
    outer loop
      vertex  6.225036e-03  1.929689e-03 -0.000000e+00
      vertex  6.223031e-03  1.829709e-03 -0.000000e+00
      vertex  7.457268e-03  1.904626e-03 -0.000000e+00
    endloop
  endfacet
  facet normal  0.000000e+00  0.000000e+00  1.000000e+00
    outer loop
      vertex  7.457268e-03  1.904626e-03 -0.000000e+00
      vertex  6.223031e-03  1.829709e-03 -0.000000e+00
      vertex  7.455203e-03  1.804647e-03 -0.000000e+00
    endloop
  endfacet
  facet normal  0.000000e+00  0.000000e+00  0.000000e+00
    outer loop
      vertex  6.225036e-03  1.929689e-03  0.000000e+00
      vertex  6.225036e-03  1.929689e-03 -0.000000e+00
      vertex  7.457268e-03  1.904626e-03 -0.000000e+00
    endloop
  endfacet
  facet normal  0.000000e+00  0.000000e+00  0.000000e+00
    outer loop
      vertex  6.225036e-03  1.929689e-03  0.000000e+00
      vertex  7.457268e-03  1.904626e-03 -0.000000e+00
      vertex  7.457268e-03  1.904626e-03  0.000000e+00
    endloop
  endfacet
  facet normal  0.000000e+00  0.000000e+00  0.000000e+00
    outer loop
      vertex  6.223031e-03  1.829709e-03  0.000000e+00
      vertex  7.455203e-03  1.804647e-03  0.000000e+00
      vertex  6.223031e-03  1.829709e-03 -0.000000e+00
    endloop
  endfacet
  facet normal  0.000000e+00  0.000000e+00  0.000000e+00
    outer loop
      vertex  7.455203e-03  1.804647e-03  0.000000e+00
      vertex  7.455203e-03  1.804647e-03 -0.000000e+00
      vertex  6.223031e-03  1.829709e-03 -0.000000e+00
    endloop
  endfacet
  facet normal  0.000000e+00 -0.000000e+00 -1.000000e+00
    outer loop
      vertex  7.457268e-03  1.904626e-03  0.000000e+00
      vertex  8.649207e-03  1.879562e-03  0.000000e+00
      vertex  7.455203e-03  1.804647e-03  0.000000e+00
    endloop
  endfacet
  facet normal  0.000000e+00  0.000000e+00 -1.000000e+00
    outer loop
      vertex  8.649207e-03  1.879562e-03  0.000000e+00
      vertex  8.647063e-03  1.779585e-03  0.000000e+00
      vertex  7.455203e-03  1.804647e-03  0.000000e+00
    endloop
  endfacet
  facet normal  0.000000e+00  0.000000e+00  1.000000e+00
    outer loop
      vertex  7.457268e-03  1.904626e-03 -0.000000e+00
      vertex  7.455203e-03  1.804647e-03 -0.000000e+00
      vertex  8.649207e-03  1.879562e-03 -0.000000e+00
    endloop
  endfacet
  facet normal  0.000000e+00  0.000000e+00  1.000000e+00
    outer loop
      vertex  8.649207e-03  1.879562e-03 -0.000000e+00
      vertex  7.455203e-03  1.804647e-03 -0.000000e+00
      vertex  8.647063e-03  1.779585e-03 -0.000000e+00
    endloop
  endfacet
  facet normal  0.000000e+00  0.000000e+00  0.000000e+00
    outer loop
      vertex  7.457268e-03  1.904626e-03  0.000000e+00
      vertex  7.457268e-03  1.904626e-03 -0.000000e+00
      vertex  8.649207e-03  1.879562e-03 -0.000000e+00
    endloop
  endfacet
  facet normal  0.000000e+00  0.000000e+00  0.000000e+00
    outer loop
      vertex  7.457268e-03  1.904626e-03  0.000000e+00
      vertex  8.649207e-03  1.879562e-03 -0.000000e+00
      vertex  8.649207e-03  1.879562e-03  0.000000e+00
    endloop
  endfacet
  facet normal  0.000000e+00  0.000000e+00  0.000000e+00
    outer loop
      vertex  7.455203e-03  1.804647e-03  0.000000e+00
      vertex  8.647063e-03  1.779585e-03  0.000000e+00
      vertex  7.455203e-03  1.804647e-03 -0.000000e+00
    endloop
  endfacet
  facet normal  0.000000e+00  0.000000e+00  0.000000e+00
    outer loop
      vertex  8.647063e-03  1.779585e-03  0.000000e+00
      vertex  8.647063e-03  1.779585e-03 -0.000000e+00
      vertex  7.455203e-03  1.804647e-03 -0.000000e+00
    endloop
  endfacet
  facet normal  0.000000e+00 -0.000000e+00 -1.000000e+00
    outer loop
      vertex  8.649207e-03  1.879562e-03  0.000000e+00
      vertex  9.793221e-03  1.854499e-03  0.000000e+00
      vertex  8.647063e-03  1.779585e-03  0.000000e+00
    endloop
  endfacet
  facet normal  0.000000e+00  0.000000e+00 -1.000000e+00
    outer loop
      vertex  9.793221e-03  1.854499e-03  0.000000e+00
      vertex  9.790979e-03  1.754524e-03  0.000000e+00
      vertex  8.647063e-03  1.779585e-03  0.000000e+00
    endloop
  endfacet
  facet normal  0.000000e+00  0.000000e+00  1.000000e+00
    outer loop
      vertex  8.649207e-03  1.879562e-03 -0.000000e+00
      vertex  8.647063e-03  1.779585e-03 -0.000000e+00
      vertex  9.793221e-03  1.854499e-03 -0.000000e+00
    endloop
  endfacet
  facet normal  0.000000e+00  0.000000e+00  1.000000e+00
    outer loop
      vertex  9.793221e-03  1.854499e-03 -0.000000e+00
      vertex  8.647063e-03  1.779585e-03 -0.000000e+00
      vertex  9.790979e-03  1.754524e-03 -0.000000e+00
    endloop
  endfacet
  facet normal  0.000000e+00  0.000000e+00  0.000000e+00
    outer loop
      vertex  8.649207e-03  1.879562e-03  0.000000e+00
      vertex  8.649207e-03  1.879562e-03 -0.000000e+00
      vertex  9.793221e-03  1.854499e-03 -0.000000e+00
    endloop
  endfacet
  facet normal  0.000000e+00  0.000000e+00  0.000000e+00
    outer loop
      vertex  8.649207e-03  1.879562e-03  0.000000e+00
      vertex  9.793221e-03  1.854499e-03 -0.000000e+00
      vertex  9.793221e-03  1.854499e-03  0.000000e+00
    endloop
  endfacet
  facet normal  0.000000e+00  0.000000e+00  0.000000e+00
    outer loop
      vertex  8.647063e-03  1.779585e-03  0.000000e+00
      vertex  9.790979e-03  1.754524e-03  0.000000e+00
      vertex  8.647063e-03  1.779585e-03 -0.000000e+00
    endloop
  endfacet
  facet normal  0.000000e+00  0.000000e+00  0.000000e+00
    outer loop
      vertex  9.790979e-03  1.754524e-03  0.000000e+00
      vertex  9.790979e-03  1.754524e-03 -0.000000e+00
      vertex  8.647063e-03  1.779585e-03 -0.000000e+00
    endloop
  endfacet
  facet normal  0.000000e+00 -0.000000e+00 -1.000000e+00
    outer loop
      vertex  9.793221e-03  1.854499e-03  0.000000e+00
      vertex  1.088194e-02  1.829435e-03  0.000000e+00
      vertex  9.790979e-03  1.754524e-03  0.000000e+00
    endloop
  endfacet
  facet normal  0.000000e+00  0.000000e+00 -1.000000e+00
    outer loop
      vertex  1.088194e-02  1.829435e-03  0.000000e+00
      vertex  1.087958e-02  1.729463e-03  0.000000e+00
      vertex  9.790979e-03  1.754524e-03  0.000000e+00
    endloop
  endfacet
  facet normal  0.000000e+00  0.000000e+00  1.000000e+00
    outer loop
      vertex  9.793221e-03  1.854499e-03 -0.000000e+00
      vertex  9.790979e-03  1.754524e-03 -0.000000e+00
      vertex  1.088194e-02  1.829435e-03 -0.000000e+00
    endloop
  endfacet
  facet normal  0.000000e+00  0.000000e+00  1.000000e+00
    outer loop
      vertex  1.088194e-02  1.829435e-03 -0.000000e+00
      vertex  9.790979e-03  1.754524e-03 -0.000000e+00
      vertex  1.087958e-02  1.729463e-03 -0.000000e+00
    endloop
  endfacet
  facet normal  0.000000e+00  0.000000e+00  0.000000e+00
    outer loop
      vertex  9.793221e-03  1.854499e-03  0.000000e+00
      vertex  9.793221e-03  1.854499e-03 -0.000000e+00
      vertex  1.088194e-02  1.829435e-03 -0.000000e+00
    endloop
  endfacet
  facet normal  0.000000e+00  0.000000e+00  0.000000e+00
    outer loop
      vertex  9.793221e-03  1.854499e-03  0.000000e+00
      vertex  1.088194e-02  1.829435e-03 -0.000000e+00
      vertex  1.088194e-02  1.829435e-03  0.000000e+00
    endloop
  endfacet
  facet normal  0.000000e+00  0.000000e+00  0.000000e+00
    outer loop
      vertex  9.790979e-03  1.754524e-03  0.000000e+00
      vertex  1.087958e-02  1.729463e-03  0.000000e+00
      vertex  9.790979e-03  1.754524e-03 -0.000000e+00
    endloop
  endfacet
  facet normal  0.000000e+00  0.000000e+00  0.000000e+00
    outer loop
      vertex  1.087958e-02  1.729463e-03  0.000000e+00
      vertex  1.087958e-02  1.729463e-03 -0.000000e+00
      vertex  9.790979e-03  1.754524e-03 -0.000000e+00
    endloop
  endfacet
  facet normal  0.000000e+00 -0.000000e+00 -1.000000e+00
    outer loop
      vertex  1.088194e-02  1.829435e-03  0.000000e+00
      vertex  1.190832e-02  1.804370e-03  0.000000e+00
      vertex  1.087958e-02  1.729463e-03  0.000000e+00
    endloop
  endfacet
  facet normal  0.000000e+00  0.000000e+00 -1.000000e+00
    outer loop
      vertex  1.190832e-02  1.804370e-03  0.000000e+00
      vertex  1.190579e-02  1.704402e-03  0.000000e+00
      vertex  1.087958e-02  1.729463e-03  0.000000e+00
    endloop
  endfacet
  facet normal  0.000000e+00  0.000000e+00  1.000000e+00
    outer loop
      vertex  1.088194e-02  1.829435e-03 -0.000000e+00
      vertex  1.087958e-02  1.729463e-03 -0.000000e+00
      vertex  1.190832e-02  1.804370e-03 -0.000000e+00
    endloop
  endfacet
  facet normal  0.000000e+00  0.000000e+00  1.000000e+00
    outer loop
      vertex  1.190832e-02  1.804370e-03 -0.000000e+00
      vertex  1.087958e-02  1.729463e-03 -0.000000e+00
      vertex  1.190579e-02  1.704402e-03 -0.000000e+00
    endloop
  endfacet
  facet normal  0.000000e+00  0.000000e+00  0.000000e+00
    outer loop
      vertex  1.088194e-02  1.829435e-03  0.000000e+00
      vertex  1.088194e-02  1.829435e-03 -0.000000e+00
      vertex  1.190832e-02  1.804370e-03 -0.000000e+00
    endloop
  endfacet
  facet normal  0.000000e+00  0.000000e+00  0.000000e+00
    outer loop
      vertex  1.088194e-02  1.829435e-03  0.000000e+00
      vertex  1.190832e-02  1.804370e-03 -0.000000e+00
      vertex  1.190832e-02  1.804370e-03  0.000000e+00
    endloop
  endfacet
  facet normal  0.000000e+00  0.000000e+00  0.000000e+00
    outer loop
      vertex  1.087958e-02  1.729463e-03  0.000000e+00
      vertex  1.190579e-02  1.704402e-03  0.000000e+00
      vertex  1.087958e-02  1.729463e-03 -0.000000e+00
    endloop
  endfacet
  facet normal  0.000000e+00  0.000000e+00  0.000000e+00
    outer loop
      vertex  1.190579e-02  1.704402e-03  0.000000e+00
      vertex  1.190579e-02  1.704402e-03 -0.000000e+00
      vertex  1.087958e-02  1.729463e-03 -0.000000e+00
    endloop
  endfacet
  facet normal  0.000000e+00 -0.000000e+00 -1.000000e+00
    outer loop
      vertex  1.190832e-02  1.804370e-03  0.000000e+00
      vertex  1.286564e-02  1.779305e-03  0.000000e+00
      vertex  1.190579e-02  1.704402e-03  0.000000e+00
    endloop
  endfacet
  facet normal  0.000000e+00  0.000000e+00 -1.000000e+00
    outer loop
      vertex  1.286564e-02  1.779305e-03  0.000000e+00
      vertex  1.286292e-02  1.679342e-03  0.000000e+00
      vertex  1.190579e-02  1.704402e-03  0.000000e+00
    endloop
  endfacet
  facet normal  0.000000e+00  0.000000e+00  1.000000e+00
    outer loop
      vertex  1.190832e-02  1.804370e-03 -0.000000e+00
      vertex  1.190579e-02  1.704402e-03 -0.000000e+00
      vertex  1.286564e-02  1.779305e-03 -0.000000e+00
    endloop
  endfacet
  facet normal  0.000000e+00  0.000000e+00  1.000000e+00
    outer loop
      vertex  1.286564e-02  1.779305e-03 -0.000000e+00
      vertex  1.190579e-02  1.704402e-03 -0.000000e+00
      vertex  1.286292e-02  1.679342e-03 -0.000000e+00
    endloop
  endfacet
  facet normal  0.000000e+00  0.000000e+00  0.000000e+00
    outer loop
      vertex  1.190832e-02  1.804370e-03  0.000000e+00
      vertex  1.190832e-02  1.804370e-03 -0.000000e+00
      vertex  1.286564e-02  1.779305e-03 -0.000000e+00
    endloop
  endfacet
  facet normal  0.000000e+00  0.000000e+00  0.000000e+00
    outer loop
      vertex  1.190832e-02  1.804370e-03  0.000000e+00
      vertex  1.286564e-02  1.779305e-03 -0.000000e+00
      vertex  1.286564e-02  1.779305e-03  0.000000e+00
    endloop
  endfacet
  facet normal  0.000000e+00  0.000000e+00  0.000000e+00
    outer loop
      vertex  1.190579e-02  1.704402e-03  0.000000e+00
      vertex  1.286292e-02  1.679342e-03  0.000000e+00
      vertex  1.190579e-02  1.704402e-03 -0.000000e+00
    endloop
  endfacet
  facet normal  0.000000e+00  0.000000e+00  0.000000e+00
    outer loop
      vertex  1.286292e-02  1.679342e-03  0.000000e+00
      vertex  1.286292e-02  1.679342e-03 -0.000000e+00
      vertex  1.190579e-02  1.704402e-03 -0.000000e+00
    endloop
  endfacet
  facet normal  0.000000e+00 -0.000000e+00 -1.000000e+00
    outer loop
      vertex  1.286564e-02  1.779305e-03  0.000000e+00
      vertex  1.374762e-02  1.754239e-03  0.000000e+00
      vertex  1.286292e-02  1.679342e-03  0.000000e+00
    endloop
  endfacet
  facet normal  0.000000e+00  0.000000e+00 -1.000000e+00
    outer loop
      vertex  1.374762e-02  1.754239e-03  0.000000e+00
      vertex  1.374465e-02  1.654283e-03  0.000000e+00
      vertex  1.286292e-02  1.679342e-03  0.000000e+00
    endloop
  endfacet
  facet normal  0.000000e+00  0.000000e+00  1.000000e+00
    outer loop
      vertex  1.286564e-02  1.779305e-03 -0.000000e+00
      vertex  1.286292e-02  1.679342e-03 -0.000000e+00
      vertex  1.374762e-02  1.754239e-03 -0.000000e+00
    endloop
  endfacet
  facet normal  0.000000e+00  0.000000e+00  1.000000e+00
    outer loop
      vertex  1.374762e-02  1.754239e-03 -0.000000e+00
      vertex  1.286292e-02  1.679342e-03 -0.000000e+00
      vertex  1.374465e-02  1.654283e-03 -0.000000e+00
    endloop
  endfacet
  facet normal  0.000000e+00  0.000000e+00  0.000000e+00
    outer loop
      vertex  1.286564e-02  1.779305e-03  0.000000e+00
      vertex  1.286564e-02  1.779305e-03 -0.000000e+00
      vertex  1.374762e-02  1.754239e-03 -0.000000e+00
    endloop
  endfacet
  facet normal  0.000000e+00  0.000000e+00  0.000000e+00
    outer loop
      vertex  1.286564e-02  1.779305e-03  0.000000e+00
      vertex  1.374762e-02  1.754239e-03 -0.000000e+00
      vertex  1.374762e-02  1.754239e-03  0.000000e+00
    endloop
  endfacet
  facet normal  0.000000e+00  0.000000e+00  0.000000e+00
    outer loop
      vertex  1.286292e-02  1.679342e-03  0.000000e+00
      vertex  1.374465e-02  1.654283e-03  0.000000e+00
      vertex  1.286292e-02  1.679342e-03 -0.000000e+00
    endloop
  endfacet
  facet normal  0.000000e+00  0.000000e+00  0.000000e+00
    outer loop
      vertex  1.374465e-02  1.654283e-03  0.000000e+00
      vertex  1.374465e-02  1.654283e-03 -0.000000e+00
      vertex  1.286292e-02  1.679342e-03 -0.000000e+00
    endloop
  endfacet
  facet normal  0.000000e+00 -0.000000e+00 -1.000000e+00
    outer loop
      vertex  1.374762e-02  1.754239e-03  0.000000e+00
      vertex  1.454840e-02  1.729171e-03  0.000000e+00
      vertex  1.374465e-02  1.654283e-03  0.000000e+00
    endloop
  endfacet
  facet normal  0.000000e+00  0.000000e+00 -1.000000e+00
    outer loop
      vertex  1.454840e-02  1.729171e-03  0.000000e+00
      vertex  1.454509e-02  1.629225e-03  0.000000e+00
      vertex  1.374465e-02  1.654283e-03  0.000000e+00
    endloop
  endfacet
  facet normal  0.000000e+00  0.000000e+00  1.000000e+00
    outer loop
      vertex  1.374762e-02  1.754239e-03 -0.000000e+00
      vertex  1.374465e-02  1.654283e-03 -0.000000e+00
      vertex  1.454840e-02  1.729171e-03 -0.000000e+00
    endloop
  endfacet
  facet normal  0.000000e+00  0.000000e+00  1.000000e+00
    outer loop
      vertex  1.454840e-02  1.729171e-03 -0.000000e+00
      vertex  1.374465e-02  1.654283e-03 -0.000000e+00
      vertex  1.454509e-02  1.629225e-03 -0.000000e+00
    endloop
  endfacet
  facet normal  0.000000e+00  0.000000e+00  0.000000e+00
    outer loop
      vertex  1.374762e-02  1.754239e-03  0.000000e+00
      vertex  1.374762e-02  1.754239e-03 -0.000000e+00
      vertex  1.454840e-02  1.729171e-03 -0.000000e+00
    endloop
  endfacet
  facet normal  0.000000e+00  0.000000e+00  0.000000e+00
    outer loop
      vertex  1.374762e-02  1.754239e-03  0.000000e+00
      vertex  1.454840e-02  1.729171e-03 -0.000000e+00
      vertex  1.454840e-02  1.729171e-03  0.000000e+00
    endloop
  endfacet
  facet normal  0.000000e+00  0.000000e+00  0.000000e+00
    outer loop
      vertex  1.374465e-02  1.654283e-03  0.000000e+00
      vertex  1.454509e-02  1.629225e-03  0.000000e+00
      vertex  1.374465e-02  1.654283e-03 -0.000000e+00
    endloop
  endfacet
  facet normal  0.000000e+00  0.000000e+00  0.000000e+00
    outer loop
      vertex  1.454509e-02  1.629225e-03  0.000000e+00
      vertex  1.454509e-02  1.629225e-03 -0.000000e+00
      vertex  1.374465e-02  1.654283e-03 -0.000000e+00
    endloop
  endfacet
  facet normal  0.000000e+00 -0.000000e+00 -1.000000e+00
    outer loop
      vertex  1.454840e-02  1.729171e-03  0.000000e+00
      vertex  1.526260e-02  1.704100e-03  0.000000e+00
      vertex  1.454509e-02  1.629225e-03  0.000000e+00
    endloop
  endfacet
  facet normal  0.000000e+00  0.000000e+00 -1.000000e+00
    outer loop
      vertex  1.526260e-02  1.704100e-03  0.000000e+00
      vertex  1.525886e-02  1.604170e-03  0.000000e+00
      vertex  1.454509e-02  1.629225e-03  0.000000e+00
    endloop
  endfacet
  facet normal  0.000000e+00  0.000000e+00  1.000000e+00
    outer loop
      vertex  1.454840e-02  1.729171e-03 -0.000000e+00
      vertex  1.454509e-02  1.629225e-03 -0.000000e+00
      vertex  1.526260e-02  1.704100e-03 -0.000000e+00
    endloop
  endfacet
  facet normal  0.000000e+00  0.000000e+00  1.000000e+00
    outer loop
      vertex  1.526260e-02  1.704100e-03 -0.000000e+00
      vertex  1.454509e-02  1.629225e-03 -0.000000e+00
      vertex  1.525886e-02  1.604170e-03 -0.000000e+00
    endloop
  endfacet
  facet normal  0.000000e+00  0.000000e+00  0.000000e+00
    outer loop
      vertex  1.454840e-02  1.729171e-03  0.000000e+00
      vertex  1.454840e-02  1.729171e-03 -0.000000e+00
      vertex  1.526260e-02  1.704100e-03 -0.000000e+00
    endloop
  endfacet
  facet normal  0.000000e+00  0.000000e+00  0.000000e+00
    outer loop
      vertex  1.454840e-02  1.729171e-03  0.000000e+00
      vertex  1.526260e-02  1.704100e-03 -0.000000e+00
      vertex  1.526260e-02  1.704100e-03  0.000000e+00
    endloop
  endfacet
  facet normal  0.000000e+00  0.000000e+00  0.000000e+00
    outer loop
      vertex  1.454509e-02  1.629225e-03  0.000000e+00
      vertex  1.525886e-02  1.604170e-03  0.000000e+00
      vertex  1.454509e-02  1.629225e-03 -0.000000e+00
    endloop
  endfacet
  facet normal  0.000000e+00  0.000000e+00  0.000000e+00
    outer loop
      vertex  1.525886e-02  1.604170e-03  0.000000e+00
      vertex  1.525886e-02  1.604170e-03 -0.000000e+00
      vertex  1.454509e-02  1.629225e-03 -0.000000e+00
    endloop
  endfacet
  facet normal  0.000000e+00 -0.000000e+00 -1.000000e+00
    outer loop
      vertex  1.526260e-02  1.704100e-03  0.000000e+00
      vertex  1.588539e-02  1.679025e-03  0.000000e+00
      vertex  1.525886e-02  1.604170e-03  0.000000e+00
    endloop
  endfacet
  facet normal  0.000000e+00  0.000000e+00 -1.000000e+00
    outer loop
      vertex  1.588539e-02  1.679025e-03  0.000000e+00
      vertex  1.588103e-02  1.579120e-03  0.000000e+00
      vertex  1.525886e-02  1.604170e-03  0.000000e+00
    endloop
  endfacet
  facet normal  0.000000e+00  0.000000e+00  1.000000e+00
    outer loop
      vertex  1.526260e-02  1.704100e-03 -0.000000e+00
      vertex  1.525886e-02  1.604170e-03 -0.000000e+00
      vertex  1.588539e-02  1.679025e-03 -0.000000e+00
    endloop
  endfacet
  facet normal  0.000000e+00  0.000000e+00  1.000000e+00
    outer loop
      vertex  1.588539e-02  1.679025e-03 -0.000000e+00
      vertex  1.525886e-02  1.604170e-03 -0.000000e+00
      vertex  1.588103e-02  1.579120e-03 -0.000000e+00
    endloop
  endfacet
  facet normal  0.000000e+00  0.000000e+00  0.000000e+00
    outer loop
      vertex  1.526260e-02  1.704100e-03  0.000000e+00
      vertex  1.526260e-02  1.704100e-03 -0.000000e+00
      vertex  1.588539e-02  1.679025e-03 -0.000000e+00
    endloop
  endfacet
  facet normal  0.000000e+00  0.000000e+00  0.000000e+00
    outer loop
      vertex  1.526260e-02  1.704100e-03  0.000000e+00
      vertex  1.588539e-02  1.679025e-03 -0.000000e+00
      vertex  1.588539e-02  1.679025e-03  0.000000e+00
    endloop
  endfacet
  facet normal  0.000000e+00  0.000000e+00  0.000000e+00
    outer loop
      vertex  1.525886e-02  1.604170e-03  0.000000e+00
      vertex  1.588103e-02  1.579120e-03  0.000000e+00
      vertex  1.525886e-02  1.604170e-03 -0.000000e+00
    endloop
  endfacet
  facet normal  0.000000e+00  0.000000e+00  0.000000e+00
    outer loop
      vertex  1.588103e-02  1.579120e-03  0.000000e+00
      vertex  1.588103e-02  1.579120e-03 -0.000000e+00
      vertex  1.525886e-02  1.604170e-03 -0.000000e+00
    endloop
  endfacet
  facet normal  0.000000e+00 -0.000000e+00 -1.000000e+00
    outer loop
      vertex  1.588539e-02  1.679025e-03  0.000000e+00
      vertex  1.641249e-02  1.653941e-03  0.000000e+00
      vertex  1.588103e-02  1.579120e-03  0.000000e+00
    endloop
  endfacet
  facet normal  0.000000e+00  0.000000e+00 -1.000000e+00
    outer loop
      vertex  1.641249e-02  1.653941e-03  0.000000e+00
      vertex  1.640724e-02  1.554079e-03  0.000000e+00
      vertex  1.588103e-02  1.579120e-03  0.000000e+00
    endloop
  endfacet
  facet normal  0.000000e+00  0.000000e+00  1.000000e+00
    outer loop
      vertex  1.588539e-02  1.679025e-03 -0.000000e+00
      vertex  1.588103e-02  1.579120e-03 -0.000000e+00
      vertex  1.641249e-02  1.653941e-03 -0.000000e+00
    endloop
  endfacet
  facet normal  0.000000e+00  0.000000e+00  1.000000e+00
    outer loop
      vertex  1.641249e-02  1.653941e-03 -0.000000e+00
      vertex  1.588103e-02  1.579120e-03 -0.000000e+00
      vertex  1.640724e-02  1.554079e-03 -0.000000e+00
    endloop
  endfacet
  facet normal  0.000000e+00  0.000000e+00  0.000000e+00
    outer loop
      vertex  1.588539e-02  1.679025e-03  0.000000e+00
      vertex  1.588539e-02  1.679025e-03 -0.000000e+00
      vertex  1.641249e-02  1.653941e-03 -0.000000e+00
    endloop
  endfacet
  facet normal  0.000000e+00  0.000000e+00  0.000000e+00
    outer loop
      vertex  1.588539e-02  1.679025e-03  0.000000e+00
      vertex  1.641249e-02  1.653941e-03 -0.000000e+00
      vertex  1.641249e-02  1.653941e-03  0.000000e+00
    endloop
  endfacet
  facet normal  0.000000e+00  0.000000e+00  0.000000e+00
    outer loop
      vertex  1.588103e-02  1.579120e-03  0.000000e+00
      vertex  1.640724e-02  1.554079e-03  0.000000e+00
      vertex  1.588103e-02  1.579120e-03 -0.000000e+00
    endloop
  endfacet
  facet normal  0.000000e+00  0.000000e+00  0.000000e+00
    outer loop
      vertex  1.640724e-02  1.554079e-03  0.000000e+00
      vertex  1.640724e-02  1.554079e-03 -0.000000e+00
      vertex  1.588103e-02  1.579120e-03 -0.000000e+00
    endloop
  endfacet
  facet normal  0.000000e+00 -0.000000e+00 -1.000000e+00
    outer loop
      vertex  1.641249e-02  1.653941e-03  0.000000e+00
      vertex  1.684028e-02  1.628837e-03  0.000000e+00
      vertex  1.640724e-02  1.554079e-03  0.000000e+00
    endloop
  endfacet
  facet normal  0.000000e+00  0.000000e+00 -1.000000e+00
    outer loop
      vertex  1.684028e-02  1.628837e-03  0.000000e+00
      vertex  1.683363e-02  1.529058e-03  0.000000e+00
      vertex  1.640724e-02  1.554079e-03  0.000000e+00
    endloop
  endfacet
  facet normal  0.000000e+00  0.000000e+00  1.000000e+00
    outer loop
      vertex  1.641249e-02  1.653941e-03 -0.000000e+00
      vertex  1.640724e-02  1.554079e-03 -0.000000e+00
      vertex  1.684028e-02  1.628837e-03 -0.000000e+00
    endloop
  endfacet
  facet normal  0.000000e+00  0.000000e+00  1.000000e+00
    outer loop
      vertex  1.684028e-02  1.628837e-03 -0.000000e+00
      vertex  1.640724e-02  1.554079e-03 -0.000000e+00
      vertex  1.683363e-02  1.529058e-03 -0.000000e+00
    endloop
  endfacet
  facet normal  0.000000e+00  0.000000e+00  0.000000e+00
    outer loop
      vertex  1.641249e-02  1.653941e-03  0.000000e+00
      vertex  1.641249e-02  1.653941e-03 -0.000000e+00
      vertex  1.684028e-02  1.628837e-03 -0.000000e+00
    endloop
  endfacet
  facet normal  0.000000e+00  0.000000e+00  0.000000e+00
    outer loop
      vertex  1.641249e-02  1.653941e-03  0.000000e+00
      vertex  1.684028e-02  1.628837e-03 -0.000000e+00
      vertex  1.684028e-02  1.628837e-03  0.000000e+00
    endloop
  endfacet
  facet normal  0.000000e+00  0.000000e+00  0.000000e+00
    outer loop
      vertex  1.640724e-02  1.554079e-03  0.000000e+00
      vertex  1.683363e-02  1.529058e-03  0.000000e+00
      vertex  1.640724e-02  1.554079e-03 -0.000000e+00
    endloop
  endfacet
  facet normal  0.000000e+00  0.000000e+00  0.000000e+00
    outer loop
      vertex  1.683363e-02  1.529058e-03  0.000000e+00
      vertex  1.683363e-02  1.529058e-03 -0.000000e+00
      vertex  1.640724e-02  1.554079e-03 -0.000000e+00
    endloop
  endfacet
  facet normal  0.000000e+00 -0.000000e+00 -1.000000e+00
    outer loop
      vertex  1.684028e-02  1.628837e-03  0.000000e+00
      vertex  1.716591e-02  1.603674e-03  0.000000e+00
      vertex  1.683363e-02  1.529058e-03  0.000000e+00
    endloop
  endfacet
  facet normal  0.000000e+00  0.000000e+00 -1.000000e+00
    outer loop
      vertex  1.716591e-02  1.603674e-03  0.000000e+00
      vertex  1.715674e-02  1.504095e-03  0.000000e+00
      vertex  1.683363e-02  1.529058e-03  0.000000e+00
    endloop
  endfacet
  facet normal  0.000000e+00  0.000000e+00  1.000000e+00
    outer loop
      vertex  1.684028e-02  1.628837e-03 -0.000000e+00
      vertex  1.683363e-02  1.529058e-03 -0.000000e+00
      vertex  1.716591e-02  1.603674e-03 -0.000000e+00
    endloop
  endfacet
  facet normal  0.000000e+00  0.000000e+00  1.000000e+00
    outer loop
      vertex  1.716591e-02  1.603674e-03 -0.000000e+00
      vertex  1.683363e-02  1.529058e-03 -0.000000e+00
      vertex  1.715674e-02  1.504095e-03 -0.000000e+00
    endloop
  endfacet
  facet normal  0.000000e+00  0.000000e+00  0.000000e+00
    outer loop
      vertex  1.684028e-02  1.628837e-03  0.000000e+00
      vertex  1.684028e-02  1.628837e-03 -0.000000e+00
      vertex  1.716591e-02  1.603674e-03 -0.000000e+00
    endloop
  endfacet
  facet normal  0.000000e+00  0.000000e+00  0.000000e+00
    outer loop
      vertex  1.684028e-02  1.628837e-03  0.000000e+00
      vertex  1.716591e-02  1.603674e-03 -0.000000e+00
      vertex  1.716591e-02  1.603674e-03  0.000000e+00
    endloop
  endfacet
  facet normal  0.000000e+00  0.000000e+00  0.000000e+00
    outer loop
      vertex  1.683363e-02  1.529058e-03  0.000000e+00
      vertex  1.715674e-02  1.504095e-03  0.000000e+00
      vertex  1.683363e-02  1.529058e-03 -0.000000e+00
    endloop
  endfacet
  facet normal  0.000000e+00  0.000000e+00  0.000000e+00
    outer loop
      vertex  1.715674e-02  1.504095e-03  0.000000e+00
      vertex  1.715674e-02  1.504095e-03 -0.000000e+00
      vertex  1.683363e-02  1.529058e-03 -0.000000e+00
    endloop
  endfacet
  facet normal  0.000000e+00 -0.000000e+00 -1.000000e+00
    outer loop
      vertex  1.716591e-02  1.603674e-03  0.000000e+00
      vertex  1.738794e-02  1.578261e-03  0.000000e+00
      vertex  1.715674e-02  1.504095e-03  0.000000e+00
    endloop
  endfacet
  facet normal  0.000000e+00  0.000000e+00 -1.000000e+00
    outer loop
      vertex  1.738794e-02  1.578261e-03  0.000000e+00
      vertex  1.737300e-02  1.479383e-03  0.000000e+00
      vertex  1.715674e-02  1.504095e-03  0.000000e+00
    endloop
  endfacet
  facet normal  0.000000e+00  0.000000e+00  1.000000e+00
    outer loop
      vertex  1.716591e-02  1.603674e-03 -0.000000e+00
      vertex  1.715674e-02  1.504095e-03 -0.000000e+00
      vertex  1.738794e-02  1.578261e-03 -0.000000e+00
    endloop
  endfacet
  facet normal  0.000000e+00  0.000000e+00  1.000000e+00
    outer loop
      vertex  1.738794e-02  1.578261e-03 -0.000000e+00
      vertex  1.715674e-02  1.504095e-03 -0.000000e+00
      vertex  1.737300e-02  1.479383e-03 -0.000000e+00
    endloop
  endfacet
  facet normal  0.000000e+00  0.000000e+00  0.000000e+00
    outer loop
      vertex  1.716591e-02  1.603674e-03  0.000000e+00
      vertex  1.716591e-02  1.603674e-03 -0.000000e+00
      vertex  1.738794e-02  1.578261e-03 -0.000000e+00
    endloop
  endfacet
  facet normal  0.000000e+00  0.000000e+00  0.000000e+00
    outer loop
      vertex  1.716591e-02  1.603674e-03  0.000000e+00
      vertex  1.738794e-02  1.578261e-03 -0.000000e+00
      vertex  1.738794e-02  1.578261e-03  0.000000e+00
    endloop
  endfacet
  facet normal  0.000000e+00  0.000000e+00  0.000000e+00
    outer loop
      vertex  1.715674e-02  1.504095e-03  0.000000e+00
      vertex  1.737300e-02  1.479383e-03  0.000000e+00
      vertex  1.715674e-02  1.504095e-03 -0.000000e+00
    endloop
  endfacet
  facet normal  0.000000e+00  0.000000e+00  0.000000e+00
    outer loop
      vertex  1.737300e-02  1.479383e-03  0.000000e+00
      vertex  1.737300e-02  1.479383e-03 -0.000000e+00
      vertex  1.715674e-02  1.504095e-03 -0.000000e+00
    endloop
  endfacet
  facet normal  0.000000e+00 -0.000000e+00 -1.000000e+00
    outer loop
      vertex  1.738794e-02  1.578261e-03  0.000000e+00
      vertex  1.751234e-02  1.549662e-03  0.000000e+00
      vertex  1.737300e-02  1.479383e-03  0.000000e+00
    endloop
  endfacet
  facet normal  0.000000e+00  0.000000e+00 -1.000000e+00
    outer loop
      vertex  1.751234e-02  1.549662e-03  0.000000e+00
      vertex  1.747269e-02  1.457857e-03  0.000000e+00
      vertex  1.737300e-02  1.479383e-03  0.000000e+00
    endloop
  endfacet
  facet normal  0.000000e+00  0.000000e+00  1.000000e+00
    outer loop
      vertex  1.738794e-02  1.578261e-03 -0.000000e+00
      vertex  1.737300e-02  1.479383e-03 -0.000000e+00
      vertex  1.751234e-02  1.549662e-03 -0.000000e+00
    endloop
  endfacet
  facet normal  0.000000e+00  0.000000e+00  1.000000e+00
    outer loop
      vertex  1.751234e-02  1.549662e-03 -0.000000e+00
      vertex  1.737300e-02  1.479383e-03 -0.000000e+00
      vertex  1.747269e-02  1.457857e-03 -0.000000e+00
    endloop
  endfacet
  facet normal  0.000000e+00  0.000000e+00  0.000000e+00
    outer loop
      vertex  1.738794e-02  1.578261e-03  0.000000e+00
      vertex  1.738794e-02  1.578261e-03 -0.000000e+00
      vertex  1.751234e-02  1.549662e-03 -0.000000e+00
    endloop
  endfacet
  facet normal  0.000000e+00  0.000000e+00  0.000000e+00
    outer loop
      vertex  1.738794e-02  1.578261e-03  0.000000e+00
      vertex  1.751234e-02  1.549662e-03 -0.000000e+00
      vertex  1.751234e-02  1.549662e-03  0.000000e+00
    endloop
  endfacet
  facet normal  0.000000e+00  0.000000e+00  0.000000e+00
    outer loop
      vertex  1.737300e-02  1.479383e-03  0.000000e+00
      vertex  1.747269e-02  1.457857e-03  0.000000e+00
      vertex  1.737300e-02  1.479383e-03 -0.000000e+00
    endloop
  endfacet
  facet normal  0.000000e+00  0.000000e+00  0.000000e+00
    outer loop
      vertex  1.747269e-02  1.457857e-03  0.000000e+00
      vertex  1.747269e-02  1.457857e-03 -0.000000e+00
      vertex  1.737300e-02  1.479383e-03 -0.000000e+00
    endloop
  endfacet
  facet normal  0.000000e+00 -0.000000e+00 -1.000000e+00
    outer loop
      vertex  1.751234e-02  1.549662e-03  0.000000e+00
      vertex  1.751842e-02  1.433882e-03  0.000000e+00
      vertex  1.747269e-02  1.457857e-03  0.000000e+00
    endloop
  endfacet
  facet normal  0.000000e+00  0.000000e+00  1.000000e+00
    outer loop
      vertex  1.751842e-02  1.433882e-03  0.000000e+00
      vertex  1.747408e-02  1.523512e-03  0.000000e+00
      vertex  1.747269e-02  1.457857e-03  0.000000e+00
    endloop
  endfacet
  facet normal  0.000000e+00  0.000000e+00  1.000000e+00
    outer loop
      vertex  1.751234e-02  1.549662e-03 -0.000000e+00
      vertex  1.747269e-02  1.457857e-03 -0.000000e+00
      vertex  1.751842e-02  1.433882e-03 -0.000000e+00
    endloop
  endfacet
  facet normal  0.000000e+00  0.000000e+00 -1.000000e+00
    outer loop
      vertex  1.751842e-02  1.433882e-03 -0.000000e+00
      vertex  1.747269e-02  1.457857e-03 -0.000000e+00
      vertex  1.747408e-02  1.523512e-03 -0.000000e+00
    endloop
  endfacet
  facet normal  0.000000e+00  0.000000e+00  0.000000e+00
    outer loop
      vertex  1.751234e-02  1.549662e-03  0.000000e+00
      vertex  1.751234e-02  1.549662e-03 -0.000000e+00
      vertex  1.751842e-02  1.433882e-03 -0.000000e+00
    endloop
  endfacet
  facet normal  0.000000e+00  0.000000e+00  0.000000e+00
    outer loop
      vertex  1.751234e-02  1.549662e-03  0.000000e+00
      vertex  1.751842e-02  1.433882e-03 -0.000000e+00
      vertex  1.751842e-02  1.433882e-03  0.000000e+00
    endloop
  endfacet
  facet normal  0.000000e+00  0.000000e+00  0.000000e+00
    outer loop
      vertex  1.747269e-02  1.457857e-03  0.000000e+00
      vertex  1.747408e-02  1.523512e-03  0.000000e+00
      vertex  1.747269e-02  1.457857e-03 -0.000000e+00
    endloop
  endfacet
  facet normal  0.000000e+00  0.000000e+00  0.000000e+00
    outer loop
      vertex  1.747408e-02  1.523512e-03  0.000000e+00
      vertex  1.747408e-02  1.523512e-03 -0.000000e+00
      vertex  1.747269e-02  1.457857e-03 -0.000000e+00
    endloop
  endfacet
  facet normal -0.000000e+00  0.000000e+00 -1.000000e+00
    outer loop
      vertex  1.751842e-02  1.433882e-03  0.000000e+00
      vertex  1.739889e-02  1.404240e-03  0.000000e+00
      vertex  1.747408e-02  1.523512e-03  0.000000e+00
    endloop
  endfacet
  facet normal  0.000000e+00  0.000000e+00 -1.000000e+00
    outer loop
      vertex  1.739889e-02  1.404240e-03  0.000000e+00
      vertex  1.738337e-02  1.503028e-03  0.000000e+00
      vertex  1.747408e-02  1.523512e-03  0.000000e+00
    endloop
  endfacet
  facet normal  0.000000e+00  0.000000e+00  1.000000e+00
    outer loop
      vertex  1.751842e-02  1.433882e-03 -0.000000e+00
      vertex  1.747408e-02  1.523512e-03 -0.000000e+00
      vertex  1.739889e-02  1.404240e-03 -0.000000e+00
    endloop
  endfacet
  facet normal  0.000000e+00 -0.000000e+00  1.000000e+00
    outer loop
      vertex  1.739889e-02  1.404240e-03 -0.000000e+00
      vertex  1.747408e-02  1.523512e-03 -0.000000e+00
      vertex  1.738337e-02  1.503028e-03 -0.000000e+00
    endloop
  endfacet
  facet normal  0.000000e+00  0.000000e+00  0.000000e+00
    outer loop
      vertex  1.751842e-02  1.433882e-03  0.000000e+00
      vertex  1.751842e-02  1.433882e-03 -0.000000e+00
      vertex  1.739889e-02  1.404240e-03 -0.000000e+00
    endloop
  endfacet
  facet normal  0.000000e+00  0.000000e+00  0.000000e+00
    outer loop
      vertex  1.751842e-02  1.433882e-03  0.000000e+00
      vertex  1.739889e-02  1.404240e-03 -0.000000e+00
      vertex  1.739889e-02  1.404240e-03  0.000000e+00
    endloop
  endfacet
  facet normal  0.000000e+00  0.000000e+00  0.000000e+00
    outer loop
      vertex  1.747408e-02  1.523512e-03  0.000000e+00
      vertex  1.738337e-02  1.503028e-03  0.000000e+00
      vertex  1.747408e-02  1.523512e-03 -0.000000e+00
    endloop
  endfacet
  facet normal  0.000000e+00  0.000000e+00  0.000000e+00
    outer loop
      vertex  1.738337e-02  1.503028e-03  0.000000e+00
      vertex  1.738337e-02  1.503028e-03 -0.000000e+00
      vertex  1.747408e-02  1.523512e-03 -0.000000e+00
    endloop
  endfacet
  facet normal -0.000000e+00  0.000000e+00 -1.000000e+00
    outer loop
      vertex  1.739889e-02  1.404240e-03  0.000000e+00
      vertex  1.718196e-02  1.378789e-03  0.000000e+00
      vertex  1.738337e-02  1.503028e-03  0.000000e+00
    endloop
  endfacet
  facet normal  0.000000e+00  0.000000e+00 -1.000000e+00
    outer loop
      vertex  1.718196e-02  1.378789e-03  0.000000e+00
      vertex  1.717265e-02  1.478354e-03  0.000000e+00
      vertex  1.738337e-02  1.503028e-03  0.000000e+00
    endloop
  endfacet
  facet normal  0.000000e+00  0.000000e+00  1.000000e+00
    outer loop
      vertex  1.739889e-02  1.404240e-03 -0.000000e+00
      vertex  1.738337e-02  1.503028e-03 -0.000000e+00
      vertex  1.718196e-02  1.378789e-03 -0.000000e+00
    endloop
  endfacet
  facet normal  0.000000e+00 -0.000000e+00  1.000000e+00
    outer loop
      vertex  1.718196e-02  1.378789e-03 -0.000000e+00
      vertex  1.738337e-02  1.503028e-03 -0.000000e+00
      vertex  1.717265e-02  1.478354e-03 -0.000000e+00
    endloop
  endfacet
  facet normal  0.000000e+00  0.000000e+00  0.000000e+00
    outer loop
      vertex  1.739889e-02  1.404240e-03  0.000000e+00
      vertex  1.739889e-02  1.404240e-03 -0.000000e+00
      vertex  1.718196e-02  1.378789e-03 -0.000000e+00
    endloop
  endfacet
  facet normal  0.000000e+00  0.000000e+00  0.000000e+00
    outer loop
      vertex  1.739889e-02  1.404240e-03  0.000000e+00
      vertex  1.718196e-02  1.378789e-03 -0.000000e+00
      vertex  1.718196e-02  1.378789e-03  0.000000e+00
    endloop
  endfacet
  facet normal  0.000000e+00  0.000000e+00  0.000000e+00
    outer loop
      vertex  1.738337e-02  1.503028e-03  0.000000e+00
      vertex  1.717265e-02  1.478354e-03  0.000000e+00
      vertex  1.738337e-02  1.503028e-03 -0.000000e+00
    endloop
  endfacet
  facet normal  0.000000e+00  0.000000e+00  0.000000e+00
    outer loop
      vertex  1.717265e-02  1.478354e-03  0.000000e+00
      vertex  1.717265e-02  1.478354e-03 -0.000000e+00
      vertex  1.738337e-02  1.503028e-03 -0.000000e+00
    endloop
  endfacet
  facet normal -0.000000e+00  0.000000e+00 -1.000000e+00
    outer loop
      vertex  1.718196e-02  1.378789e-03  0.000000e+00
      vertex  1.685891e-02  1.353620e-03  0.000000e+00
      vertex  1.717265e-02  1.478354e-03  0.000000e+00
    endloop
  endfacet
  facet normal  0.000000e+00  0.000000e+00 -1.000000e+00
    outer loop
      vertex  1.685891e-02  1.353620e-03  0.000000e+00
      vertex  1.685224e-02  1.453398e-03  0.000000e+00
      vertex  1.717265e-02  1.478354e-03  0.000000e+00
    endloop
  endfacet
  facet normal  0.000000e+00  0.000000e+00  1.000000e+00
    outer loop
      vertex  1.718196e-02  1.378789e-03 -0.000000e+00
      vertex  1.717265e-02  1.478354e-03 -0.000000e+00
      vertex  1.685891e-02  1.353620e-03 -0.000000e+00
    endloop
  endfacet
  facet normal  0.000000e+00 -0.000000e+00  1.000000e+00
    outer loop
      vertex  1.685891e-02  1.353620e-03 -0.000000e+00
      vertex  1.717265e-02  1.478354e-03 -0.000000e+00
      vertex  1.685224e-02  1.453398e-03 -0.000000e+00
    endloop
  endfacet
  facet normal  0.000000e+00  0.000000e+00  0.000000e+00
    outer loop
      vertex  1.718196e-02  1.378789e-03  0.000000e+00
      vertex  1.718196e-02  1.378789e-03 -0.000000e+00
      vertex  1.685891e-02  1.353620e-03 -0.000000e+00
    endloop
  endfacet
  facet normal  0.000000e+00  0.000000e+00  0.000000e+00
    outer loop
      vertex  1.718196e-02  1.378789e-03  0.000000e+00
      vertex  1.685891e-02  1.353620e-03 -0.000000e+00
      vertex  1.685891e-02  1.353620e-03  0.000000e+00
    endloop
  endfacet
  facet normal  0.000000e+00  0.000000e+00  0.000000e+00
    outer loop
      vertex  1.717265e-02  1.478354e-03  0.000000e+00
      vertex  1.685224e-02  1.453398e-03  0.000000e+00
      vertex  1.717265e-02  1.478354e-03 -0.000000e+00
    endloop
  endfacet
  facet normal  0.000000e+00  0.000000e+00  0.000000e+00
    outer loop
      vertex  1.685224e-02  1.453398e-03  0.000000e+00
      vertex  1.685224e-02  1.453398e-03 -0.000000e+00
      vertex  1.717265e-02  1.478354e-03 -0.000000e+00
    endloop
  endfacet
  facet normal -0.000000e+00  0.000000e+00 -1.000000e+00
    outer loop
      vertex  1.685891e-02  1.353620e-03  0.000000e+00
      vertex  1.643005e-02  1.328514e-03  0.000000e+00
      vertex  1.685224e-02  1.453398e-03  0.000000e+00
    endloop
  endfacet
  facet normal  0.000000e+00  0.000000e+00 -1.000000e+00
    outer loop
      vertex  1.643005e-02  1.328514e-03  0.000000e+00
      vertex  1.642484e-02  1.428378e-03  0.000000e+00
      vertex  1.685224e-02  1.453398e-03  0.000000e+00
    endloop
  endfacet
  facet normal  0.000000e+00  0.000000e+00  1.000000e+00
    outer loop
      vertex  1.685891e-02  1.353620e-03 -0.000000e+00
      vertex  1.685224e-02  1.453398e-03 -0.000000e+00
      vertex  1.643005e-02  1.328514e-03 -0.000000e+00
    endloop
  endfacet
  facet normal  0.000000e+00 -0.000000e+00  1.000000e+00
    outer loop
      vertex  1.643005e-02  1.328514e-03 -0.000000e+00
      vertex  1.685224e-02  1.453398e-03 -0.000000e+00
      vertex  1.642484e-02  1.428378e-03 -0.000000e+00
    endloop
  endfacet
  facet normal  0.000000e+00  0.000000e+00  0.000000e+00
    outer loop
      vertex  1.685891e-02  1.353620e-03  0.000000e+00
      vertex  1.685891e-02  1.353620e-03 -0.000000e+00
      vertex  1.643005e-02  1.328514e-03 -0.000000e+00
    endloop
  endfacet
  facet normal  0.000000e+00  0.000000e+00  0.000000e+00
    outer loop
      vertex  1.685891e-02  1.353620e-03  0.000000e+00
      vertex  1.643005e-02  1.328514e-03 -0.000000e+00
      vertex  1.643005e-02  1.328514e-03  0.000000e+00
    endloop
  endfacet
  facet normal  0.000000e+00  0.000000e+00  0.000000e+00
    outer loop
      vertex  1.685224e-02  1.453398e-03  0.000000e+00
      vertex  1.642484e-02  1.428378e-03  0.000000e+00
      vertex  1.685224e-02  1.453398e-03 -0.000000e+00
    endloop
  endfacet
  facet normal  0.000000e+00  0.000000e+00  0.000000e+00
    outer loop
      vertex  1.642484e-02  1.428378e-03  0.000000e+00
      vertex  1.642484e-02  1.428378e-03 -0.000000e+00
      vertex  1.685224e-02  1.453398e-03 -0.000000e+00
    endloop
  endfacet
  facet normal -0.000000e+00  0.000000e+00 -1.000000e+00
    outer loop
      vertex  1.643005e-02  1.328514e-03  0.000000e+00
      vertex  1.589722e-02  1.303430e-03  0.000000e+00
      vertex  1.642484e-02  1.428378e-03  0.000000e+00
    endloop
  endfacet
  facet normal  0.000000e+00  0.000000e+00 -1.000000e+00
    outer loop
      vertex  1.589722e-02  1.303430e-03  0.000000e+00
      vertex  1.589293e-02  1.403337e-03  0.000000e+00
      vertex  1.642484e-02  1.428378e-03  0.000000e+00
    endloop
  endfacet
  facet normal  0.000000e+00  0.000000e+00  1.000000e+00
    outer loop
      vertex  1.643005e-02  1.328514e-03 -0.000000e+00
      vertex  1.642484e-02  1.428378e-03 -0.000000e+00
      vertex  1.589722e-02  1.303430e-03 -0.000000e+00
    endloop
  endfacet
  facet normal  0.000000e+00 -0.000000e+00  1.000000e+00
    outer loop
      vertex  1.589722e-02  1.303430e-03 -0.000000e+00
      vertex  1.642484e-02  1.428378e-03 -0.000000e+00
      vertex  1.589293e-02  1.403337e-03 -0.000000e+00
    endloop
  endfacet
  facet normal  0.000000e+00  0.000000e+00  0.000000e+00
    outer loop
      vertex  1.643005e-02  1.328514e-03  0.000000e+00
      vertex  1.643005e-02  1.328514e-03 -0.000000e+00
      vertex  1.589722e-02  1.303430e-03 -0.000000e+00
    endloop
  endfacet
  facet normal  0.000000e+00  0.000000e+00  0.000000e+00
    outer loop
      vertex  1.643005e-02  1.328514e-03  0.000000e+00
      vertex  1.589722e-02  1.303430e-03 -0.000000e+00
      vertex  1.589722e-02  1.303430e-03  0.000000e+00
    endloop
  endfacet
  facet normal  0.000000e+00  0.000000e+00  0.000000e+00
    outer loop
      vertex  1.642484e-02  1.428378e-03  0.000000e+00
      vertex  1.589293e-02  1.403337e-03  0.000000e+00
      vertex  1.642484e-02  1.428378e-03 -0.000000e+00
    endloop
  endfacet
  facet normal  0.000000e+00  0.000000e+00  0.000000e+00
    outer loop
      vertex  1.589293e-02  1.403337e-03  0.000000e+00
      vertex  1.589293e-02  1.403337e-03 -0.000000e+00
      vertex  1.642484e-02  1.428378e-03 -0.000000e+00
    endloop
  endfacet
  facet normal -0.000000e+00  0.000000e+00 -1.000000e+00
    outer loop
      vertex  1.589722e-02  1.303430e-03  0.000000e+00
      vertex  1.526313e-02  1.278354e-03  0.000000e+00
      vertex  1.589293e-02  1.403337e-03  0.000000e+00
    endloop
  endfacet
  facet normal  0.000000e+00  0.000000e+00 -1.000000e+00
    outer loop
      vertex  1.526313e-02  1.278354e-03  0.000000e+00
      vertex  1.525946e-02  1.378287e-03  0.000000e+00
      vertex  1.589293e-02  1.403337e-03  0.000000e+00
    endloop
  endfacet
  facet normal  0.000000e+00  0.000000e+00  1.000000e+00
    outer loop
      vertex  1.589722e-02  1.303430e-03 -0.000000e+00
      vertex  1.589293e-02  1.403337e-03 -0.000000e+00
      vertex  1.526313e-02  1.278354e-03 -0.000000e+00
    endloop
  endfacet
  facet normal  0.000000e+00 -0.000000e+00  1.000000e+00
    outer loop
      vertex  1.526313e-02  1.278354e-03 -0.000000e+00
      vertex  1.589293e-02  1.403337e-03 -0.000000e+00
      vertex  1.525946e-02  1.378287e-03 -0.000000e+00
    endloop
  endfacet
  facet normal  0.000000e+00  0.000000e+00  0.000000e+00
    outer loop
      vertex  1.589722e-02  1.303430e-03  0.000000e+00
      vertex  1.589722e-02  1.303430e-03 -0.000000e+00
      vertex  1.526313e-02  1.278354e-03 -0.000000e+00
    endloop
  endfacet
  facet normal  0.000000e+00  0.000000e+00  0.000000e+00
    outer loop
      vertex  1.589722e-02  1.303430e-03  0.000000e+00
      vertex  1.526313e-02  1.278354e-03 -0.000000e+00
      vertex  1.526313e-02  1.278354e-03  0.000000e+00
    endloop
  endfacet
  facet normal  0.000000e+00  0.000000e+00  0.000000e+00
    outer loop
      vertex  1.589293e-02  1.403337e-03  0.000000e+00
      vertex  1.525946e-02  1.378287e-03  0.000000e+00
      vertex  1.589293e-02  1.403337e-03 -0.000000e+00
    endloop
  endfacet
  facet normal  0.000000e+00  0.000000e+00  0.000000e+00
    outer loop
      vertex  1.525946e-02  1.378287e-03  0.000000e+00
      vertex  1.525946e-02  1.378287e-03 -0.000000e+00
      vertex  1.589293e-02  1.403337e-03 -0.000000e+00
    endloop
  endfacet
  facet normal -0.000000e+00  0.000000e+00 -1.000000e+00
    outer loop
      vertex  1.526313e-02  1.278354e-03  0.000000e+00
      vertex  1.453119e-02  1.253284e-03  0.000000e+00
      vertex  1.525946e-02  1.378287e-03  0.000000e+00
    endloop
  endfacet
  facet normal  0.000000e+00  0.000000e+00 -1.000000e+00
    outer loop
      vertex  1.453119e-02  1.253284e-03  0.000000e+00
      vertex  1.452797e-02  1.353232e-03  0.000000e+00
      vertex  1.525946e-02  1.378287e-03  0.000000e+00
    endloop
  endfacet
  facet normal  0.000000e+00  0.000000e+00  1.000000e+00
    outer loop
      vertex  1.526313e-02  1.278354e-03 -0.000000e+00
      vertex  1.525946e-02  1.378287e-03 -0.000000e+00
      vertex  1.453119e-02  1.253284e-03 -0.000000e+00
    endloop
  endfacet
  facet normal  0.000000e+00 -0.000000e+00  1.000000e+00
    outer loop
      vertex  1.453119e-02  1.253284e-03 -0.000000e+00
      vertex  1.525946e-02  1.378287e-03 -0.000000e+00
      vertex  1.452797e-02  1.353232e-03 -0.000000e+00
    endloop
  endfacet
  facet normal  0.000000e+00  0.000000e+00  0.000000e+00
    outer loop
      vertex  1.526313e-02  1.278354e-03  0.000000e+00
      vertex  1.526313e-02  1.278354e-03 -0.000000e+00
      vertex  1.453119e-02  1.253284e-03 -0.000000e+00
    endloop
  endfacet
  facet normal  0.000000e+00  0.000000e+00  0.000000e+00
    outer loop
      vertex  1.526313e-02  1.278354e-03  0.000000e+00
      vertex  1.453119e-02  1.253284e-03 -0.000000e+00
      vertex  1.453119e-02  1.253284e-03  0.000000e+00
    endloop
  endfacet
  facet normal  0.000000e+00  0.000000e+00  0.000000e+00
    outer loop
      vertex  1.525946e-02  1.378287e-03  0.000000e+00
      vertex  1.452797e-02  1.353232e-03  0.000000e+00
      vertex  1.525946e-02  1.378287e-03 -0.000000e+00
    endloop
  endfacet
  facet normal  0.000000e+00  0.000000e+00  0.000000e+00
    outer loop
      vertex  1.452797e-02  1.353232e-03  0.000000e+00
      vertex  1.452797e-02  1.353232e-03 -0.000000e+00
      vertex  1.525946e-02  1.378287e-03 -0.000000e+00
    endloop
  endfacet
  facet normal -0.000000e+00  0.000000e+00 -1.000000e+00
    outer loop
      vertex  1.453119e-02  1.253284e-03  0.000000e+00
      vertex  1.370546e-02  1.228216e-03  0.000000e+00
      vertex  1.452797e-02  1.353232e-03  0.000000e+00
    endloop
  endfacet
  facet normal  0.000000e+00  0.000000e+00 -1.000000e+00
    outer loop
      vertex  1.370546e-02  1.228216e-03  0.000000e+00
      vertex  1.370259e-02  1.328175e-03  0.000000e+00
      vertex  1.452797e-02  1.353232e-03  0.000000e+00
    endloop
  endfacet
  facet normal  0.000000e+00  0.000000e+00  1.000000e+00
    outer loop
      vertex  1.453119e-02  1.253284e-03 -0.000000e+00
      vertex  1.452797e-02  1.353232e-03 -0.000000e+00
      vertex  1.370546e-02  1.228216e-03 -0.000000e+00
    endloop
  endfacet
  facet normal  0.000000e+00 -0.000000e+00  1.000000e+00
    outer loop
      vertex  1.370546e-02  1.228216e-03 -0.000000e+00
      vertex  1.452797e-02  1.353232e-03 -0.000000e+00
      vertex  1.370259e-02  1.328175e-03 -0.000000e+00
    endloop
  endfacet
  facet normal  0.000000e+00  0.000000e+00  0.000000e+00
    outer loop
      vertex  1.453119e-02  1.253284e-03  0.000000e+00
      vertex  1.453119e-02  1.253284e-03 -0.000000e+00
      vertex  1.370546e-02  1.228216e-03 -0.000000e+00
    endloop
  endfacet
  facet normal  0.000000e+00  0.000000e+00  0.000000e+00
    outer loop
      vertex  1.453119e-02  1.253284e-03  0.000000e+00
      vertex  1.370546e-02  1.228216e-03 -0.000000e+00
      vertex  1.370546e-02  1.228216e-03  0.000000e+00
    endloop
  endfacet
  facet normal  0.000000e+00  0.000000e+00  0.000000e+00
    outer loop
      vertex  1.452797e-02  1.353232e-03  0.000000e+00
      vertex  1.370259e-02  1.328175e-03  0.000000e+00
      vertex  1.452797e-02  1.353232e-03 -0.000000e+00
    endloop
  endfacet
  facet normal  0.000000e+00  0.000000e+00  0.000000e+00
    outer loop
      vertex  1.370259e-02  1.328175e-03  0.000000e+00
      vertex  1.370259e-02  1.328175e-03 -0.000000e+00
      vertex  1.452797e-02  1.353232e-03 -0.000000e+00
    endloop
  endfacet
  facet normal -0.000000e+00  0.000000e+00 -1.000000e+00
    outer loop
      vertex  1.370546e-02  1.228216e-03  0.000000e+00
      vertex  1.279065e-02  1.203150e-03  0.000000e+00
      vertex  1.370259e-02  1.328175e-03  0.000000e+00
    endloop
  endfacet
  facet normal  0.000000e+00  0.000000e+00 -1.000000e+00
    outer loop
      vertex  1.279065e-02  1.203150e-03  0.000000e+00
      vertex  1.278803e-02  1.303116e-03  0.000000e+00
      vertex  1.370259e-02  1.328175e-03  0.000000e+00
    endloop
  endfacet
  facet normal  0.000000e+00  0.000000e+00  1.000000e+00
    outer loop
      vertex  1.370546e-02  1.228216e-03 -0.000000e+00
      vertex  1.370259e-02  1.328175e-03 -0.000000e+00
      vertex  1.279065e-02  1.203150e-03 -0.000000e+00
    endloop
  endfacet
  facet normal  0.000000e+00 -0.000000e+00  1.000000e+00
    outer loop
      vertex  1.279065e-02  1.203150e-03 -0.000000e+00
      vertex  1.370259e-02  1.328175e-03 -0.000000e+00
      vertex  1.278803e-02  1.303116e-03 -0.000000e+00
    endloop
  endfacet
  facet normal  0.000000e+00  0.000000e+00  0.000000e+00
    outer loop
      vertex  1.370546e-02  1.228216e-03  0.000000e+00
      vertex  1.370546e-02  1.228216e-03 -0.000000e+00
      vertex  1.279065e-02  1.203150e-03 -0.000000e+00
    endloop
  endfacet
  facet normal  0.000000e+00  0.000000e+00  0.000000e+00
    outer loop
      vertex  1.370546e-02  1.228216e-03  0.000000e+00
      vertex  1.279065e-02  1.203150e-03 -0.000000e+00
      vertex  1.279065e-02  1.203150e-03  0.000000e+00
    endloop
  endfacet
  facet normal  0.000000e+00  0.000000e+00  0.000000e+00
    outer loop
      vertex  1.370259e-02  1.328175e-03  0.000000e+00
      vertex  1.278803e-02  1.303116e-03  0.000000e+00
      vertex  1.370259e-02  1.328175e-03 -0.000000e+00
    endloop
  endfacet
  facet normal  0.000000e+00  0.000000e+00  0.000000e+00
    outer loop
      vertex  1.278803e-02  1.303116e-03  0.000000e+00
      vertex  1.278803e-02  1.303116e-03 -0.000000e+00
      vertex  1.370259e-02  1.328175e-03 -0.000000e+00
    endloop
  endfacet
  facet normal -0.000000e+00  0.000000e+00 -1.000000e+00
    outer loop
      vertex  1.279065e-02  1.203150e-03  0.000000e+00
      vertex  1.179202e-02  1.178085e-03  0.000000e+00
      vertex  1.278803e-02  1.303116e-03  0.000000e+00
    endloop
  endfacet
  facet normal  0.000000e+00  0.000000e+00 -1.000000e+00
    outer loop
      vertex  1.179202e-02  1.178085e-03  0.000000e+00
      vertex  1.178960e-02  1.278056e-03  0.000000e+00
      vertex  1.278803e-02  1.303116e-03  0.000000e+00
    endloop
  endfacet
  facet normal  0.000000e+00  0.000000e+00  1.000000e+00
    outer loop
      vertex  1.279065e-02  1.203150e-03 -0.000000e+00
      vertex  1.278803e-02  1.303116e-03 -0.000000e+00
      vertex  1.179202e-02  1.178085e-03 -0.000000e+00
    endloop
  endfacet
  facet normal  0.000000e+00 -0.000000e+00  1.000000e+00
    outer loop
      vertex  1.179202e-02  1.178085e-03 -0.000000e+00
      vertex  1.278803e-02  1.303116e-03 -0.000000e+00
      vertex  1.178960e-02  1.278056e-03 -0.000000e+00
    endloop
  endfacet
  facet normal  0.000000e+00  0.000000e+00  0.000000e+00
    outer loop
      vertex  1.279065e-02  1.203150e-03  0.000000e+00
      vertex  1.279065e-02  1.203150e-03 -0.000000e+00
      vertex  1.179202e-02  1.178085e-03 -0.000000e+00
    endloop
  endfacet
  facet normal  0.000000e+00  0.000000e+00  0.000000e+00
    outer loop
      vertex  1.279065e-02  1.203150e-03  0.000000e+00
      vertex  1.179202e-02  1.178085e-03 -0.000000e+00
      vertex  1.179202e-02  1.178085e-03  0.000000e+00
    endloop
  endfacet
  facet normal  0.000000e+00  0.000000e+00  0.000000e+00
    outer loop
      vertex  1.278803e-02  1.303116e-03  0.000000e+00
      vertex  1.178960e-02  1.278056e-03  0.000000e+00
      vertex  1.278803e-02  1.303116e-03 -0.000000e+00
    endloop
  endfacet
  facet normal  0.000000e+00  0.000000e+00  0.000000e+00
    outer loop
      vertex  1.178960e-02  1.278056e-03  0.000000e+00
      vertex  1.178960e-02  1.278056e-03 -0.000000e+00
      vertex  1.278803e-02  1.303116e-03 -0.000000e+00
    endloop
  endfacet
  facet normal -0.000000e+00  0.000000e+00 -1.000000e+00
    outer loop
      vertex  1.179202e-02  1.178085e-03  0.000000e+00
      vertex  1.071539e-02  1.153020e-03  0.000000e+00
      vertex  1.178960e-02  1.278056e-03  0.000000e+00
    endloop
  endfacet
  facet normal  0.000000e+00  0.000000e+00 -1.000000e+00
    outer loop
      vertex  1.071539e-02  1.153020e-03  0.000000e+00
      vertex  1.071314e-02  1.252995e-03  0.000000e+00
      vertex  1.178960e-02  1.278056e-03  0.000000e+00
    endloop
  endfacet
  facet normal  0.000000e+00  0.000000e+00  1.000000e+00
    outer loop
      vertex  1.179202e-02  1.178085e-03 -0.000000e+00
      vertex  1.178960e-02  1.278056e-03 -0.000000e+00
      vertex  1.071539e-02  1.153020e-03 -0.000000e+00
    endloop
  endfacet
  facet normal  0.000000e+00 -0.000000e+00  1.000000e+00
    outer loop
      vertex  1.071539e-02  1.153020e-03 -0.000000e+00
      vertex  1.178960e-02  1.278056e-03 -0.000000e+00
      vertex  1.071314e-02  1.252995e-03 -0.000000e+00
    endloop
  endfacet
  facet normal  0.000000e+00  0.000000e+00  0.000000e+00
    outer loop
      vertex  1.179202e-02  1.178085e-03  0.000000e+00
      vertex  1.179202e-02  1.178085e-03 -0.000000e+00
      vertex  1.071539e-02  1.153020e-03 -0.000000e+00
    endloop
  endfacet
  facet normal  0.000000e+00  0.000000e+00  0.000000e+00
    outer loop
      vertex  1.179202e-02  1.178085e-03  0.000000e+00
      vertex  1.071539e-02  1.153020e-03 -0.000000e+00
      vertex  1.071539e-02  1.153020e-03  0.000000e+00
    endloop
  endfacet
  facet normal  0.000000e+00  0.000000e+00  0.000000e+00
    outer loop
      vertex  1.178960e-02  1.278056e-03  0.000000e+00
      vertex  1.071314e-02  1.252995e-03  0.000000e+00
      vertex  1.178960e-02  1.278056e-03 -0.000000e+00
    endloop
  endfacet
  facet normal  0.000000e+00  0.000000e+00  0.000000e+00
    outer loop
      vertex  1.071314e-02  1.252995e-03  0.000000e+00
      vertex  1.071314e-02  1.252995e-03 -0.000000e+00
      vertex  1.178960e-02  1.278056e-03 -0.000000e+00
    endloop
  endfacet
  facet normal -0.000000e+00  0.000000e+00 -1.000000e+00
    outer loop
      vertex  1.071539e-02  1.153020e-03  0.000000e+00
      vertex  9.567114e-03  1.127956e-03  0.000000e+00
      vertex  1.071314e-02  1.252995e-03  0.000000e+00
    endloop
  endfacet
  facet normal  0.000000e+00  0.000000e+00 -1.000000e+00
    outer loop
      vertex  9.567114e-03  1.127956e-03  0.000000e+00
      vertex  9.564993e-03  1.227934e-03  0.000000e+00
      vertex  1.071314e-02  1.252995e-03  0.000000e+00
    endloop
  endfacet
  facet normal  0.000000e+00  0.000000e+00  1.000000e+00
    outer loop
      vertex  1.071539e-02  1.153020e-03 -0.000000e+00
      vertex  1.071314e-02  1.252995e-03 -0.000000e+00
      vertex  9.567114e-03  1.127956e-03 -0.000000e+00
    endloop
  endfacet
  facet normal  0.000000e+00 -0.000000e+00  1.000000e+00
    outer loop
      vertex  9.567114e-03  1.127956e-03 -0.000000e+00
      vertex  1.071314e-02  1.252995e-03 -0.000000e+00
      vertex  9.564993e-03  1.227934e-03 -0.000000e+00
    endloop
  endfacet
  facet normal  0.000000e+00  0.000000e+00  0.000000e+00
    outer loop
      vertex  1.071539e-02  1.153020e-03  0.000000e+00
      vertex  1.071539e-02  1.153020e-03 -0.000000e+00
      vertex  9.567114e-03  1.127956e-03 -0.000000e+00
    endloop
  endfacet
  facet normal  0.000000e+00  0.000000e+00  0.000000e+00
    outer loop
      vertex  1.071539e-02  1.153020e-03  0.000000e+00
      vertex  9.567114e-03  1.127956e-03 -0.000000e+00
      vertex  9.567114e-03  1.127956e-03  0.000000e+00
    endloop
  endfacet
  facet normal  0.000000e+00  0.000000e+00  0.000000e+00
    outer loop
      vertex  1.071314e-02  1.252995e-03  0.000000e+00
      vertex  9.564993e-03  1.227934e-03  0.000000e+00
      vertex  1.071314e-02  1.252995e-03 -0.000000e+00
    endloop
  endfacet
  facet normal  0.000000e+00  0.000000e+00  0.000000e+00
    outer loop
      vertex  9.564993e-03  1.227934e-03  0.000000e+00
      vertex  9.564993e-03  1.227934e-03 -0.000000e+00
      vertex  1.071314e-02  1.252995e-03 -0.000000e+00
    endloop
  endfacet
  facet normal -0.000000e+00  0.000000e+00 -1.000000e+00
    outer loop
      vertex  9.567114e-03  1.127956e-03  0.000000e+00
      vertex  8.354004e-03  1.102892e-03  0.000000e+00
      vertex  9.564993e-03  1.227934e-03  0.000000e+00
    endloop
  endfacet
  facet normal  0.000000e+00  0.000000e+00 -1.000000e+00
    outer loop
      vertex  8.354004e-03  1.102892e-03  0.000000e+00
      vertex  8.351989e-03  1.202872e-03  0.000000e+00
      vertex  9.564993e-03  1.227934e-03  0.000000e+00
    endloop
  endfacet
  facet normal  0.000000e+00  0.000000e+00  1.000000e+00
    outer loop
      vertex  9.567114e-03  1.127956e-03 -0.000000e+00
      vertex  9.564993e-03  1.227934e-03 -0.000000e+00
      vertex  8.354004e-03  1.102892e-03 -0.000000e+00
    endloop
  endfacet
  facet normal  0.000000e+00 -0.000000e+00  1.000000e+00
    outer loop
      vertex  8.354004e-03  1.102892e-03 -0.000000e+00
      vertex  9.564993e-03  1.227934e-03 -0.000000e+00
      vertex  8.351989e-03  1.202872e-03 -0.000000e+00
    endloop
  endfacet
  facet normal  0.000000e+00  0.000000e+00  0.000000e+00
    outer loop
      vertex  9.567114e-03  1.127956e-03  0.000000e+00
      vertex  9.567114e-03  1.127956e-03 -0.000000e+00
      vertex  8.354004e-03  1.102892e-03 -0.000000e+00
    endloop
  endfacet
  facet normal  0.000000e+00  0.000000e+00  0.000000e+00
    outer loop
      vertex  9.567114e-03  1.127956e-03  0.000000e+00
      vertex  8.354004e-03  1.102892e-03 -0.000000e+00
      vertex  8.354004e-03  1.102892e-03  0.000000e+00
    endloop
  endfacet
  facet normal  0.000000e+00  0.000000e+00  0.000000e+00
    outer loop
      vertex  9.564993e-03  1.227934e-03  0.000000e+00
      vertex  8.351989e-03  1.202872e-03  0.000000e+00
      vertex  9.564993e-03  1.227934e-03 -0.000000e+00
    endloop
  endfacet
  facet normal  0.000000e+00  0.000000e+00  0.000000e+00
    outer loop
      vertex  8.351989e-03  1.202872e-03  0.000000e+00
      vertex  8.351989e-03  1.202872e-03 -0.000000e+00
      vertex  9.564993e-03  1.227934e-03 -0.000000e+00
    endloop
  endfacet
  facet normal -0.000000e+00  0.000000e+00 -1.000000e+00
    outer loop
      vertex  8.354004e-03  1.102892e-03  0.000000e+00
      vertex  7.083320e-03  1.077829e-03  0.000000e+00
      vertex  8.351989e-03  1.202872e-03  0.000000e+00
    endloop
  endfacet
  facet normal  0.000000e+00  0.000000e+00 -1.000000e+00
    outer loop
      vertex  7.083320e-03  1.077829e-03  0.000000e+00
      vertex  7.081388e-03  1.177810e-03  0.000000e+00
      vertex  8.351989e-03  1.202872e-03  0.000000e+00
    endloop
  endfacet
  facet normal  0.000000e+00  0.000000e+00  1.000000e+00
    outer loop
      vertex  8.354004e-03  1.102892e-03 -0.000000e+00
      vertex  8.351989e-03  1.202872e-03 -0.000000e+00
      vertex  7.083320e-03  1.077829e-03 -0.000000e+00
    endloop
  endfacet
  facet normal  0.000000e+00 -0.000000e+00  1.000000e+00
    outer loop
      vertex  7.083320e-03  1.077829e-03 -0.000000e+00
      vertex  8.351989e-03  1.202872e-03 -0.000000e+00
      vertex  7.081388e-03  1.177810e-03 -0.000000e+00
    endloop
  endfacet
  facet normal  0.000000e+00  0.000000e+00  0.000000e+00
    outer loop
      vertex  8.354004e-03  1.102892e-03  0.000000e+00
      vertex  8.354004e-03  1.102892e-03 -0.000000e+00
      vertex  7.083320e-03  1.077829e-03 -0.000000e+00
    endloop
  endfacet
  facet normal  0.000000e+00  0.000000e+00  0.000000e+00
    outer loop
      vertex  8.354004e-03  1.102892e-03  0.000000e+00
      vertex  7.083320e-03  1.077829e-03 -0.000000e+00
      vertex  7.083320e-03  1.077829e-03  0.000000e+00
    endloop
  endfacet
  facet normal  0.000000e+00  0.000000e+00  0.000000e+00
    outer loop
      vertex  8.351989e-03  1.202872e-03  0.000000e+00
      vertex  7.081388e-03  1.177810e-03  0.000000e+00
      vertex  8.351989e-03  1.202872e-03 -0.000000e+00
    endloop
  endfacet
  facet normal  0.000000e+00  0.000000e+00  0.000000e+00
    outer loop
      vertex  7.081388e-03  1.177810e-03  0.000000e+00
      vertex  7.081388e-03  1.177810e-03 -0.000000e+00
      vertex  8.351989e-03  1.202872e-03 -0.000000e+00
    endloop
  endfacet
  facet normal -0.000000e+00  0.000000e+00 -1.000000e+00
    outer loop
      vertex  7.083320e-03  1.077829e-03  0.000000e+00
      vertex  5.762713e-03  1.052766e-03  0.000000e+00
      vertex  7.081388e-03  1.177810e-03  0.000000e+00
    endloop
  endfacet
  facet normal  0.000000e+00  0.000000e+00 -1.000000e+00
    outer loop
      vertex  5.762713e-03  1.052766e-03  0.000000e+00
      vertex  5.760847e-03  1.152748e-03  0.000000e+00
      vertex  7.081388e-03  1.177810e-03  0.000000e+00
    endloop
  endfacet
  facet normal  0.000000e+00  0.000000e+00  1.000000e+00
    outer loop
      vertex  7.083320e-03  1.077829e-03 -0.000000e+00
      vertex  7.081388e-03  1.177810e-03 -0.000000e+00
      vertex  5.762713e-03  1.052766e-03 -0.000000e+00
    endloop
  endfacet
  facet normal  0.000000e+00 -0.000000e+00  1.000000e+00
    outer loop
      vertex  5.762713e-03  1.052766e-03 -0.000000e+00
      vertex  7.081388e-03  1.177810e-03 -0.000000e+00
      vertex  5.760847e-03  1.152748e-03 -0.000000e+00
    endloop
  endfacet
  facet normal  0.000000e+00  0.000000e+00  0.000000e+00
    outer loop
      vertex  7.083320e-03  1.077829e-03  0.000000e+00
      vertex  7.083320e-03  1.077829e-03 -0.000000e+00
      vertex  5.762713e-03  1.052766e-03 -0.000000e+00
    endloop
  endfacet
  facet normal  0.000000e+00  0.000000e+00  0.000000e+00
    outer loop
      vertex  7.083320e-03  1.077829e-03  0.000000e+00
      vertex  5.762713e-03  1.052766e-03 -0.000000e+00
      vertex  5.762713e-03  1.052766e-03  0.000000e+00
    endloop
  endfacet
  facet normal  0.000000e+00  0.000000e+00  0.000000e+00
    outer loop
      vertex  7.081388e-03  1.177810e-03  0.000000e+00
      vertex  5.760847e-03  1.152748e-03  0.000000e+00
      vertex  7.081388e-03  1.177810e-03 -0.000000e+00
    endloop
  endfacet
  facet normal  0.000000e+00  0.000000e+00  0.000000e+00
    outer loop
      vertex  5.760847e-03  1.152748e-03  0.000000e+00
      vertex  5.760847e-03  1.152748e-03 -0.000000e+00
      vertex  7.081388e-03  1.177810e-03 -0.000000e+00
    endloop
  endfacet
  facet normal -0.000000e+00  0.000000e+00 -1.000000e+00
    outer loop
      vertex  5.762713e-03  1.052766e-03  0.000000e+00
      vertex  4.400180e-03  1.027702e-03  0.000000e+00
      vertex  5.760847e-03  1.152748e-03  0.000000e+00
    endloop
  endfacet
  facet normal  0.000000e+00  0.000000e+00 -1.000000e+00
    outer loop
      vertex  4.400180e-03  1.027702e-03  0.000000e+00
      vertex  4.398365e-03  1.127686e-03  0.000000e+00
      vertex  5.760847e-03  1.152748e-03  0.000000e+00
    endloop
  endfacet
  facet normal  0.000000e+00  0.000000e+00  1.000000e+00
    outer loop
      vertex  5.762713e-03  1.052766e-03 -0.000000e+00
      vertex  5.760847e-03  1.152748e-03 -0.000000e+00
      vertex  4.400180e-03  1.027702e-03 -0.000000e+00
    endloop
  endfacet
  facet normal  0.000000e+00 -0.000000e+00  1.000000e+00
    outer loop
      vertex  4.400180e-03  1.027702e-03 -0.000000e+00
      vertex  5.760847e-03  1.152748e-03 -0.000000e+00
      vertex  4.398365e-03  1.127686e-03 -0.000000e+00
    endloop
  endfacet
  facet normal  0.000000e+00  0.000000e+00  0.000000e+00
    outer loop
      vertex  5.762713e-03  1.052766e-03  0.000000e+00
      vertex  5.762713e-03  1.052766e-03 -0.000000e+00
      vertex  4.400180e-03  1.027702e-03 -0.000000e+00
    endloop
  endfacet
  facet normal  0.000000e+00  0.000000e+00  0.000000e+00
    outer loop
      vertex  5.762713e-03  1.052766e-03  0.000000e+00
      vertex  4.400180e-03  1.027702e-03 -0.000000e+00
      vertex  4.400180e-03  1.027702e-03  0.000000e+00
    endloop
  endfacet
  facet normal  0.000000e+00  0.000000e+00  0.000000e+00
    outer loop
      vertex  5.760847e-03  1.152748e-03  0.000000e+00
      vertex  4.398365e-03  1.127686e-03  0.000000e+00
      vertex  5.760847e-03  1.152748e-03 -0.000000e+00
    endloop
  endfacet
  facet normal  0.000000e+00  0.000000e+00  0.000000e+00
    outer loop
      vertex  4.398365e-03  1.127686e-03  0.000000e+00
      vertex  4.398365e-03  1.127686e-03 -0.000000e+00
      vertex  5.760847e-03  1.152748e-03 -0.000000e+00
    endloop
  endfacet
  facet normal -0.000000e+00  0.000000e+00 -1.000000e+00
    outer loop
      vertex  4.400180e-03  1.027702e-03  0.000000e+00
      vertex  3.004018e-03  1.002639e-03  0.000000e+00
      vertex  4.398365e-03  1.127686e-03  0.000000e+00
    endloop
  endfacet
  facet normal  0.000000e+00  0.000000e+00 -1.000000e+00
    outer loop
      vertex  3.004018e-03  1.002639e-03  0.000000e+00
      vertex  3.002241e-03  1.102624e-03  0.000000e+00
      vertex  4.398365e-03  1.127686e-03  0.000000e+00
    endloop
  endfacet
  facet normal  0.000000e+00  0.000000e+00  1.000000e+00
    outer loop
      vertex  4.400180e-03  1.027702e-03 -0.000000e+00
      vertex  4.398365e-03  1.127686e-03 -0.000000e+00
      vertex  3.004018e-03  1.002639e-03 -0.000000e+00
    endloop
  endfacet
  facet normal  0.000000e+00 -0.000000e+00  1.000000e+00
    outer loop
      vertex  3.004018e-03  1.002639e-03 -0.000000e+00
      vertex  4.398365e-03  1.127686e-03 -0.000000e+00
      vertex  3.002241e-03  1.102624e-03 -0.000000e+00
    endloop
  endfacet
  facet normal  0.000000e+00  0.000000e+00  0.000000e+00
    outer loop
      vertex  4.400180e-03  1.027702e-03  0.000000e+00
      vertex  4.400180e-03  1.027702e-03 -0.000000e+00
      vertex  3.004018e-03  1.002639e-03 -0.000000e+00
    endloop
  endfacet
  facet normal  0.000000e+00  0.000000e+00  0.000000e+00
    outer loop
      vertex  4.400180e-03  1.027702e-03  0.000000e+00
      vertex  3.004018e-03  1.002639e-03 -0.000000e+00
      vertex  3.004018e-03  1.002639e-03  0.000000e+00
    endloop
  endfacet
  facet normal  0.000000e+00  0.000000e+00  0.000000e+00
    outer loop
      vertex  4.398365e-03  1.127686e-03  0.000000e+00
      vertex  3.002241e-03  1.102624e-03  0.000000e+00
      vertex  4.398365e-03  1.127686e-03 -0.000000e+00
    endloop
  endfacet
  facet normal  0.000000e+00  0.000000e+00  0.000000e+00
    outer loop
      vertex  3.002241e-03  1.102624e-03  0.000000e+00
      vertex  3.002241e-03  1.102624e-03 -0.000000e+00
      vertex  4.398365e-03  1.127686e-03 -0.000000e+00
    endloop
  endfacet
  facet normal -0.000000e+00  0.000000e+00 -1.000000e+00
    outer loop
      vertex  3.004018e-03  1.002639e-03  0.000000e+00
      vertex  1.582773e-03  9.775766e-04  0.000000e+00
      vertex  3.002241e-03  1.102624e-03  0.000000e+00
    endloop
  endfacet
  facet normal  0.000000e+00  0.000000e+00 -1.000000e+00
    outer loop
      vertex  1.582773e-03  9.775766e-04  0.000000e+00
      vertex  1.581021e-03  1.077561e-03  0.000000e+00
      vertex  3.002241e-03  1.102624e-03  0.000000e+00
    endloop
  endfacet
  facet normal  0.000000e+00  0.000000e+00  1.000000e+00
    outer loop
      vertex  3.004018e-03  1.002639e-03 -0.000000e+00
      vertex  3.002241e-03  1.102624e-03 -0.000000e+00
      vertex  1.582773e-03  9.775766e-04 -0.000000e+00
    endloop
  endfacet
  facet normal  0.000000e+00 -0.000000e+00  1.000000e+00
    outer loop
      vertex  1.582773e-03  9.775766e-04 -0.000000e+00
      vertex  3.002241e-03  1.102624e-03 -0.000000e+00
      vertex  1.581021e-03  1.077561e-03 -0.000000e+00
    endloop
  endfacet
  facet normal  0.000000e+00  0.000000e+00  0.000000e+00
    outer loop
      vertex  3.004018e-03  1.002639e-03  0.000000e+00
      vertex  3.004018e-03  1.002639e-03 -0.000000e+00
      vertex  1.582773e-03  9.775766e-04 -0.000000e+00
    endloop
  endfacet
  facet normal  0.000000e+00  0.000000e+00  0.000000e+00
    outer loop
      vertex  3.004018e-03  1.002639e-03  0.000000e+00
      vertex  1.582773e-03  9.775766e-04 -0.000000e+00
      vertex  1.582773e-03  9.775766e-04  0.000000e+00
    endloop
  endfacet
  facet normal  0.000000e+00  0.000000e+00  0.000000e+00
    outer loop
      vertex  3.002241e-03  1.102624e-03  0.000000e+00
      vertex  1.581021e-03  1.077561e-03  0.000000e+00
      vertex  3.002241e-03  1.102624e-03 -0.000000e+00
    endloop
  endfacet
  facet normal  0.000000e+00  0.000000e+00  0.000000e+00
    outer loop
      vertex  1.581021e-03  1.077561e-03  0.000000e+00
      vertex  1.581021e-03  1.077561e-03 -0.000000e+00
      vertex  3.002241e-03  1.102624e-03 -0.000000e+00
    endloop
  endfacet
  facet normal -0.000000e+00  0.000000e+00 -1.000000e+00
    outer loop
      vertex  1.582773e-03  9.775766e-04  0.000000e+00
      vertex  1.451846e-04  9.525138e-04  0.000000e+00
      vertex  1.581021e-03  1.077561e-03  0.000000e+00
    endloop
  endfacet
  facet normal  0.000000e+00  0.000000e+00 -1.000000e+00
    outer loop
      vertex  1.451846e-04  9.525138e-04  0.000000e+00
      vertex  1.434477e-04  1.052499e-03  0.000000e+00
      vertex  1.581021e-03  1.077561e-03  0.000000e+00
    endloop
  endfacet
  facet normal  0.000000e+00  0.000000e+00  1.000000e+00
    outer loop
      vertex  1.582773e-03  9.775766e-04 -0.000000e+00
      vertex  1.581021e-03  1.077561e-03 -0.000000e+00
      vertex  1.451846e-04  9.525138e-04 -0.000000e+00
    endloop
  endfacet
  facet normal  0.000000e+00 -0.000000e+00  1.000000e+00
    outer loop
      vertex  1.451846e-04  9.525138e-04 -0.000000e+00
      vertex  1.581021e-03  1.077561e-03 -0.000000e+00
      vertex  1.434477e-04  1.052499e-03 -0.000000e+00
    endloop
  endfacet
  facet normal  0.000000e+00  0.000000e+00  0.000000e+00
    outer loop
      vertex  1.582773e-03  9.775766e-04  0.000000e+00
      vertex  1.582773e-03  9.775766e-04 -0.000000e+00
      vertex  1.451846e-04  9.525138e-04 -0.000000e+00
    endloop
  endfacet
  facet normal  0.000000e+00  0.000000e+00  0.000000e+00
    outer loop
      vertex  1.582773e-03  9.775766e-04  0.000000e+00
      vertex  1.451846e-04  9.525138e-04 -0.000000e+00
      vertex  1.451846e-04  9.525138e-04  0.000000e+00
    endloop
  endfacet
  facet normal  0.000000e+00  0.000000e+00  0.000000e+00
    outer loop
      vertex  1.581021e-03  1.077561e-03  0.000000e+00
      vertex  1.434477e-04  1.052499e-03  0.000000e+00
      vertex  1.581021e-03  1.077561e-03 -0.000000e+00
    endloop
  endfacet
  facet normal  0.000000e+00  0.000000e+00  0.000000e+00
    outer loop
      vertex  1.434477e-04  1.052499e-03  0.000000e+00
      vertex  1.434477e-04  1.052499e-03 -0.000000e+00
      vertex  1.581021e-03  1.077561e-03 -0.000000e+00
    endloop
  endfacet
  facet normal -0.000000e+00  0.000000e+00 -1.000000e+00
    outer loop
      vertex  1.451846e-04  9.525138e-04  0.000000e+00
      vertex -1.299863e-03  9.274511e-04  0.000000e+00
      vertex  1.434477e-04  1.052499e-03  0.000000e+00
    endloop
  endfacet
  facet normal  0.000000e+00  0.000000e+00 -1.000000e+00
    outer loop
      vertex -1.299863e-03  9.274511e-04  0.000000e+00
      vertex -1.301596e-03  1.027436e-03  0.000000e+00
      vertex  1.434477e-04  1.052499e-03  0.000000e+00
    endloop
  endfacet
  facet normal  0.000000e+00  0.000000e+00  1.000000e+00
    outer loop
      vertex  1.451846e-04  9.525138e-04 -0.000000e+00
      vertex  1.434477e-04  1.052499e-03 -0.000000e+00
      vertex -1.299863e-03  9.274511e-04 -0.000000e+00
    endloop
  endfacet
  facet normal  0.000000e+00 -0.000000e+00  1.000000e+00
    outer loop
      vertex -1.299863e-03  9.274511e-04 -0.000000e+00
      vertex  1.434477e-04  1.052499e-03 -0.000000e+00
      vertex -1.301596e-03  1.027436e-03 -0.000000e+00
    endloop
  endfacet
  facet normal  0.000000e+00  0.000000e+00  0.000000e+00
    outer loop
      vertex  1.451846e-04  9.525138e-04  0.000000e+00
      vertex  1.451846e-04  9.525138e-04 -0.000000e+00
      vertex -1.299863e-03  9.274511e-04 -0.000000e+00
    endloop
  endfacet
  facet normal  0.000000e+00  0.000000e+00  0.000000e+00
    outer loop
      vertex  1.451846e-04  9.525138e-04  0.000000e+00
      vertex -1.299863e-03  9.274511e-04 -0.000000e+00
      vertex -1.299863e-03  9.274511e-04  0.000000e+00
    endloop
  endfacet
  facet normal  0.000000e+00  0.000000e+00  0.000000e+00
    outer loop
      vertex  1.434477e-04  1.052499e-03  0.000000e+00
      vertex -1.301596e-03  1.027436e-03  0.000000e+00
      vertex  1.434477e-04  1.052499e-03 -0.000000e+00
    endloop
  endfacet
  facet normal  0.000000e+00  0.000000e+00  0.000000e+00
    outer loop
      vertex -1.301596e-03  1.027436e-03  0.000000e+00
      vertex -1.301596e-03  1.027436e-03 -0.000000e+00
      vertex  1.434477e-04  1.052499e-03 -0.000000e+00
    endloop
  endfacet
  facet normal -0.000000e+00  0.000000e+00 -1.000000e+00
    outer loop
      vertex -1.299863e-03  9.274511e-04  0.000000e+00
      vertex -2.743400e-03  9.023885e-04  0.000000e+00
      vertex -1.301596e-03  1.027436e-03  0.000000e+00
    endloop
  endfacet
  facet normal  0.000000e+00  0.000000e+00 -1.000000e+00
    outer loop
      vertex -2.743400e-03  9.023885e-04  0.000000e+00
      vertex -2.745141e-03  1.002373e-03  0.000000e+00
      vertex -1.301596e-03  1.027436e-03  0.000000e+00
    endloop
  endfacet
  facet normal  0.000000e+00  0.000000e+00  1.000000e+00
    outer loop
      vertex -1.299863e-03  9.274511e-04 -0.000000e+00
      vertex -1.301596e-03  1.027436e-03 -0.000000e+00
      vertex -2.743400e-03  9.023885e-04 -0.000000e+00
    endloop
  endfacet
  facet normal  0.000000e+00 -0.000000e+00  1.000000e+00
    outer loop
      vertex -2.743400e-03  9.023885e-04 -0.000000e+00
      vertex -1.301596e-03  1.027436e-03 -0.000000e+00
      vertex -2.745141e-03  1.002373e-03 -0.000000e+00
    endloop
  endfacet
  facet normal  0.000000e+00  0.000000e+00  0.000000e+00
    outer loop
      vertex -1.299863e-03  9.274511e-04  0.000000e+00
      vertex -1.299863e-03  9.274511e-04 -0.000000e+00
      vertex -2.743400e-03  9.023885e-04 -0.000000e+00
    endloop
  endfacet
  facet normal  0.000000e+00  0.000000e+00  0.000000e+00
    outer loop
      vertex -1.299863e-03  9.274511e-04  0.000000e+00
      vertex -2.743400e-03  9.023885e-04 -0.000000e+00
      vertex -2.743400e-03  9.023885e-04  0.000000e+00
    endloop
  endfacet
  facet normal  0.000000e+00  0.000000e+00  0.000000e+00
    outer loop
      vertex -1.301596e-03  1.027436e-03  0.000000e+00
      vertex -2.745141e-03  1.002373e-03  0.000000e+00
      vertex -1.301596e-03  1.027436e-03 -0.000000e+00
    endloop
  endfacet
  facet normal  0.000000e+00  0.000000e+00  0.000000e+00
    outer loop
      vertex -2.745141e-03  1.002373e-03  0.000000e+00
      vertex -2.745141e-03  1.002373e-03 -0.000000e+00
      vertex -1.301596e-03  1.027436e-03 -0.000000e+00
    endloop
  endfacet
  facet normal -0.000000e+00  0.000000e+00 -1.000000e+00
    outer loop
      vertex -2.743400e-03  9.023885e-04  0.000000e+00
      vertex -4.176425e-03  8.773260e-04  0.000000e+00
      vertex -2.745141e-03  1.002373e-03  0.000000e+00
    endloop
  endfacet
  facet normal  0.000000e+00  0.000000e+00 -1.000000e+00
    outer loop
      vertex -4.176425e-03  8.773260e-04  0.000000e+00
      vertex -4.178184e-03  9.773106e-04  0.000000e+00
      vertex -2.745141e-03  1.002373e-03  0.000000e+00
    endloop
  endfacet
  facet normal  0.000000e+00  0.000000e+00  1.000000e+00
    outer loop
      vertex -2.743400e-03  9.023885e-04 -0.000000e+00
      vertex -2.745141e-03  1.002373e-03 -0.000000e+00
      vertex -4.176425e-03  8.773260e-04 -0.000000e+00
    endloop
  endfacet
  facet normal  0.000000e+00 -0.000000e+00  1.000000e+00
    outer loop
      vertex -4.176425e-03  8.773260e-04 -0.000000e+00
      vertex -2.745141e-03  1.002373e-03 -0.000000e+00
      vertex -4.178184e-03  9.773106e-04 -0.000000e+00
    endloop
  endfacet
  facet normal  0.000000e+00  0.000000e+00  0.000000e+00
    outer loop
      vertex -2.743400e-03  9.023885e-04  0.000000e+00
      vertex -2.743400e-03  9.023885e-04 -0.000000e+00
      vertex -4.176425e-03  8.773260e-04 -0.000000e+00
    endloop
  endfacet
  facet normal  0.000000e+00  0.000000e+00  0.000000e+00
    outer loop
      vertex -2.743400e-03  9.023885e-04  0.000000e+00
      vertex -4.176425e-03  8.773260e-04 -0.000000e+00
      vertex -4.176425e-03  8.773260e-04  0.000000e+00
    endloop
  endfacet
  facet normal  0.000000e+00  0.000000e+00  0.000000e+00
    outer loop
      vertex -2.745141e-03  1.002373e-03  0.000000e+00
      vertex -4.178184e-03  9.773106e-04  0.000000e+00
      vertex -2.745141e-03  1.002373e-03 -0.000000e+00
    endloop
  endfacet
  facet normal  0.000000e+00  0.000000e+00  0.000000e+00
    outer loop
      vertex -4.178184e-03  9.773106e-04  0.000000e+00
      vertex -4.178184e-03  9.773106e-04 -0.000000e+00
      vertex -2.745141e-03  1.002373e-03 -0.000000e+00
    endloop
  endfacet
  facet normal -0.000000e+00  0.000000e+00 -1.000000e+00
    outer loop
      vertex -4.176425e-03  8.773260e-04  0.000000e+00
      vertex -5.589961e-03  8.522636e-04  0.000000e+00
      vertex -4.178184e-03  9.773106e-04  0.000000e+00
    endloop
  endfacet
  facet normal  0.000000e+00  0.000000e+00 -1.000000e+00
    outer loop
      vertex -5.589961e-03  8.522636e-04  0.000000e+00
      vertex -5.591750e-03  9.522476e-04  0.000000e+00
      vertex -4.178184e-03  9.773106e-04  0.000000e+00
    endloop
  endfacet
  facet normal  0.000000e+00  0.000000e+00  1.000000e+00
    outer loop
      vertex -4.176425e-03  8.773260e-04 -0.000000e+00
      vertex -4.178184e-03  9.773106e-04 -0.000000e+00
      vertex -5.589961e-03  8.522636e-04 -0.000000e+00
    endloop
  endfacet
  facet normal  0.000000e+00 -0.000000e+00  1.000000e+00
    outer loop
      vertex -5.589961e-03  8.522636e-04 -0.000000e+00
      vertex -4.178184e-03  9.773106e-04 -0.000000e+00
      vertex -5.591750e-03  9.522476e-04 -0.000000e+00
    endloop
  endfacet
  facet normal  0.000000e+00  0.000000e+00  0.000000e+00
    outer loop
      vertex -4.176425e-03  8.773260e-04  0.000000e+00
      vertex -4.176425e-03  8.773260e-04 -0.000000e+00
      vertex -5.589961e-03  8.522636e-04 -0.000000e+00
    endloop
  endfacet
  facet normal  0.000000e+00  0.000000e+00  0.000000e+00
    outer loop
      vertex -4.176425e-03  8.773260e-04  0.000000e+00
      vertex -5.589961e-03  8.522636e-04 -0.000000e+00
      vertex -5.589961e-03  8.522636e-04  0.000000e+00
    endloop
  endfacet
  facet normal  0.000000e+00  0.000000e+00  0.000000e+00
    outer loop
      vertex -4.178184e-03  9.773106e-04  0.000000e+00
      vertex -5.591750e-03  9.522476e-04  0.000000e+00
      vertex -4.178184e-03  9.773106e-04 -0.000000e+00
    endloop
  endfacet
  facet normal  0.000000e+00  0.000000e+00  0.000000e+00
    outer loop
      vertex -5.591750e-03  9.522476e-04  0.000000e+00
      vertex -5.591750e-03  9.522476e-04 -0.000000e+00
      vertex -4.178184e-03  9.773106e-04 -0.000000e+00
    endloop
  endfacet
  facet normal -0.000000e+00  0.000000e+00 -1.000000e+00
    outer loop
      vertex -5.589961e-03  8.522636e-04  0.000000e+00
      vertex -6.975112e-03  8.272014e-04  0.000000e+00
      vertex -5.591750e-03  9.522476e-04  0.000000e+00
    endloop
  endfacet
  facet normal  0.000000e+00  0.000000e+00 -1.000000e+00
    outer loop
      vertex -6.975112e-03  8.272014e-04  0.000000e+00
      vertex -6.976943e-03  9.271846e-04  0.000000e+00
      vertex -5.591750e-03  9.522476e-04  0.000000e+00
    endloop
  endfacet
  facet normal  0.000000e+00  0.000000e+00  1.000000e+00
    outer loop
      vertex -5.589961e-03  8.522636e-04 -0.000000e+00
      vertex -5.591750e-03  9.522476e-04 -0.000000e+00
      vertex -6.975112e-03  8.272014e-04 -0.000000e+00
    endloop
  endfacet
  facet normal  0.000000e+00 -0.000000e+00  1.000000e+00
    outer loop
      vertex -6.975112e-03  8.272014e-04 -0.000000e+00
      vertex -5.591750e-03  9.522476e-04 -0.000000e+00
      vertex -6.976943e-03  9.271846e-04 -0.000000e+00
    endloop
  endfacet
  facet normal  0.000000e+00  0.000000e+00  0.000000e+00
    outer loop
      vertex -5.589961e-03  8.522636e-04  0.000000e+00
      vertex -5.589961e-03  8.522636e-04 -0.000000e+00
      vertex -6.975112e-03  8.272014e-04 -0.000000e+00
    endloop
  endfacet
  facet normal  0.000000e+00  0.000000e+00  0.000000e+00
    outer loop
      vertex -5.589961e-03  8.522636e-04  0.000000e+00
      vertex -6.975112e-03  8.272014e-04 -0.000000e+00
      vertex -6.975112e-03  8.272014e-04  0.000000e+00
    endloop
  endfacet
  facet normal  0.000000e+00  0.000000e+00  0.000000e+00
    outer loop
      vertex -5.591750e-03  9.522476e-04  0.000000e+00
      vertex -6.976943e-03  9.271846e-04  0.000000e+00
      vertex -5.591750e-03  9.522476e-04 -0.000000e+00
    endloop
  endfacet
  facet normal  0.000000e+00  0.000000e+00  0.000000e+00
    outer loop
      vertex -6.976943e-03  9.271846e-04  0.000000e+00
      vertex -6.976943e-03  9.271846e-04 -0.000000e+00
      vertex -5.591750e-03  9.522476e-04 -0.000000e+00
    endloop
  endfacet
  facet normal -0.000000e+00  0.000000e+00 -1.000000e+00
    outer loop
      vertex -6.975112e-03  8.272014e-04  0.000000e+00
      vertex -8.323118e-03  8.021392e-04  0.000000e+00
      vertex -6.976943e-03  9.271846e-04  0.000000e+00
    endloop
  endfacet
  facet normal  0.000000e+00  0.000000e+00 -1.000000e+00
    outer loop
      vertex -8.323118e-03  8.021392e-04  0.000000e+00
      vertex -8.325007e-03  9.021214e-04  0.000000e+00
      vertex -6.976943e-03  9.271846e-04  0.000000e+00
    endloop
  endfacet
  facet normal  0.000000e+00  0.000000e+00  1.000000e+00
    outer loop
      vertex -6.975112e-03  8.272014e-04 -0.000000e+00
      vertex -6.976943e-03  9.271846e-04 -0.000000e+00
      vertex -8.323118e-03  8.021392e-04 -0.000000e+00
    endloop
  endfacet
  facet normal  0.000000e+00 -0.000000e+00  1.000000e+00
    outer loop
      vertex -8.323118e-03  8.021392e-04 -0.000000e+00
      vertex -6.976943e-03  9.271846e-04 -0.000000e+00
      vertex -8.325007e-03  9.021214e-04 -0.000000e+00
    endloop
  endfacet
  facet normal  0.000000e+00  0.000000e+00  0.000000e+00
    outer loop
      vertex -6.975112e-03  8.272014e-04  0.000000e+00
      vertex -6.975112e-03  8.272014e-04 -0.000000e+00
      vertex -8.323118e-03  8.021392e-04 -0.000000e+00
    endloop
  endfacet
  facet normal  0.000000e+00  0.000000e+00  0.000000e+00
    outer loop
      vertex -6.975112e-03  8.272014e-04  0.000000e+00
      vertex -8.323118e-03  8.021392e-04 -0.000000e+00
      vertex -8.323118e-03  8.021392e-04  0.000000e+00
    endloop
  endfacet
  facet normal  0.000000e+00  0.000000e+00  0.000000e+00
    outer loop
      vertex -6.976943e-03  9.271846e-04  0.000000e+00
      vertex -8.325007e-03  9.021214e-04  0.000000e+00
      vertex -6.976943e-03  9.271846e-04 -0.000000e+00
    endloop
  endfacet
  facet normal  0.000000e+00  0.000000e+00  0.000000e+00
    outer loop
      vertex -8.325007e-03  9.021214e-04  0.000000e+00
      vertex -8.325007e-03  9.021214e-04 -0.000000e+00
      vertex -6.976943e-03  9.271846e-04 -0.000000e+00
    endloop
  endfacet
  facet normal -0.000000e+00  0.000000e+00 -1.000000e+00
    outer loop
      vertex -8.323118e-03  8.021392e-04  0.000000e+00
      vertex -9.625413e-03  7.770773e-04  0.000000e+00
      vertex -8.325007e-03  9.021214e-04  0.000000e+00
    endloop
  endfacet
  facet normal  0.000000e+00  0.000000e+00 -1.000000e+00
    outer loop
      vertex -9.625413e-03  7.770773e-04  0.000000e+00
      vertex -9.627375e-03  8.770580e-04  0.000000e+00
      vertex -8.325007e-03  9.021214e-04  0.000000e+00
    endloop
  endfacet
  facet normal  0.000000e+00  0.000000e+00  1.000000e+00
    outer loop
      vertex -8.323118e-03  8.021392e-04 -0.000000e+00
      vertex -8.325007e-03  9.021214e-04 -0.000000e+00
      vertex -9.625413e-03  7.770773e-04 -0.000000e+00
    endloop
  endfacet
  facet normal  0.000000e+00 -0.000000e+00  1.000000e+00
    outer loop
      vertex -9.625413e-03  7.770773e-04 -0.000000e+00
      vertex -8.325007e-03  9.021214e-04 -0.000000e+00
      vertex -9.627375e-03  8.770580e-04 -0.000000e+00
    endloop
  endfacet
  facet normal  0.000000e+00  0.000000e+00  0.000000e+00
    outer loop
      vertex -8.323118e-03  8.021392e-04  0.000000e+00
      vertex -8.323118e-03  8.021392e-04 -0.000000e+00
      vertex -9.625413e-03  7.770773e-04 -0.000000e+00
    endloop
  endfacet
  facet normal  0.000000e+00  0.000000e+00  0.000000e+00
    outer loop
      vertex -8.323118e-03  8.021392e-04  0.000000e+00
      vertex -9.625413e-03  7.770773e-04 -0.000000e+00
      vertex -9.625413e-03  7.770773e-04  0.000000e+00
    endloop
  endfacet
  facet normal  0.000000e+00  0.000000e+00  0.000000e+00
    outer loop
      vertex -8.325007e-03  9.021214e-04  0.000000e+00
      vertex -9.627375e-03  8.770580e-04  0.000000e+00
      vertex -8.325007e-03  9.021214e-04 -0.000000e+00
    endloop
  endfacet
  facet normal  0.000000e+00  0.000000e+00  0.000000e+00
    outer loop
      vertex -9.627375e-03  8.770580e-04  0.000000e+00
      vertex -9.627375e-03  8.770580e-04 -0.000000e+00
      vertex -8.325007e-03  9.021214e-04 -0.000000e+00
    endloop
  endfacet
  facet normal -0.000000e+00  0.000000e+00 -1.000000e+00
    outer loop
      vertex -9.625413e-03  7.770773e-04  0.000000e+00
      vertex -1.087367e-02  7.520156e-04  0.000000e+00
      vertex -9.627375e-03  8.770580e-04  0.000000e+00
    endloop
  endfacet
  facet normal  0.000000e+00  0.000000e+00 -1.000000e+00
    outer loop
      vertex -1.087367e-02  7.520156e-04  0.000000e+00
      vertex -1.087573e-02  8.519944e-04  0.000000e+00
      vertex -9.627375e-03  8.770580e-04  0.000000e+00
    endloop
  endfacet
  facet normal  0.000000e+00  0.000000e+00  1.000000e+00
    outer loop
      vertex -9.625413e-03  7.770773e-04 -0.000000e+00
      vertex -9.627375e-03  8.770580e-04 -0.000000e+00
      vertex -1.087367e-02  7.520156e-04 -0.000000e+00
    endloop
  endfacet
  facet normal  0.000000e+00 -0.000000e+00  1.000000e+00
    outer loop
      vertex -1.087367e-02  7.520156e-04 -0.000000e+00
      vertex -9.627375e-03  8.770580e-04 -0.000000e+00
      vertex -1.087573e-02  8.519944e-04 -0.000000e+00
    endloop
  endfacet
  facet normal  0.000000e+00  0.000000e+00  0.000000e+00
    outer loop
      vertex -9.625413e-03  7.770773e-04  0.000000e+00
      vertex -9.625413e-03  7.770773e-04 -0.000000e+00
      vertex -1.087367e-02  7.520156e-04 -0.000000e+00
    endloop
  endfacet
  facet normal  0.000000e+00  0.000000e+00  0.000000e+00
    outer loop
      vertex -9.625413e-03  7.770773e-04  0.000000e+00
      vertex -1.087367e-02  7.520156e-04 -0.000000e+00
      vertex -1.087367e-02  7.520156e-04  0.000000e+00
    endloop
  endfacet
  facet normal  0.000000e+00  0.000000e+00  0.000000e+00
    outer loop
      vertex -9.627375e-03  8.770580e-04  0.000000e+00
      vertex -1.087573e-02  8.519944e-04  0.000000e+00
      vertex -9.627375e-03  8.770580e-04 -0.000000e+00
    endloop
  endfacet
  facet normal  0.000000e+00  0.000000e+00  0.000000e+00
    outer loop
      vertex -1.087573e-02  8.519944e-04  0.000000e+00
      vertex -1.087573e-02  8.519944e-04 -0.000000e+00
      vertex -9.627375e-03  8.770580e-04 -0.000000e+00
    endloop
  endfacet
  facet normal -0.000000e+00  0.000000e+00 -1.000000e+00
    outer loop
      vertex -1.087367e-02  7.520156e-04  0.000000e+00
      vertex -1.205988e-02  7.269542e-04  0.000000e+00
      vertex -1.087573e-02  8.519944e-04  0.000000e+00
    endloop
  endfacet
  facet normal  0.000000e+00  0.000000e+00 -1.000000e+00
    outer loop
      vertex -1.205988e-02  7.269542e-04  0.000000e+00
      vertex -1.206206e-02  8.269305e-04  0.000000e+00
      vertex -1.087573e-02  8.519944e-04  0.000000e+00
    endloop
  endfacet
  facet normal  0.000000e+00  0.000000e+00  1.000000e+00
    outer loop
      vertex -1.087367e-02  7.520156e-04 -0.000000e+00
      vertex -1.087573e-02  8.519944e-04 -0.000000e+00
      vertex -1.205988e-02  7.269542e-04 -0.000000e+00
    endloop
  endfacet
  facet normal  0.000000e+00 -0.000000e+00  1.000000e+00
    outer loop
      vertex -1.205988e-02  7.269542e-04 -0.000000e+00
      vertex -1.087573e-02  8.519944e-04 -0.000000e+00
      vertex -1.206206e-02  8.269305e-04 -0.000000e+00
    endloop
  endfacet
  facet normal  0.000000e+00  0.000000e+00  0.000000e+00
    outer loop
      vertex -1.087367e-02  7.520156e-04  0.000000e+00
      vertex -1.087367e-02  7.520156e-04 -0.000000e+00
      vertex -1.205988e-02  7.269542e-04 -0.000000e+00
    endloop
  endfacet
  facet normal  0.000000e+00  0.000000e+00  0.000000e+00
    outer loop
      vertex -1.087367e-02  7.520156e-04  0.000000e+00
      vertex -1.205988e-02  7.269542e-04 -0.000000e+00
      vertex -1.205988e-02  7.269542e-04  0.000000e+00
    endloop
  endfacet
  facet normal  0.000000e+00  0.000000e+00  0.000000e+00
    outer loop
      vertex -1.087573e-02  8.519944e-04  0.000000e+00
      vertex -1.206206e-02  8.269305e-04  0.000000e+00
      vertex -1.087573e-02  8.519944e-04 -0.000000e+00
    endloop
  endfacet
  facet normal  0.000000e+00  0.000000e+00  0.000000e+00
    outer loop
      vertex -1.206206e-02  8.269305e-04  0.000000e+00
      vertex -1.206206e-02  8.269305e-04 -0.000000e+00
      vertex -1.087573e-02  8.519944e-04 -0.000000e+00
    endloop
  endfacet
  facet normal -0.000000e+00  0.000000e+00 -1.000000e+00
    outer loop
      vertex -1.205988e-02  7.269542e-04  0.000000e+00
      vertex -1.317637e-02  7.018932e-04  0.000000e+00
      vertex -1.206206e-02  8.269305e-04  0.000000e+00
    endloop
  endfacet
  facet normal  0.000000e+00  0.000000e+00 -1.000000e+00
    outer loop
      vertex -1.317637e-02  7.018932e-04  0.000000e+00
      vertex -1.317869e-02  8.018662e-04  0.000000e+00
      vertex -1.206206e-02  8.269305e-04  0.000000e+00
    endloop
  endfacet
  facet normal  0.000000e+00  0.000000e+00  1.000000e+00
    outer loop
      vertex -1.205988e-02  7.269542e-04 -0.000000e+00
      vertex -1.206206e-02  8.269305e-04 -0.000000e+00
      vertex -1.317637e-02  7.018932e-04 -0.000000e+00
    endloop
  endfacet
  facet normal  0.000000e+00 -0.000000e+00  1.000000e+00
    outer loop
      vertex -1.317637e-02  7.018932e-04 -0.000000e+00
      vertex -1.206206e-02  8.269305e-04 -0.000000e+00
      vertex -1.317869e-02  8.018662e-04 -0.000000e+00
    endloop
  endfacet
  facet normal  0.000000e+00  0.000000e+00  0.000000e+00
    outer loop
      vertex -1.205988e-02  7.269542e-04  0.000000e+00
      vertex -1.205988e-02  7.269542e-04 -0.000000e+00
      vertex -1.317637e-02  7.018932e-04 -0.000000e+00
    endloop
  endfacet
  facet normal  0.000000e+00  0.000000e+00  0.000000e+00
    outer loop
      vertex -1.205988e-02  7.269542e-04  0.000000e+00
      vertex -1.317637e-02  7.018932e-04 -0.000000e+00
      vertex -1.317637e-02  7.018932e-04  0.000000e+00
    endloop
  endfacet
  facet normal  0.000000e+00  0.000000e+00  0.000000e+00
    outer loop
      vertex -1.206206e-02  8.269305e-04  0.000000e+00
      vertex -1.317869e-02  8.018662e-04  0.000000e+00
      vertex -1.206206e-02  8.269305e-04 -0.000000e+00
    endloop
  endfacet
  facet normal  0.000000e+00  0.000000e+00  0.000000e+00
    outer loop
      vertex -1.317869e-02  8.018662e-04  0.000000e+00
      vertex -1.317869e-02  8.018662e-04 -0.000000e+00
      vertex -1.206206e-02  8.269305e-04 -0.000000e+00
    endloop
  endfacet
  facet normal -0.000000e+00  0.000000e+00 -1.000000e+00
    outer loop
      vertex -1.317637e-02  7.018932e-04  0.000000e+00
      vertex -1.421585e-02  6.768328e-04  0.000000e+00
      vertex -1.317869e-02  8.018662e-04  0.000000e+00
    endloop
  endfacet
  facet normal  0.000000e+00  0.000000e+00 -1.000000e+00
    outer loop
      vertex -1.421585e-02  6.768328e-04  0.000000e+00
      vertex -1.421836e-02  7.768013e-04  0.000000e+00
      vertex -1.317869e-02  8.018662e-04  0.000000e+00
    endloop
  endfacet
  facet normal  0.000000e+00  0.000000e+00  1.000000e+00
    outer loop
      vertex -1.317637e-02  7.018932e-04 -0.000000e+00
      vertex -1.317869e-02  8.018662e-04 -0.000000e+00
      vertex -1.421585e-02  6.768328e-04 -0.000000e+00
    endloop
  endfacet
  facet normal  0.000000e+00 -0.000000e+00  1.000000e+00
    outer loop
      vertex -1.421585e-02  6.768328e-04 -0.000000e+00
      vertex -1.317869e-02  8.018662e-04 -0.000000e+00
      vertex -1.421836e-02  7.768013e-04 -0.000000e+00
    endloop
  endfacet
  facet normal  0.000000e+00  0.000000e+00  0.000000e+00
    outer loop
      vertex -1.317637e-02  7.018932e-04  0.000000e+00
      vertex -1.317637e-02  7.018932e-04 -0.000000e+00
      vertex -1.421585e-02  6.768328e-04 -0.000000e+00
    endloop
  endfacet
  facet normal  0.000000e+00  0.000000e+00  0.000000e+00
    outer loop
      vertex -1.317637e-02  7.018932e-04  0.000000e+00
      vertex -1.421585e-02  6.768328e-04 -0.000000e+00
      vertex -1.421585e-02  6.768328e-04  0.000000e+00
    endloop
  endfacet
  facet normal  0.000000e+00  0.000000e+00  0.000000e+00
    outer loop
      vertex -1.317869e-02  8.018662e-04  0.000000e+00
      vertex -1.421836e-02  7.768013e-04  0.000000e+00
      vertex -1.317869e-02  8.018662e-04 -0.000000e+00
    endloop
  endfacet
  facet normal  0.000000e+00  0.000000e+00  0.000000e+00
    outer loop
      vertex -1.421836e-02  7.768013e-04  0.000000e+00
      vertex -1.421836e-02  7.768013e-04 -0.000000e+00
      vertex -1.317869e-02  8.018662e-04 -0.000000e+00
    endloop
  endfacet
  facet normal -0.000000e+00  0.000000e+00 -1.000000e+00
    outer loop
      vertex -1.421585e-02  6.768328e-04  0.000000e+00
      vertex -1.517151e-02  6.517733e-04  0.000000e+00
      vertex -1.421836e-02  7.768013e-04  0.000000e+00
    endloop
  endfacet
  facet normal  0.000000e+00  0.000000e+00 -1.000000e+00
    outer loop
      vertex -1.517151e-02  6.517733e-04  0.000000e+00
      vertex -1.517426e-02  7.517355e-04  0.000000e+00
      vertex -1.421836e-02  7.768013e-04  0.000000e+00
    endloop
  endfacet
  facet normal  0.000000e+00  0.000000e+00  1.000000e+00
    outer loop
      vertex -1.421585e-02  6.768328e-04 -0.000000e+00
      vertex -1.421836e-02  7.768013e-04 -0.000000e+00
      vertex -1.517151e-02  6.517733e-04 -0.000000e+00
    endloop
  endfacet
  facet normal  0.000000e+00 -0.000000e+00  1.000000e+00
    outer loop
      vertex -1.517151e-02  6.517733e-04 -0.000000e+00
      vertex -1.421836e-02  7.768013e-04 -0.000000e+00
      vertex -1.517426e-02  7.517355e-04 -0.000000e+00
    endloop
  endfacet
  facet normal  0.000000e+00  0.000000e+00  0.000000e+00
    outer loop
      vertex -1.421585e-02  6.768328e-04  0.000000e+00
      vertex -1.421585e-02  6.768328e-04 -0.000000e+00
      vertex -1.517151e-02  6.517733e-04 -0.000000e+00
    endloop
  endfacet
  facet normal  0.000000e+00  0.000000e+00  0.000000e+00
    outer loop
      vertex -1.421585e-02  6.768328e-04  0.000000e+00
      vertex -1.517151e-02  6.517733e-04 -0.000000e+00
      vertex -1.517151e-02  6.517733e-04  0.000000e+00
    endloop
  endfacet
  facet normal  0.000000e+00  0.000000e+00  0.000000e+00
    outer loop
      vertex -1.421836e-02  7.768013e-04  0.000000e+00
      vertex -1.517426e-02  7.517355e-04  0.000000e+00
      vertex -1.421836e-02  7.768013e-04 -0.000000e+00
    endloop
  endfacet
  facet normal  0.000000e+00  0.000000e+00  0.000000e+00
    outer loop
      vertex -1.517426e-02  7.517355e-04  0.000000e+00
      vertex -1.517426e-02  7.517355e-04 -0.000000e+00
      vertex -1.421836e-02  7.768013e-04 -0.000000e+00
    endloop
  endfacet
  facet normal -0.000000e+00  0.000000e+00 -1.000000e+00
    outer loop
      vertex -1.517151e-02  6.517733e-04  0.000000e+00
      vertex -1.603702e-02  6.267151e-04  0.000000e+00
      vertex -1.517426e-02  7.517355e-04  0.000000e+00
    endloop
  endfacet
  facet normal  0.000000e+00  0.000000e+00 -1.000000e+00
    outer loop
      vertex -1.603702e-02  6.267151e-04  0.000000e+00
      vertex -1.604008e-02  7.266683e-04  0.000000e+00
      vertex -1.517426e-02  7.517355e-04  0.000000e+00
    endloop
  endfacet
  facet normal  0.000000e+00  0.000000e+00  1.000000e+00
    outer loop
      vertex -1.517151e-02  6.517733e-04 -0.000000e+00
      vertex -1.517426e-02  7.517355e-04 -0.000000e+00
      vertex -1.603702e-02  6.267151e-04 -0.000000e+00
    endloop
  endfacet
  facet normal  0.000000e+00 -0.000000e+00  1.000000e+00
    outer loop
      vertex -1.603702e-02  6.267151e-04 -0.000000e+00
      vertex -1.517426e-02  7.517355e-04 -0.000000e+00
      vertex -1.604008e-02  7.266683e-04 -0.000000e+00
    endloop
  endfacet
  facet normal  0.000000e+00  0.000000e+00  0.000000e+00
    outer loop
      vertex -1.517151e-02  6.517733e-04  0.000000e+00
      vertex -1.517151e-02  6.517733e-04 -0.000000e+00
      vertex -1.603702e-02  6.267151e-04 -0.000000e+00
    endloop
  endfacet
  facet normal  0.000000e+00  0.000000e+00  0.000000e+00
    outer loop
      vertex -1.517151e-02  6.517733e-04  0.000000e+00
      vertex -1.603702e-02  6.267151e-04 -0.000000e+00
      vertex -1.603702e-02  6.267151e-04  0.000000e+00
    endloop
  endfacet
  facet normal  0.000000e+00  0.000000e+00  0.000000e+00
    outer loop
      vertex -1.517426e-02  7.517355e-04  0.000000e+00
      vertex -1.604008e-02  7.266683e-04  0.000000e+00
      vertex -1.517426e-02  7.517355e-04 -0.000000e+00
    endloop
  endfacet
  facet normal  0.000000e+00  0.000000e+00  0.000000e+00
    outer loop
      vertex -1.604008e-02  7.266683e-04  0.000000e+00
      vertex -1.604008e-02  7.266683e-04 -0.000000e+00
      vertex -1.517426e-02  7.517355e-04 -0.000000e+00
    endloop
  endfacet
  facet normal -0.000000e+00  0.000000e+00 -1.000000e+00
    outer loop
      vertex -1.603702e-02  6.267151e-04  0.000000e+00
      vertex -1.680655e-02  6.016593e-04  0.000000e+00
      vertex -1.604008e-02  7.266683e-04  0.000000e+00
    endloop
  endfacet
  facet normal  0.000000e+00  0.000000e+00 -1.000000e+00
    outer loop
      vertex -1.680655e-02  6.016593e-04  0.000000e+00
      vertex -1.681003e-02  7.015988e-04  0.000000e+00
      vertex -1.604008e-02  7.266683e-04  0.000000e+00
    endloop
  endfacet
  facet normal  0.000000e+00  0.000000e+00  1.000000e+00
    outer loop
      vertex -1.603702e-02  6.267151e-04 -0.000000e+00
      vertex -1.604008e-02  7.266683e-04 -0.000000e+00
      vertex -1.680655e-02  6.016593e-04 -0.000000e+00
    endloop
  endfacet
  facet normal  0.000000e+00 -0.000000e+00  1.000000e+00
    outer loop
      vertex -1.680655e-02  6.016593e-04 -0.000000e+00
      vertex -1.604008e-02  7.266683e-04 -0.000000e+00
      vertex -1.681003e-02  7.015988e-04 -0.000000e+00
    endloop
  endfacet
  facet normal  0.000000e+00  0.000000e+00  0.000000e+00
    outer loop
      vertex -1.603702e-02  6.267151e-04  0.000000e+00
      vertex -1.603702e-02  6.267151e-04 -0.000000e+00
      vertex -1.680655e-02  6.016593e-04 -0.000000e+00
    endloop
  endfacet
  facet normal  0.000000e+00  0.000000e+00  0.000000e+00
    outer loop
      vertex -1.603702e-02  6.267151e-04  0.000000e+00
      vertex -1.680655e-02  6.016593e-04 -0.000000e+00
      vertex -1.680655e-02  6.016593e-04  0.000000e+00
    endloop
  endfacet
  facet normal  0.000000e+00  0.000000e+00  0.000000e+00
    outer loop
      vertex -1.604008e-02  7.266683e-04  0.000000e+00
      vertex -1.681003e-02  7.015988e-04  0.000000e+00
      vertex -1.604008e-02  7.266683e-04 -0.000000e+00
    endloop
  endfacet
  facet normal  0.000000e+00  0.000000e+00  0.000000e+00
    outer loop
      vertex -1.681003e-02  7.015988e-04  0.000000e+00
      vertex -1.681003e-02  7.015988e-04 -0.000000e+00
      vertex -1.604008e-02  7.266683e-04 -0.000000e+00
    endloop
  endfacet
  facet normal -0.000000e+00  0.000000e+00 -1.000000e+00
    outer loop
      vertex -1.680655e-02  6.016593e-04  0.000000e+00
      vertex -1.747486e-02  5.766077e-04  0.000000e+00
      vertex -1.681003e-02  7.015988e-04  0.000000e+00
    endloop
  endfacet
  facet normal  0.000000e+00  0.000000e+00 -1.000000e+00
    outer loop
      vertex -1.747486e-02  5.766077e-04  0.000000e+00
      vertex -1.747893e-02  6.765251e-04  0.000000e+00
      vertex -1.681003e-02  7.015988e-04  0.000000e+00
    endloop
  endfacet
  facet normal  0.000000e+00  0.000000e+00  1.000000e+00
    outer loop
      vertex -1.680655e-02  6.016593e-04 -0.000000e+00
      vertex -1.681003e-02  7.015988e-04 -0.000000e+00
      vertex -1.747486e-02  5.766077e-04 -0.000000e+00
    endloop
  endfacet
  facet normal  0.000000e+00 -0.000000e+00  1.000000e+00
    outer loop
      vertex -1.747486e-02  5.766077e-04 -0.000000e+00
      vertex -1.681003e-02  7.015988e-04 -0.000000e+00
      vertex -1.747893e-02  6.765251e-04 -0.000000e+00
    endloop
  endfacet
  facet normal  0.000000e+00  0.000000e+00  0.000000e+00
    outer loop
      vertex -1.680655e-02  6.016593e-04  0.000000e+00
      vertex -1.680655e-02  6.016593e-04 -0.000000e+00
      vertex -1.747486e-02  5.766077e-04 -0.000000e+00
    endloop
  endfacet
  facet normal  0.000000e+00  0.000000e+00  0.000000e+00
    outer loop
      vertex -1.680655e-02  6.016593e-04  0.000000e+00
      vertex -1.747486e-02  5.766077e-04 -0.000000e+00
      vertex -1.747486e-02  5.766077e-04  0.000000e+00
    endloop
  endfacet
  facet normal  0.000000e+00  0.000000e+00  0.000000e+00
    outer loop
      vertex -1.681003e-02  7.015988e-04  0.000000e+00
      vertex -1.747893e-02  6.765251e-04  0.000000e+00
      vertex -1.681003e-02  7.015988e-04 -0.000000e+00
    endloop
  endfacet
  facet normal  0.000000e+00  0.000000e+00  0.000000e+00
    outer loop
      vertex -1.747893e-02  6.765251e-04  0.000000e+00
      vertex -1.747893e-02  6.765251e-04 -0.000000e+00
      vertex -1.681003e-02  7.015988e-04 -0.000000e+00
    endloop
  endfacet
  facet normal -0.000000e+00  0.000000e+00 -1.000000e+00
    outer loop
      vertex -1.747486e-02  5.766077e-04  0.000000e+00
      vertex -1.803729e-02  5.515644e-04  0.000000e+00
      vertex -1.747893e-02  6.765251e-04  0.000000e+00
    endloop
  endfacet
  facet normal  0.000000e+00  0.000000e+00 -1.000000e+00
    outer loop
      vertex -1.803729e-02  5.515644e-04  0.000000e+00
      vertex -1.804222e-02  6.514432e-04  0.000000e+00
      vertex -1.747893e-02  6.765251e-04  0.000000e+00
    endloop
  endfacet
  facet normal  0.000000e+00  0.000000e+00  1.000000e+00
    outer loop
      vertex -1.747486e-02  5.766077e-04 -0.000000e+00
      vertex -1.747893e-02  6.765251e-04 -0.000000e+00
      vertex -1.803729e-02  5.515644e-04 -0.000000e+00
    endloop
  endfacet
  facet normal  0.000000e+00 -0.000000e+00  1.000000e+00
    outer loop
      vertex -1.803729e-02  5.515644e-04 -0.000000e+00
      vertex -1.747893e-02  6.765251e-04 -0.000000e+00
      vertex -1.804222e-02  6.514432e-04 -0.000000e+00
    endloop
  endfacet
  facet normal  0.000000e+00  0.000000e+00  0.000000e+00
    outer loop
      vertex -1.747486e-02  5.766077e-04  0.000000e+00
      vertex -1.747486e-02  5.766077e-04 -0.000000e+00
      vertex -1.803729e-02  5.515644e-04 -0.000000e+00
    endloop
  endfacet
  facet normal  0.000000e+00  0.000000e+00  0.000000e+00
    outer loop
      vertex -1.747486e-02  5.766077e-04  0.000000e+00
      vertex -1.803729e-02  5.515644e-04 -0.000000e+00
      vertex -1.803729e-02  5.515644e-04  0.000000e+00
    endloop
  endfacet
  facet normal  0.000000e+00  0.000000e+00  0.000000e+00
    outer loop
      vertex -1.747893e-02  6.765251e-04  0.000000e+00
      vertex -1.804222e-02  6.514432e-04  0.000000e+00
      vertex -1.747893e-02  6.765251e-04 -0.000000e+00
    endloop
  endfacet
  facet normal  0.000000e+00  0.000000e+00  0.000000e+00
    outer loop
      vertex -1.804222e-02  6.514432e-04  0.000000e+00
      vertex -1.804222e-02  6.514432e-04 -0.000000e+00
      vertex -1.747893e-02  6.765251e-04 -0.000000e+00
    endloop
  endfacet
  facet normal -0.000000e+00  0.000000e+00 -1.000000e+00
    outer loop
      vertex -1.803729e-02  5.515644e-04  0.000000e+00
      vertex -1.848975e-02  5.265404e-04  0.000000e+00
      vertex -1.804222e-02  6.514432e-04  0.000000e+00
    endloop
  endfacet
  facet normal  0.000000e+00  0.000000e+00 -1.000000e+00
    outer loop
      vertex -1.848975e-02  5.265404e-04  0.000000e+00
      vertex -1.849605e-02  6.263418e-04  0.000000e+00
      vertex -1.804222e-02  6.514432e-04  0.000000e+00
    endloop
  endfacet
  facet normal  0.000000e+00  0.000000e+00  1.000000e+00
    outer loop
      vertex -1.803729e-02  5.515644e-04 -0.000000e+00
      vertex -1.804222e-02  6.514432e-04 -0.000000e+00
      vertex -1.848975e-02  5.265404e-04 -0.000000e+00
    endloop
  endfacet
  facet normal  0.000000e+00 -0.000000e+00  1.000000e+00
    outer loop
      vertex -1.848975e-02  5.265404e-04 -0.000000e+00
      vertex -1.804222e-02  6.514432e-04 -0.000000e+00
      vertex -1.849605e-02  6.263418e-04 -0.000000e+00
    endloop
  endfacet
  facet normal  0.000000e+00  0.000000e+00  0.000000e+00
    outer loop
      vertex -1.803729e-02  5.515644e-04  0.000000e+00
      vertex -1.803729e-02  5.515644e-04 -0.000000e+00
      vertex -1.848975e-02  5.265404e-04 -0.000000e+00
    endloop
  endfacet
  facet normal  0.000000e+00  0.000000e+00  0.000000e+00
    outer loop
      vertex -1.803729e-02  5.515644e-04  0.000000e+00
      vertex -1.848975e-02  5.265404e-04 -0.000000e+00
      vertex -1.848975e-02  5.265404e-04  0.000000e+00
    endloop
  endfacet
  facet normal  0.000000e+00  0.000000e+00  0.000000e+00
    outer loop
      vertex -1.804222e-02  6.514432e-04  0.000000e+00
      vertex -1.849605e-02  6.263418e-04  0.000000e+00
      vertex -1.804222e-02  6.514432e-04 -0.000000e+00
    endloop
  endfacet
  facet normal  0.000000e+00  0.000000e+00  0.000000e+00
    outer loop
      vertex -1.849605e-02  6.263418e-04  0.000000e+00
      vertex -1.849605e-02  6.263418e-04 -0.000000e+00
      vertex -1.804222e-02  6.514432e-04 -0.000000e+00
    endloop
  endfacet
  facet normal -0.000000e+00  0.000000e+00 -1.000000e+00
    outer loop
      vertex -1.848975e-02  5.265404e-04  0.000000e+00
      vertex -1.882860e-02  5.015738e-04  0.000000e+00
      vertex -1.849605e-02  6.263418e-04  0.000000e+00
    endloop
  endfacet
  facet normal  0.000000e+00  0.000000e+00 -1.000000e+00
    outer loop
      vertex -1.882860e-02  5.015738e-04  0.000000e+00
      vertex -1.883743e-02  6.011831e-04  0.000000e+00
      vertex -1.849605e-02  6.263418e-04  0.000000e+00
    endloop
  endfacet
  facet normal  0.000000e+00  0.000000e+00  1.000000e+00
    outer loop
      vertex -1.848975e-02  5.265404e-04 -0.000000e+00
      vertex -1.849605e-02  6.263418e-04 -0.000000e+00
      vertex -1.882860e-02  5.015738e-04 -0.000000e+00
    endloop
  endfacet
  facet normal  0.000000e+00 -0.000000e+00  1.000000e+00
    outer loop
      vertex -1.882860e-02  5.015738e-04 -0.000000e+00
      vertex -1.849605e-02  6.263418e-04 -0.000000e+00
      vertex -1.883743e-02  6.011831e-04 -0.000000e+00
    endloop
  endfacet
  facet normal  0.000000e+00  0.000000e+00  0.000000e+00
    outer loop
      vertex -1.848975e-02  5.265404e-04  0.000000e+00
      vertex -1.848975e-02  5.265404e-04 -0.000000e+00
      vertex -1.882860e-02  5.015738e-04 -0.000000e+00
    endloop
  endfacet
  facet normal  0.000000e+00  0.000000e+00  0.000000e+00
    outer loop
      vertex -1.848975e-02  5.265404e-04  0.000000e+00
      vertex -1.882860e-02  5.015738e-04 -0.000000e+00
      vertex -1.882860e-02  5.015738e-04  0.000000e+00
    endloop
  endfacet
  facet normal  0.000000e+00  0.000000e+00  0.000000e+00
    outer loop
      vertex -1.849605e-02  6.263418e-04  0.000000e+00
      vertex -1.883743e-02  6.011831e-04  0.000000e+00
      vertex -1.849605e-02  6.263418e-04 -0.000000e+00
    endloop
  endfacet
  facet normal  0.000000e+00  0.000000e+00  0.000000e+00
    outer loop
      vertex -1.883743e-02  6.011831e-04  0.000000e+00
      vertex -1.883743e-02  6.011831e-04 -0.000000e+00
      vertex -1.849605e-02  6.263418e-04 -0.000000e+00
    endloop
  endfacet
  facet normal -0.000000e+00  0.000000e+00 -1.000000e+00
    outer loop
      vertex -1.882860e-02  5.015738e-04  0.000000e+00
      vertex -1.905003e-02  4.768763e-04  0.000000e+00
      vertex -1.883743e-02  6.011831e-04  0.000000e+00
    endloop
  endfacet
  facet normal  0.000000e+00  0.000000e+00 -1.000000e+00
    outer loop
      vertex -1.905003e-02  4.768763e-04  0.000000e+00
      vertex -1.906496e-02  5.757552e-04  0.000000e+00
      vertex -1.883743e-02  6.011831e-04  0.000000e+00
    endloop
  endfacet
  facet normal  0.000000e+00  0.000000e+00  1.000000e+00
    outer loop
      vertex -1.882860e-02  5.015738e-04 -0.000000e+00
      vertex -1.883743e-02  6.011831e-04 -0.000000e+00
      vertex -1.905003e-02  4.768763e-04 -0.000000e+00
    endloop
  endfacet
  facet normal  0.000000e+00 -0.000000e+00  1.000000e+00
    outer loop
      vertex -1.905003e-02  4.768763e-04 -0.000000e+00
      vertex -1.883743e-02  6.011831e-04 -0.000000e+00
      vertex -1.906496e-02  5.757552e-04 -0.000000e+00
    endloop
  endfacet
  facet normal  0.000000e+00  0.000000e+00  0.000000e+00
    outer loop
      vertex -1.882860e-02  5.015738e-04  0.000000e+00
      vertex -1.882860e-02  5.015738e-04 -0.000000e+00
      vertex -1.905003e-02  4.768763e-04 -0.000000e+00
    endloop
  endfacet
  facet normal  0.000000e+00  0.000000e+00  0.000000e+00
    outer loop
      vertex -1.882860e-02  5.015738e-04  0.000000e+00
      vertex -1.905003e-02  4.768763e-04 -0.000000e+00
      vertex -1.905003e-02  4.768763e-04  0.000000e+00
    endloop
  endfacet
  facet normal  0.000000e+00  0.000000e+00  0.000000e+00
    outer loop
      vertex -1.883743e-02  6.011831e-04  0.000000e+00
      vertex -1.906496e-02  5.757552e-04  0.000000e+00
      vertex -1.883743e-02  6.011831e-04 -0.000000e+00
    endloop
  endfacet
  facet normal  0.000000e+00  0.000000e+00  0.000000e+00
    outer loop
      vertex -1.906496e-02  5.757552e-04  0.000000e+00
      vertex -1.906496e-02  5.757552e-04 -0.000000e+00
      vertex -1.883743e-02  6.011831e-04 -0.000000e+00
    endloop
  endfacet
  facet normal -0.000000e+00  0.000000e+00 -1.000000e+00
    outer loop
      vertex -1.905003e-02  4.768763e-04  0.000000e+00
      vertex -1.914118e-02  4.569887e-04  0.000000e+00
      vertex -1.906496e-02  5.757552e-04  0.000000e+00
    endloop
  endfacet
  facet normal  0.000000e+00  0.000000e+00 -1.000000e+00
    outer loop
      vertex -1.914118e-02  4.569887e-04  0.000000e+00
      vertex -1.918768e-02  5.455176e-04  0.000000e+00
      vertex -1.906496e-02  5.757552e-04  0.000000e+00
    endloop
  endfacet
  facet normal  0.000000e+00  0.000000e+00  1.000000e+00
    outer loop
      vertex -1.905003e-02  4.768763e-04 -0.000000e+00
      vertex -1.906496e-02  5.757552e-04 -0.000000e+00
      vertex -1.914118e-02  4.569887e-04 -0.000000e+00
    endloop
  endfacet
  facet normal  0.000000e+00 -0.000000e+00  1.000000e+00
    outer loop
      vertex -1.914118e-02  4.569887e-04 -0.000000e+00
      vertex -1.906496e-02  5.757552e-04 -0.000000e+00
      vertex -1.918768e-02  5.455176e-04 -0.000000e+00
    endloop
  endfacet
  facet normal  0.000000e+00  0.000000e+00  0.000000e+00
    outer loop
      vertex -1.905003e-02  4.768763e-04  0.000000e+00
      vertex -1.905003e-02  4.768763e-04 -0.000000e+00
      vertex -1.914118e-02  4.569887e-04 -0.000000e+00
    endloop
  endfacet
  facet normal  0.000000e+00  0.000000e+00  0.000000e+00
    outer loop
      vertex -1.905003e-02  4.768763e-04  0.000000e+00
      vertex -1.914118e-02  4.569887e-04 -0.000000e+00
      vertex -1.914118e-02  4.569887e-04  0.000000e+00
    endloop
  endfacet
  facet normal  0.000000e+00  0.000000e+00  0.000000e+00
    outer loop
      vertex -1.906496e-02  5.757552e-04  0.000000e+00
      vertex -1.918768e-02  5.455176e-04  0.000000e+00
      vertex -1.906496e-02  5.757552e-04 -0.000000e+00
    endloop
  endfacet
  facet normal  0.000000e+00  0.000000e+00  0.000000e+00
    outer loop
      vertex -1.918768e-02  5.455176e-04  0.000000e+00
      vertex -1.918768e-02  5.455176e-04 -0.000000e+00
      vertex -1.906496e-02  5.757552e-04 -0.000000e+00
    endloop
  endfacet
  facet normal  0.000000e+00 -0.000000e+00  1.000000e+00
    outer loop
      vertex -1.914118e-02  4.569887e-04  0.000000e+00
      vertex -1.913607e-02  5.233652e-04  0.000000e+00
      vertex -1.918768e-02  5.455176e-04  0.000000e+00
    endloop
  endfacet
  facet normal -0.000000e+00  0.000000e+00 -1.000000e+00
    outer loop
      vertex -1.913607e-02  5.233652e-04  0.000000e+00
      vertex -1.916921e-02  4.290158e-04  0.000000e+00
      vertex -1.918768e-02  5.455176e-04  0.000000e+00
    endloop
  endfacet
  facet normal  0.000000e+00  0.000000e+00 -1.000000e+00
    outer loop
      vertex -1.914118e-02  4.569887e-04 -0.000000e+00
      vertex -1.918768e-02  5.455176e-04 -0.000000e+00
      vertex -1.913607e-02  5.233652e-04 -0.000000e+00
    endloop
  endfacet
  facet normal  0.000000e+00  0.000000e+00  1.000000e+00
    outer loop
      vertex -1.913607e-02  5.233652e-04 -0.000000e+00
      vertex -1.918768e-02  5.455176e-04 -0.000000e+00
      vertex -1.916921e-02  4.290158e-04 -0.000000e+00
    endloop
  endfacet
  facet normal  0.000000e+00  0.000000e+00  0.000000e+00
    outer loop
      vertex -1.914118e-02  4.569887e-04  0.000000e+00
      vertex -1.914118e-02  4.569887e-04 -0.000000e+00
      vertex -1.913607e-02  5.233652e-04 -0.000000e+00
    endloop
  endfacet
  facet normal  0.000000e+00  0.000000e+00  0.000000e+00
    outer loop
      vertex -1.914118e-02  4.569887e-04  0.000000e+00
      vertex -1.913607e-02  5.233652e-04 -0.000000e+00
      vertex -1.913607e-02  5.233652e-04  0.000000e+00
    endloop
  endfacet
  facet normal  0.000000e+00  0.000000e+00  0.000000e+00
    outer loop
      vertex -1.918768e-02  5.455176e-04  0.000000e+00
      vertex -1.916921e-02  4.290158e-04  0.000000e+00
      vertex -1.918768e-02  5.455176e-04 -0.000000e+00
    endloop
  endfacet
  facet normal  0.000000e+00  0.000000e+00  0.000000e+00
    outer loop
      vertex -1.916921e-02  4.290158e-04  0.000000e+00
      vertex -1.916921e-02  4.290158e-04 -0.000000e+00
      vertex -1.918768e-02  5.455176e-04 -0.000000e+00
    endloop
  endfacet
  facet normal  0.000000e+00 -0.000000e+00 -1.000000e+00
    outer loop
      vertex -1.913607e-02  5.233652e-04  0.000000e+00
      vertex -1.901517e-02  5.007006e-04  0.000000e+00
      vertex -1.916921e-02  4.290158e-04  0.000000e+00
    endloop
  endfacet
  facet normal  0.000000e+00  0.000000e+00 -1.000000e+00
    outer loop
      vertex -1.901517e-02  5.007006e-04  0.000000e+00
      vertex -1.902822e-02  4.015550e-04  0.000000e+00
      vertex -1.916921e-02  4.290158e-04  0.000000e+00
    endloop
  endfacet
  facet normal  0.000000e+00  0.000000e+00  1.000000e+00
    outer loop
      vertex -1.913607e-02  5.233652e-04 -0.000000e+00
      vertex -1.916921e-02  4.290158e-04 -0.000000e+00
      vertex -1.901517e-02  5.007006e-04 -0.000000e+00
    endloop
  endfacet
  facet normal  0.000000e+00  0.000000e+00  1.000000e+00
    outer loop
      vertex -1.901517e-02  5.007006e-04 -0.000000e+00
      vertex -1.916921e-02  4.290158e-04 -0.000000e+00
      vertex -1.902822e-02  4.015550e-04 -0.000000e+00
    endloop
  endfacet
  facet normal  0.000000e+00  0.000000e+00  0.000000e+00
    outer loop
      vertex -1.913607e-02  5.233652e-04  0.000000e+00
      vertex -1.913607e-02  5.233652e-04 -0.000000e+00
      vertex -1.901517e-02  5.007006e-04 -0.000000e+00
    endloop
  endfacet
  facet normal  0.000000e+00  0.000000e+00  0.000000e+00
    outer loop
      vertex -1.913607e-02  5.233652e-04  0.000000e+00
      vertex -1.901517e-02  5.007006e-04 -0.000000e+00
      vertex -1.901517e-02  5.007006e-04  0.000000e+00
    endloop
  endfacet
  facet normal  0.000000e+00  0.000000e+00  0.000000e+00
    outer loop
      vertex -1.916921e-02  4.290158e-04  0.000000e+00
      vertex -1.902822e-02  4.015550e-04  0.000000e+00
      vertex -1.916921e-02  4.290158e-04 -0.000000e+00
    endloop
  endfacet
  facet normal  0.000000e+00  0.000000e+00  0.000000e+00
    outer loop
      vertex -1.902822e-02  4.015550e-04  0.000000e+00
      vertex -1.902822e-02  4.015550e-04 -0.000000e+00
      vertex -1.916921e-02  4.290158e-04 -0.000000e+00
    endloop
  endfacet
  facet normal  0.000000e+00 -0.000000e+00 -1.000000e+00
    outer loop
      vertex -1.901517e-02  5.007006e-04  0.000000e+00
      vertex -1.876783e-02  4.759015e-04  0.000000e+00
      vertex -1.902822e-02  4.015550e-04  0.000000e+00
    endloop
  endfacet
  facet normal  0.000000e+00  0.000000e+00 -1.000000e+00
    outer loop
      vertex -1.876783e-02  4.759015e-04  0.000000e+00
      vertex -1.877592e-02  3.762289e-04  0.000000e+00
      vertex -1.902822e-02  4.015550e-04  0.000000e+00
    endloop
  endfacet
  facet normal  0.000000e+00  0.000000e+00  1.000000e+00
    outer loop
      vertex -1.901517e-02  5.007006e-04 -0.000000e+00
      vertex -1.902822e-02  4.015550e-04 -0.000000e+00
      vertex -1.876783e-02  4.759015e-04 -0.000000e+00
    endloop
  endfacet
  facet normal  0.000000e+00  0.000000e+00  1.000000e+00
    outer loop
      vertex -1.876783e-02  4.759015e-04 -0.000000e+00
      vertex -1.902822e-02  4.015550e-04 -0.000000e+00
      vertex -1.877592e-02  3.762289e-04 -0.000000e+00
    endloop
  endfacet
  facet normal  0.000000e+00  0.000000e+00  0.000000e+00
    outer loop
      vertex -1.901517e-02  5.007006e-04  0.000000e+00
      vertex -1.901517e-02  5.007006e-04 -0.000000e+00
      vertex -1.876783e-02  4.759015e-04 -0.000000e+00
    endloop
  endfacet
  facet normal  0.000000e+00  0.000000e+00  0.000000e+00
    outer loop
      vertex -1.901517e-02  5.007006e-04  0.000000e+00
      vertex -1.876783e-02  4.759015e-04 -0.000000e+00
      vertex -1.876783e-02  4.759015e-04  0.000000e+00
    endloop
  endfacet
  facet normal  0.000000e+00  0.000000e+00  0.000000e+00
    outer loop
      vertex -1.902822e-02  4.015550e-04  0.000000e+00
      vertex -1.877592e-02  3.762289e-04  0.000000e+00
      vertex -1.902822e-02  4.015550e-04 -0.000000e+00
    endloop
  endfacet
  facet normal  0.000000e+00  0.000000e+00  0.000000e+00
    outer loop
      vertex -1.877592e-02  3.762289e-04  0.000000e+00
      vertex -1.877592e-02  3.762289e-04 -0.000000e+00
      vertex -1.902822e-02  4.015550e-04 -0.000000e+00
    endloop
  endfacet
  facet normal  0.000000e+00 -0.000000e+00 -1.000000e+00
    outer loop
      vertex -1.876783e-02  4.759015e-04  0.000000e+00
      vertex -1.840129e-02  4.509162e-04  0.000000e+00
      vertex -1.877592e-02  3.762289e-04  0.000000e+00
    endloop
  endfacet
  facet normal  0.000000e+00  0.000000e+00 -1.000000e+00
    outer loop
      vertex -1.840129e-02  4.509162e-04  0.000000e+00
      vertex -1.840716e-02  3.510888e-04  0.000000e+00
      vertex -1.877592e-02  3.762289e-04  0.000000e+00
    endloop
  endfacet
  facet normal  0.000000e+00  0.000000e+00  1.000000e+00
    outer loop
      vertex -1.876783e-02  4.759015e-04 -0.000000e+00
      vertex -1.877592e-02  3.762289e-04 -0.000000e+00
      vertex -1.840129e-02  4.509162e-04 -0.000000e+00
    endloop
  endfacet
  facet normal  0.000000e+00  0.000000e+00  1.000000e+00
    outer loop
      vertex -1.840129e-02  4.509162e-04 -0.000000e+00
      vertex -1.877592e-02  3.762289e-04 -0.000000e+00
      vertex -1.840716e-02  3.510888e-04 -0.000000e+00
    endloop
  endfacet
  facet normal  0.000000e+00  0.000000e+00  0.000000e+00
    outer loop
      vertex -1.876783e-02  4.759015e-04  0.000000e+00
      vertex -1.876783e-02  4.759015e-04 -0.000000e+00
      vertex -1.840129e-02  4.509162e-04 -0.000000e+00
    endloop
  endfacet
  facet normal  0.000000e+00  0.000000e+00  0.000000e+00
    outer loop
      vertex -1.876783e-02  4.759015e-04  0.000000e+00
      vertex -1.840129e-02  4.509162e-04 -0.000000e+00
      vertex -1.840129e-02  4.509162e-04  0.000000e+00
    endloop
  endfacet
  facet normal  0.000000e+00  0.000000e+00  0.000000e+00
    outer loop
      vertex -1.877592e-02  3.762289e-04  0.000000e+00
      vertex -1.840716e-02  3.510888e-04  0.000000e+00
      vertex -1.877592e-02  3.762289e-04 -0.000000e+00
    endloop
  endfacet
  facet normal  0.000000e+00  0.000000e+00  0.000000e+00
    outer loop
      vertex -1.840716e-02  3.510888e-04  0.000000e+00
      vertex -1.840716e-02  3.510888e-04 -0.000000e+00
      vertex -1.877592e-02  3.762289e-04 -0.000000e+00
    endloop
  endfacet
  facet normal  0.000000e+00 -0.000000e+00 -1.000000e+00
    outer loop
      vertex -1.840129e-02  4.509162e-04  0.000000e+00
      vertex -1.791822e-02  4.258863e-04  0.000000e+00
      vertex -1.840716e-02  3.510888e-04  0.000000e+00
    endloop
  endfacet
  facet normal  0.000000e+00  0.000000e+00 -1.000000e+00
    outer loop
      vertex -1.791822e-02  4.258863e-04  0.000000e+00
      vertex -1.792285e-02  3.259934e-04  0.000000e+00
      vertex -1.840716e-02  3.510888e-04  0.000000e+00
    endloop
  endfacet
  facet normal  0.000000e+00  0.000000e+00  1.000000e+00
    outer loop
      vertex -1.840129e-02  4.509162e-04 -0.000000e+00
      vertex -1.840716e-02  3.510888e-04 -0.000000e+00
      vertex -1.791822e-02  4.258863e-04 -0.000000e+00
    endloop
  endfacet
  facet normal  0.000000e+00  0.000000e+00  1.000000e+00
    outer loop
      vertex -1.791822e-02  4.258863e-04 -0.000000e+00
      vertex -1.840716e-02  3.510888e-04 -0.000000e+00
      vertex -1.792285e-02  3.259934e-04 -0.000000e+00
    endloop
  endfacet
  facet normal  0.000000e+00  0.000000e+00  0.000000e+00
    outer loop
      vertex -1.840129e-02  4.509162e-04  0.000000e+00
      vertex -1.840129e-02  4.509162e-04 -0.000000e+00
      vertex -1.791822e-02  4.258863e-04 -0.000000e+00
    endloop
  endfacet
  facet normal  0.000000e+00  0.000000e+00  0.000000e+00
    outer loop
      vertex -1.840129e-02  4.509162e-04  0.000000e+00
      vertex -1.791822e-02  4.258863e-04 -0.000000e+00
      vertex -1.791822e-02  4.258863e-04  0.000000e+00
    endloop
  endfacet
  facet normal  0.000000e+00  0.000000e+00  0.000000e+00
    outer loop
      vertex -1.840716e-02  3.510888e-04  0.000000e+00
      vertex -1.792285e-02  3.259934e-04  0.000000e+00
      vertex -1.840716e-02  3.510888e-04 -0.000000e+00
    endloop
  endfacet
  facet normal  0.000000e+00  0.000000e+00  0.000000e+00
    outer loop
      vertex -1.792285e-02  3.259934e-04  0.000000e+00
      vertex -1.792285e-02  3.259934e-04 -0.000000e+00
      vertex -1.840716e-02  3.510888e-04 -0.000000e+00
    endloop
  endfacet
  facet normal  0.000000e+00 -0.000000e+00 -1.000000e+00
    outer loop
      vertex -1.791822e-02  4.258863e-04  0.000000e+00
      vertex -1.732138e-02  4.008404e-04  0.000000e+00
      vertex -1.792285e-02  3.259934e-04  0.000000e+00
    endloop
  endfacet
  facet normal  0.000000e+00  0.000000e+00 -1.000000e+00
    outer loop
      vertex -1.732138e-02  4.008404e-04  0.000000e+00
      vertex -1.732522e-02  3.009140e-04  0.000000e+00
      vertex -1.792285e-02  3.259934e-04  0.000000e+00
    endloop
  endfacet
  facet normal  0.000000e+00  0.000000e+00  1.000000e+00
    outer loop
      vertex -1.791822e-02  4.258863e-04 -0.000000e+00
      vertex -1.792285e-02  3.259934e-04 -0.000000e+00
      vertex -1.732138e-02  4.008404e-04 -0.000000e+00
    endloop
  endfacet
  facet normal  0.000000e+00  0.000000e+00  1.000000e+00
    outer loop
      vertex -1.732138e-02  4.008404e-04 -0.000000e+00
      vertex -1.792285e-02  3.259934e-04 -0.000000e+00
      vertex -1.732522e-02  3.009140e-04 -0.000000e+00
    endloop
  endfacet
  facet normal  0.000000e+00  0.000000e+00  0.000000e+00
    outer loop
      vertex -1.791822e-02  4.258863e-04  0.000000e+00
      vertex -1.791822e-02  4.258863e-04 -0.000000e+00
      vertex -1.732138e-02  4.008404e-04 -0.000000e+00
    endloop
  endfacet
  facet normal  0.000000e+00  0.000000e+00  0.000000e+00
    outer loop
      vertex -1.791822e-02  4.258863e-04  0.000000e+00
      vertex -1.732138e-02  4.008404e-04 -0.000000e+00
      vertex -1.732138e-02  4.008404e-04  0.000000e+00
    endloop
  endfacet
  facet normal  0.000000e+00  0.000000e+00  0.000000e+00
    outer loop
      vertex -1.792285e-02  3.259934e-04  0.000000e+00
      vertex -1.732522e-02  3.009140e-04  0.000000e+00
      vertex -1.792285e-02  3.259934e-04 -0.000000e+00
    endloop
  endfacet
  facet normal  0.000000e+00  0.000000e+00  0.000000e+00
    outer loop
      vertex -1.732522e-02  3.009140e-04  0.000000e+00
      vertex -1.732522e-02  3.009140e-04 -0.000000e+00
      vertex -1.792285e-02  3.259934e-04 -0.000000e+00
    endloop
  endfacet
  facet normal  0.000000e+00 -0.000000e+00 -1.000000e+00
    outer loop
      vertex -1.732138e-02  4.008404e-04  0.000000e+00
      vertex -1.661411e-02  3.757875e-04  0.000000e+00
      vertex -1.732522e-02  3.009140e-04  0.000000e+00
    endloop
  endfacet
  facet normal  0.000000e+00  0.000000e+00 -1.000000e+00
    outer loop
      vertex -1.661411e-02  3.757875e-04  0.000000e+00
      vertex -1.661740e-02  2.758416e-04  0.000000e+00
      vertex -1.732522e-02  3.009140e-04  0.000000e+00
    endloop
  endfacet
  facet normal  0.000000e+00  0.000000e+00  1.000000e+00
    outer loop
      vertex -1.732138e-02  4.008404e-04 -0.000000e+00
      vertex -1.732522e-02  3.009140e-04 -0.000000e+00
      vertex -1.661411e-02  3.757875e-04 -0.000000e+00
    endloop
  endfacet
  facet normal  0.000000e+00  0.000000e+00  1.000000e+00
    outer loop
      vertex -1.661411e-02  3.757875e-04 -0.000000e+00
      vertex -1.732522e-02  3.009140e-04 -0.000000e+00
      vertex -1.661740e-02  2.758416e-04 -0.000000e+00
    endloop
  endfacet
  facet normal  0.000000e+00  0.000000e+00  0.000000e+00
    outer loop
      vertex -1.732138e-02  4.008404e-04  0.000000e+00
      vertex -1.732138e-02  4.008404e-04 -0.000000e+00
      vertex -1.661411e-02  3.757875e-04 -0.000000e+00
    endloop
  endfacet
  facet normal  0.000000e+00  0.000000e+00  0.000000e+00
    outer loop
      vertex -1.732138e-02  4.008404e-04  0.000000e+00
      vertex -1.661411e-02  3.757875e-04 -0.000000e+00
      vertex -1.661411e-02  3.757875e-04  0.000000e+00
    endloop
  endfacet
  facet normal  0.000000e+00  0.000000e+00  0.000000e+00
    outer loop
      vertex -1.732522e-02  3.009140e-04  0.000000e+00
      vertex -1.661740e-02  2.758416e-04  0.000000e+00
      vertex -1.732522e-02  3.009140e-04 -0.000000e+00
    endloop
  endfacet
  facet normal  0.000000e+00  0.000000e+00  0.000000e+00
    outer loop
      vertex -1.661740e-02  2.758416e-04  0.000000e+00
      vertex -1.661740e-02  2.758416e-04 -0.000000e+00
      vertex -1.732522e-02  3.009140e-04 -0.000000e+00
    endloop
  endfacet
  facet normal  0.000000e+00 -0.000000e+00 -1.000000e+00
    outer loop
      vertex -1.661411e-02  3.757875e-04  0.000000e+00
      vertex -1.580040e-02  3.507309e-04  0.000000e+00
      vertex -1.661740e-02  2.758416e-04  0.000000e+00
    endloop
  endfacet
  facet normal  0.000000e+00  0.000000e+00 -1.000000e+00
    outer loop
      vertex -1.580040e-02  3.507309e-04  0.000000e+00
      vertex -1.580329e-02  2.507728e-04  0.000000e+00
      vertex -1.661740e-02  2.758416e-04  0.000000e+00
    endloop
  endfacet
  facet normal  0.000000e+00  0.000000e+00  1.000000e+00
    outer loop
      vertex -1.661411e-02  3.757875e-04 -0.000000e+00
      vertex -1.661740e-02  2.758416e-04 -0.000000e+00
      vertex -1.580040e-02  3.507309e-04 -0.000000e+00
    endloop
  endfacet
  facet normal  0.000000e+00  0.000000e+00  1.000000e+00
    outer loop
      vertex -1.580040e-02  3.507309e-04 -0.000000e+00
      vertex -1.661740e-02  2.758416e-04 -0.000000e+00
      vertex -1.580329e-02  2.507728e-04 -0.000000e+00
    endloop
  endfacet
  facet normal  0.000000e+00  0.000000e+00  0.000000e+00
    outer loop
      vertex -1.661411e-02  3.757875e-04  0.000000e+00
      vertex -1.661411e-02  3.757875e-04 -0.000000e+00
      vertex -1.580040e-02  3.507309e-04 -0.000000e+00
    endloop
  endfacet
  facet normal  0.000000e+00  0.000000e+00  0.000000e+00
    outer loop
      vertex -1.661411e-02  3.757875e-04  0.000000e+00
      vertex -1.580040e-02  3.507309e-04 -0.000000e+00
      vertex -1.580040e-02  3.507309e-04  0.000000e+00
    endloop
  endfacet
  facet normal  0.000000e+00  0.000000e+00  0.000000e+00
    outer loop
      vertex -1.661740e-02  2.758416e-04  0.000000e+00
      vertex -1.580329e-02  2.507728e-04  0.000000e+00
      vertex -1.661740e-02  2.758416e-04 -0.000000e+00
    endloop
  endfacet
  facet normal  0.000000e+00  0.000000e+00  0.000000e+00
    outer loop
      vertex -1.580329e-02  2.507728e-04  0.000000e+00
      vertex -1.580329e-02  2.507728e-04 -0.000000e+00
      vertex -1.661740e-02  2.758416e-04 -0.000000e+00
    endloop
  endfacet
  facet normal  0.000000e+00 -0.000000e+00 -1.000000e+00
    outer loop
      vertex -1.580040e-02  3.507309e-04  0.000000e+00
      vertex -1.488487e-02  3.256724e-04  0.000000e+00
      vertex -1.580329e-02  2.507728e-04  0.000000e+00
    endloop
  endfacet
  facet normal  0.000000e+00  0.000000e+00 -1.000000e+00
    outer loop
      vertex -1.488487e-02  3.256724e-04  0.000000e+00
      vertex -1.488747e-02  2.257061e-04  0.000000e+00
      vertex -1.580329e-02  2.507728e-04  0.000000e+00
    endloop
  endfacet
  facet normal  0.000000e+00  0.000000e+00  1.000000e+00
    outer loop
      vertex -1.580040e-02  3.507309e-04 -0.000000e+00
      vertex -1.580329e-02  2.507728e-04 -0.000000e+00
      vertex -1.488487e-02  3.256724e-04 -0.000000e+00
    endloop
  endfacet
  facet normal  0.000000e+00  0.000000e+00  1.000000e+00
    outer loop
      vertex -1.488487e-02  3.256724e-04 -0.000000e+00
      vertex -1.580329e-02  2.507728e-04 -0.000000e+00
      vertex -1.488747e-02  2.257061e-04 -0.000000e+00
    endloop
  endfacet
  facet normal  0.000000e+00  0.000000e+00  0.000000e+00
    outer loop
      vertex -1.580040e-02  3.507309e-04  0.000000e+00
      vertex -1.580040e-02  3.507309e-04 -0.000000e+00
      vertex -1.488487e-02  3.256724e-04 -0.000000e+00
    endloop
  endfacet
  facet normal  0.000000e+00  0.000000e+00  0.000000e+00
    outer loop
      vertex -1.580040e-02  3.507309e-04  0.000000e+00
      vertex -1.488487e-02  3.256724e-04 -0.000000e+00
      vertex -1.488487e-02  3.256724e-04  0.000000e+00
    endloop
  endfacet
  facet normal  0.000000e+00  0.000000e+00  0.000000e+00
    outer loop
      vertex -1.580329e-02  2.507728e-04  0.000000e+00
      vertex -1.488747e-02  2.257061e-04  0.000000e+00
      vertex -1.580329e-02  2.507728e-04 -0.000000e+00
    endloop
  endfacet
  facet normal  0.000000e+00  0.000000e+00  0.000000e+00
    outer loop
      vertex -1.488747e-02  2.257061e-04  0.000000e+00
      vertex -1.488747e-02  2.257061e-04 -0.000000e+00
      vertex -1.580329e-02  2.507728e-04 -0.000000e+00
    endloop
  endfacet
  facet normal  0.000000e+00 -0.000000e+00 -1.000000e+00
    outer loop
      vertex -1.488487e-02  3.256724e-04  0.000000e+00
      vertex -1.387282e-02  3.006126e-04  0.000000e+00
      vertex -1.488747e-02  2.257061e-04  0.000000e+00
    endloop
  endfacet
  facet normal  0.000000e+00  0.000000e+00 -1.000000e+00
    outer loop
      vertex -1.387282e-02  3.006126e-04  0.000000e+00
      vertex -1.387518e-02  2.006406e-04  0.000000e+00
      vertex -1.488747e-02  2.257061e-04  0.000000e+00
    endloop
  endfacet
  facet normal  0.000000e+00  0.000000e+00  1.000000e+00
    outer loop
      vertex -1.488487e-02  3.256724e-04 -0.000000e+00
      vertex -1.488747e-02  2.257061e-04 -0.000000e+00
      vertex -1.387282e-02  3.006126e-04 -0.000000e+00
    endloop
  endfacet
  facet normal  0.000000e+00  0.000000e+00  1.000000e+00
    outer loop
      vertex -1.387282e-02  3.006126e-04 -0.000000e+00
      vertex -1.488747e-02  2.257061e-04 -0.000000e+00
      vertex -1.387518e-02  2.006406e-04 -0.000000e+00
    endloop
  endfacet
  facet normal  0.000000e+00  0.000000e+00  0.000000e+00
    outer loop
      vertex -1.488487e-02  3.256724e-04  0.000000e+00
      vertex -1.488487e-02  3.256724e-04 -0.000000e+00
      vertex -1.387282e-02  3.006126e-04 -0.000000e+00
    endloop
  endfacet
  facet normal  0.000000e+00  0.000000e+00  0.000000e+00
    outer loop
      vertex -1.488487e-02  3.256724e-04  0.000000e+00
      vertex -1.387282e-02  3.006126e-04 -0.000000e+00
      vertex -1.387282e-02  3.006126e-04  0.000000e+00
    endloop
  endfacet
  facet normal  0.000000e+00  0.000000e+00  0.000000e+00
    outer loop
      vertex -1.488747e-02  2.257061e-04  0.000000e+00
      vertex -1.387518e-02  2.006406e-04  0.000000e+00
      vertex -1.488747e-02  2.257061e-04 -0.000000e+00
    endloop
  endfacet
  facet normal  0.000000e+00  0.000000e+00  0.000000e+00
    outer loop
      vertex -1.387518e-02  2.006406e-04  0.000000e+00
      vertex -1.387518e-02  2.006406e-04 -0.000000e+00
      vertex -1.488747e-02  2.257061e-04 -0.000000e+00
    endloop
  endfacet
  facet normal  0.000000e+00 -0.000000e+00 -1.000000e+00
    outer loop
      vertex -1.387282e-02  3.006126e-04  0.000000e+00
      vertex -1.277013e-02  2.755520e-04  0.000000e+00
      vertex -1.387518e-02  2.006406e-04  0.000000e+00
    endloop
  endfacet
  facet normal  0.000000e+00  0.000000e+00 -1.000000e+00
    outer loop
      vertex -1.277013e-02  2.755520e-04  0.000000e+00
      vertex -1.277232e-02  1.755759e-04  0.000000e+00
      vertex -1.387518e-02  2.006406e-04  0.000000e+00
    endloop
  endfacet
  facet normal  0.000000e+00  0.000000e+00  1.000000e+00
    outer loop
      vertex -1.387282e-02  3.006126e-04 -0.000000e+00
      vertex -1.387518e-02  2.006406e-04 -0.000000e+00
      vertex -1.277013e-02  2.755520e-04 -0.000000e+00
    endloop
  endfacet
  facet normal  0.000000e+00  0.000000e+00  1.000000e+00
    outer loop
      vertex -1.277013e-02  2.755520e-04 -0.000000e+00
      vertex -1.387518e-02  2.006406e-04 -0.000000e+00
      vertex -1.277232e-02  1.755759e-04 -0.000000e+00
    endloop
  endfacet
  facet normal  0.000000e+00  0.000000e+00  0.000000e+00
    outer loop
      vertex -1.387282e-02  3.006126e-04  0.000000e+00
      vertex -1.387282e-02  3.006126e-04 -0.000000e+00
      vertex -1.277013e-02  2.755520e-04 -0.000000e+00
    endloop
  endfacet
  facet normal  0.000000e+00  0.000000e+00  0.000000e+00
    outer loop
      vertex -1.387282e-02  3.006126e-04  0.000000e+00
      vertex -1.277013e-02  2.755520e-04 -0.000000e+00
      vertex -1.277013e-02  2.755520e-04  0.000000e+00
    endloop
  endfacet
  facet normal  0.000000e+00  0.000000e+00  0.000000e+00
    outer loop
      vertex -1.387518e-02  2.006406e-04  0.000000e+00
      vertex -1.277232e-02  1.755759e-04  0.000000e+00
      vertex -1.387518e-02  2.006406e-04 -0.000000e+00
    endloop
  endfacet
  facet normal  0.000000e+00  0.000000e+00  0.000000e+00
    outer loop
      vertex -1.277232e-02  1.755759e-04  0.000000e+00
      vertex -1.277232e-02  1.755759e-04 -0.000000e+00
      vertex -1.387518e-02  2.006406e-04 -0.000000e+00
    endloop
  endfacet
  facet normal  0.000000e+00 -0.000000e+00 -1.000000e+00
    outer loop
      vertex -1.277013e-02  2.755520e-04  0.000000e+00
      vertex -1.158330e-02  2.504908e-04  0.000000e+00
      vertex -1.277232e-02  1.755759e-04  0.000000e+00
    endloop
  endfacet
  facet normal  0.000000e+00  0.000000e+00 -1.000000e+00
    outer loop
      vertex -1.158330e-02  2.504908e-04  0.000000e+00
      vertex -1.158535e-02  1.505117e-04  0.000000e+00
      vertex -1.277232e-02  1.755759e-04  0.000000e+00
    endloop
  endfacet
  facet normal  0.000000e+00  0.000000e+00  1.000000e+00
    outer loop
      vertex -1.277013e-02  2.755520e-04 -0.000000e+00
      vertex -1.277232e-02  1.755759e-04 -0.000000e+00
      vertex -1.158330e-02  2.504908e-04 -0.000000e+00
    endloop
  endfacet
  facet normal  0.000000e+00  0.000000e+00  1.000000e+00
    outer loop
      vertex -1.158330e-02  2.504908e-04 -0.000000e+00
      vertex -1.277232e-02  1.755759e-04 -0.000000e+00
      vertex -1.158535e-02  1.505117e-04 -0.000000e+00
    endloop
  endfacet
  facet normal  0.000000e+00  0.000000e+00  0.000000e+00
    outer loop
      vertex -1.277013e-02  2.755520e-04  0.000000e+00
      vertex -1.277013e-02  2.755520e-04 -0.000000e+00
      vertex -1.158330e-02  2.504908e-04 -0.000000e+00
    endloop
  endfacet
  facet normal  0.000000e+00  0.000000e+00  0.000000e+00
    outer loop
      vertex -1.277013e-02  2.755520e-04  0.000000e+00
      vertex -1.158330e-02  2.504908e-04 -0.000000e+00
      vertex -1.158330e-02  2.504908e-04  0.000000e+00
    endloop
  endfacet
  facet normal  0.000000e+00  0.000000e+00  0.000000e+00
    outer loop
      vertex -1.277232e-02  1.755759e-04  0.000000e+00
      vertex -1.158535e-02  1.505117e-04  0.000000e+00
      vertex -1.277232e-02  1.755759e-04 -0.000000e+00
    endloop
  endfacet
  facet normal  0.000000e+00  0.000000e+00  0.000000e+00
    outer loop
      vertex -1.158535e-02  1.505117e-04  0.000000e+00
      vertex -1.158535e-02  1.505117e-04 -0.000000e+00
      vertex -1.277232e-02  1.755759e-04 -0.000000e+00
    endloop
  endfacet
  facet normal  0.000000e+00 -0.000000e+00 -1.000000e+00
    outer loop
      vertex -1.158330e-02  2.504908e-04  0.000000e+00
      vertex -1.031937e-02  2.254293e-04  0.000000e+00
      vertex -1.158535e-02  1.505117e-04  0.000000e+00
    endloop
  endfacet
  facet normal  0.000000e+00  0.000000e+00 -1.000000e+00
    outer loop
      vertex -1.031937e-02  2.254293e-04  0.000000e+00
      vertex -1.032130e-02  1.254479e-04  0.000000e+00
      vertex -1.158535e-02  1.505117e-04  0.000000e+00
    endloop
  endfacet
  facet normal  0.000000e+00  0.000000e+00  1.000000e+00
    outer loop
      vertex -1.158330e-02  2.504908e-04 -0.000000e+00
      vertex -1.158535e-02  1.505117e-04 -0.000000e+00
      vertex -1.031937e-02  2.254293e-04 -0.000000e+00
    endloop
  endfacet
  facet normal  0.000000e+00  0.000000e+00  1.000000e+00
    outer loop
      vertex -1.031937e-02  2.254293e-04 -0.000000e+00
      vertex -1.158535e-02  1.505117e-04 -0.000000e+00
      vertex -1.032130e-02  1.254479e-04 -0.000000e+00
    endloop
  endfacet
  facet normal  0.000000e+00  0.000000e+00  0.000000e+00
    outer loop
      vertex -1.158330e-02  2.504908e-04  0.000000e+00
      vertex -1.158330e-02  2.504908e-04 -0.000000e+00
      vertex -1.031937e-02  2.254293e-04 -0.000000e+00
    endloop
  endfacet
  facet normal  0.000000e+00  0.000000e+00  0.000000e+00
    outer loop
      vertex -1.158330e-02  2.504908e-04  0.000000e+00
      vertex -1.031937e-02  2.254293e-04 -0.000000e+00
      vertex -1.031937e-02  2.254293e-04  0.000000e+00
    endloop
  endfacet
  facet normal  0.000000e+00  0.000000e+00  0.000000e+00
    outer loop
      vertex -1.158535e-02  1.505117e-04  0.000000e+00
      vertex -1.032130e-02  1.254479e-04  0.000000e+00
      vertex -1.158535e-02  1.505117e-04 -0.000000e+00
    endloop
  endfacet
  facet normal  0.000000e+00  0.000000e+00  0.000000e+00
    outer loop
      vertex -1.032130e-02  1.254479e-04  0.000000e+00
      vertex -1.032130e-02  1.254479e-04 -0.000000e+00
      vertex -1.158535e-02  1.505117e-04 -0.000000e+00
    endloop
  endfacet
  facet normal  0.000000e+00 -0.000000e+00 -1.000000e+00
    outer loop
      vertex -1.031937e-02  2.254293e-04  0.000000e+00
      vertex -8.985887e-03  2.003675e-04  0.000000e+00
      vertex -1.032130e-02  1.254479e-04  0.000000e+00
    endloop
  endfacet
  facet normal  0.000000e+00  0.000000e+00 -1.000000e+00
    outer loop
      vertex -8.985887e-03  2.003675e-04  0.000000e+00
      vertex -8.987722e-03  1.003844e-04  0.000000e+00
      vertex -1.032130e-02  1.254479e-04  0.000000e+00
    endloop
  endfacet
  facet normal  0.000000e+00  0.000000e+00  1.000000e+00
    outer loop
      vertex -1.031937e-02  2.254293e-04 -0.000000e+00
      vertex -1.032130e-02  1.254479e-04 -0.000000e+00
      vertex -8.985887e-03  2.003675e-04 -0.000000e+00
    endloop
  endfacet
  facet normal  0.000000e+00  0.000000e+00  1.000000e+00
    outer loop
      vertex -8.985887e-03  2.003675e-04 -0.000000e+00
      vertex -1.032130e-02  1.254479e-04 -0.000000e+00
      vertex -8.987722e-03  1.003844e-04 -0.000000e+00
    endloop
  endfacet
  facet normal  0.000000e+00  0.000000e+00  0.000000e+00
    outer loop
      vertex -1.031937e-02  2.254293e-04  0.000000e+00
      vertex -1.031937e-02  2.254293e-04 -0.000000e+00
      vertex -8.985887e-03  2.003675e-04 -0.000000e+00
    endloop
  endfacet
  facet normal  0.000000e+00  0.000000e+00  0.000000e+00
    outer loop
      vertex -1.031937e-02  2.254293e-04  0.000000e+00
      vertex -8.985887e-03  2.003675e-04 -0.000000e+00
      vertex -8.985887e-03  2.003675e-04  0.000000e+00
    endloop
  endfacet
  facet normal  0.000000e+00  0.000000e+00  0.000000e+00
    outer loop
      vertex -1.032130e-02  1.254479e-04  0.000000e+00
      vertex -8.987722e-03  1.003844e-04  0.000000e+00
      vertex -1.032130e-02  1.254479e-04 -0.000000e+00
    endloop
  endfacet
  facet normal  0.000000e+00  0.000000e+00  0.000000e+00
    outer loop
      vertex -8.987722e-03  1.003844e-04  0.000000e+00
      vertex -8.987722e-03  1.003844e-04 -0.000000e+00
      vertex -1.032130e-02  1.254479e-04 -0.000000e+00
    endloop
  endfacet
  facet normal  0.000000e+00 -0.000000e+00 -1.000000e+00
    outer loop
      vertex -8.985887e-03  2.003675e-04  0.000000e+00
      vertex -7.590855e-03  1.753055e-04  0.000000e+00
      vertex -8.987722e-03  1.003844e-04  0.000000e+00
    endloop
  endfacet
  facet normal  0.000000e+00  0.000000e+00 -1.000000e+00
    outer loop
      vertex -7.590855e-03  1.753055e-04  0.000000e+00
      vertex -7.592616e-03  7.532104e-05  0.000000e+00
      vertex -8.987722e-03  1.003844e-04  0.000000e+00
    endloop
  endfacet
  facet normal  0.000000e+00  0.000000e+00  1.000000e+00
    outer loop
      vertex -8.985887e-03  2.003675e-04 -0.000000e+00
      vertex -8.987722e-03  1.003844e-04 -0.000000e+00
      vertex -7.590855e-03  1.753055e-04 -0.000000e+00
    endloop
  endfacet
  facet normal  0.000000e+00  0.000000e+00  1.000000e+00
    outer loop
      vertex -7.590855e-03  1.753055e-04 -0.000000e+00
      vertex -8.987722e-03  1.003844e-04 -0.000000e+00
      vertex -7.592616e-03  7.532104e-05 -0.000000e+00
    endloop
  endfacet
  facet normal  0.000000e+00  0.000000e+00  0.000000e+00
    outer loop
      vertex -8.985887e-03  2.003675e-04  0.000000e+00
      vertex -8.985887e-03  2.003675e-04 -0.000000e+00
      vertex -7.590855e-03  1.753055e-04 -0.000000e+00
    endloop
  endfacet
  facet normal  0.000000e+00  0.000000e+00  0.000000e+00
    outer loop
      vertex -8.985887e-03  2.003675e-04  0.000000e+00
      vertex -7.590855e-03  1.753055e-04 -0.000000e+00
      vertex -7.590855e-03  1.753055e-04  0.000000e+00
    endloop
  endfacet
  facet normal  0.000000e+00  0.000000e+00  0.000000e+00
    outer loop
      vertex -8.987722e-03  1.003844e-04  0.000000e+00
      vertex -7.592616e-03  7.532104e-05  0.000000e+00
      vertex -8.987722e-03  1.003844e-04 -0.000000e+00
    endloop
  endfacet
  facet normal  0.000000e+00  0.000000e+00  0.000000e+00
    outer loop
      vertex -7.592616e-03  7.532104e-05  0.000000e+00
      vertex -7.592616e-03  7.532104e-05 -0.000000e+00
      vertex -8.987722e-03  1.003844e-04 -0.000000e+00
    endloop
  endfacet
  facet normal  0.000000e+00 -0.000000e+00 -1.000000e+00
    outer loop
      vertex -7.590855e-03  1.753055e-04  0.000000e+00
      vertex -6.142706e-03  1.502434e-04  0.000000e+00
      vertex -7.592616e-03  7.532104e-05  0.000000e+00
    endloop
  endfacet
  facet normal  0.000000e+00  0.000000e+00 -1.000000e+00
    outer loop
      vertex -6.142706e-03  1.502434e-04  0.000000e+00
      vertex -6.144409e-03  5.025787e-05  0.000000e+00
      vertex -7.592616e-03  7.532104e-05  0.000000e+00
    endloop
  endfacet
  facet normal  0.000000e+00  0.000000e+00  1.000000e+00
    outer loop
      vertex -7.590855e-03  1.753055e-04 -0.000000e+00
      vertex -7.592616e-03  7.532104e-05 -0.000000e+00
      vertex -6.142706e-03  1.502434e-04 -0.000000e+00
    endloop
  endfacet
  facet normal  0.000000e+00  0.000000e+00  1.000000e+00
    outer loop
      vertex -6.142706e-03  1.502434e-04 -0.000000e+00
      vertex -7.592616e-03  7.532104e-05 -0.000000e+00
      vertex -6.144409e-03  5.025787e-05 -0.000000e+00
    endloop
  endfacet
  facet normal  0.000000e+00  0.000000e+00  0.000000e+00
    outer loop
      vertex -7.590855e-03  1.753055e-04  0.000000e+00
      vertex -7.590855e-03  1.753055e-04 -0.000000e+00
      vertex -6.142706e-03  1.502434e-04 -0.000000e+00
    endloop
  endfacet
  facet normal  0.000000e+00  0.000000e+00  0.000000e+00
    outer loop
      vertex -7.590855e-03  1.753055e-04  0.000000e+00
      vertex -6.142706e-03  1.502434e-04 -0.000000e+00
      vertex -6.142706e-03  1.502434e-04  0.000000e+00
    endloop
  endfacet
  facet normal  0.000000e+00  0.000000e+00  0.000000e+00
    outer loop
      vertex -7.592616e-03  7.532104e-05  0.000000e+00
      vertex -6.144409e-03  5.025787e-05  0.000000e+00
      vertex -7.592616e-03  7.532104e-05 -0.000000e+00
    endloop
  endfacet
  facet normal  0.000000e+00  0.000000e+00  0.000000e+00
    outer loop
      vertex -6.144409e-03  5.025787e-05  0.000000e+00
      vertex -6.144409e-03  5.025787e-05 -0.000000e+00
      vertex -7.592616e-03  7.532104e-05 -0.000000e+00
    endloop
  endfacet
  facet normal  0.000000e+00 -0.000000e+00 -1.000000e+00
    outer loop
      vertex -6.142706e-03  1.502434e-04  0.000000e+00
      vertex -4.650236e-03  1.251811e-04  0.000000e+00
      vertex -6.144409e-03  5.025787e-05  0.000000e+00
    endloop
  endfacet
  facet normal  0.000000e+00  0.000000e+00 -1.000000e+00
    outer loop
      vertex -4.650236e-03  1.251811e-04  0.000000e+00
      vertex -4.651894e-03  2.519484e-05  0.000000e+00
      vertex -6.144409e-03  5.025787e-05  0.000000e+00
    endloop
  endfacet
  facet normal  0.000000e+00  0.000000e+00  1.000000e+00
    outer loop
      vertex -6.142706e-03  1.502434e-04 -0.000000e+00
      vertex -6.144409e-03  5.025787e-05 -0.000000e+00
      vertex -4.650236e-03  1.251811e-04 -0.000000e+00
    endloop
  endfacet
  facet normal  0.000000e+00  0.000000e+00  1.000000e+00
    outer loop
      vertex -4.650236e-03  1.251811e-04 -0.000000e+00
      vertex -6.144409e-03  5.025787e-05 -0.000000e+00
      vertex -4.651894e-03  2.519484e-05 -0.000000e+00
    endloop
  endfacet
  facet normal  0.000000e+00  0.000000e+00  0.000000e+00
    outer loop
      vertex -6.142706e-03  1.502434e-04  0.000000e+00
      vertex -6.142706e-03  1.502434e-04 -0.000000e+00
      vertex -4.650236e-03  1.251811e-04 -0.000000e+00
    endloop
  endfacet
  facet normal  0.000000e+00  0.000000e+00  0.000000e+00
    outer loop
      vertex -6.142706e-03  1.502434e-04  0.000000e+00
      vertex -4.650236e-03  1.251811e-04 -0.000000e+00
      vertex -4.650236e-03  1.251811e-04  0.000000e+00
    endloop
  endfacet
  facet normal  0.000000e+00  0.000000e+00  0.000000e+00
    outer loop
      vertex -6.144409e-03  5.025787e-05  0.000000e+00
      vertex -4.651894e-03  2.519484e-05  0.000000e+00
      vertex -6.144409e-03  5.025787e-05 -0.000000e+00
    endloop
  endfacet
  facet normal  0.000000e+00  0.000000e+00  0.000000e+00
    outer loop
      vertex -4.651894e-03  2.519484e-05  0.000000e+00
      vertex -4.651894e-03  2.519484e-05 -0.000000e+00
      vertex -6.144409e-03  5.025787e-05 -0.000000e+00
    endloop
  endfacet
  facet normal  0.000000e+00 -0.000000e+00 -1.000000e+00
    outer loop
      vertex -4.650236e-03  1.251811e-04  0.000000e+00
      vertex -3.122552e-03  1.001187e-04  0.000000e+00
      vertex -4.651894e-03  2.519484e-05  0.000000e+00
    endloop
  endfacet
  facet normal  0.000000e+00  0.000000e+00 -1.000000e+00
    outer loop
      vertex -3.122552e-03  1.001187e-04  0.000000e+00
      vertex -3.124177e-03  1.319145e-07  0.000000e+00
      vertex -4.651894e-03  2.519484e-05  0.000000e+00
    endloop
  endfacet
  facet normal  0.000000e+00  0.000000e+00  1.000000e+00
    outer loop
      vertex -4.650236e-03  1.251811e-04 -0.000000e+00
      vertex -4.651894e-03  2.519484e-05 -0.000000e+00
      vertex -3.122552e-03  1.001187e-04 -0.000000e+00
    endloop
  endfacet
  facet normal  0.000000e+00  0.000000e+00  1.000000e+00
    outer loop
      vertex -3.122552e-03  1.001187e-04 -0.000000e+00
      vertex -4.651894e-03  2.519484e-05 -0.000000e+00
      vertex -3.124177e-03  1.319145e-07 -0.000000e+00
    endloop
  endfacet
  facet normal  0.000000e+00  0.000000e+00  0.000000e+00
    outer loop
      vertex -4.650236e-03  1.251811e-04  0.000000e+00
      vertex -4.650236e-03  1.251811e-04 -0.000000e+00
      vertex -3.122552e-03  1.001187e-04 -0.000000e+00
    endloop
  endfacet
  facet normal  0.000000e+00  0.000000e+00  0.000000e+00
    outer loop
      vertex -4.650236e-03  1.251811e-04  0.000000e+00
      vertex -3.122552e-03  1.001187e-04 -0.000000e+00
      vertex -3.122552e-03  1.001187e-04  0.000000e+00
    endloop
  endfacet
  facet normal  0.000000e+00  0.000000e+00  0.000000e+00
    outer loop
      vertex -4.651894e-03  2.519484e-05  0.000000e+00
      vertex -3.124177e-03  1.319145e-07  0.000000e+00
      vertex -4.651894e-03  2.519484e-05 -0.000000e+00
    endloop
  endfacet
  facet normal  0.000000e+00  0.000000e+00  0.000000e+00
    outer loop
      vertex -3.124177e-03  1.319145e-07  0.000000e+00
      vertex -3.124177e-03  1.319145e-07 -0.000000e+00
      vertex -4.651894e-03  2.519484e-05 -0.000000e+00
    endloop
  endfacet
  facet normal  0.000000e+00 -0.000000e+00 -1.000000e+00
    outer loop
      vertex -3.122552e-03  1.001187e-04  0.000000e+00
      vertex -1.569020e-03  7.505623e-05  0.000000e+00
      vertex -3.124177e-03  1.319145e-07  0.000000e+00
    endloop
  endfacet
  facet normal  0.000000e+00  0.000000e+00 -1.000000e+00
    outer loop
      vertex -1.569020e-03  7.505623e-05  0.000000e+00
      vertex -1.570623e-03 -2.493092e-05  0.000000e+00
      vertex -3.124177e-03  1.319145e-07  0.000000e+00
    endloop
  endfacet
  facet normal  0.000000e+00  0.000000e+00  1.000000e+00
    outer loop
      vertex -3.122552e-03  1.001187e-04 -0.000000e+00
      vertex -3.124177e-03  1.319145e-07 -0.000000e+00
      vertex -1.569020e-03  7.505623e-05 -0.000000e+00
    endloop
  endfacet
  facet normal  0.000000e+00  0.000000e+00  1.000000e+00
    outer loop
      vertex -1.569020e-03  7.505623e-05 -0.000000e+00
      vertex -3.124177e-03  1.319145e-07 -0.000000e+00
      vertex -1.570623e-03 -2.493092e-05 -0.000000e+00
    endloop
  endfacet
  facet normal  0.000000e+00  0.000000e+00  0.000000e+00
    outer loop
      vertex -3.122552e-03  1.001187e-04  0.000000e+00
      vertex -3.122552e-03  1.001187e-04 -0.000000e+00
      vertex -1.569020e-03  7.505623e-05 -0.000000e+00
    endloop
  endfacet
  facet normal  0.000000e+00  0.000000e+00  0.000000e+00
    outer loop
      vertex -3.122552e-03  1.001187e-04  0.000000e+00
      vertex -1.569020e-03  7.505623e-05 -0.000000e+00
      vertex -1.569020e-03  7.505623e-05  0.000000e+00
    endloop
  endfacet
  facet normal  0.000000e+00  0.000000e+00  0.000000e+00
    outer loop
      vertex -3.124177e-03  1.319145e-07  0.000000e+00
      vertex -1.570623e-03 -2.493092e-05  0.000000e+00
      vertex -3.124177e-03  1.319145e-07 -0.000000e+00
    endloop
  endfacet
  facet normal  0.000000e+00  0.000000e+00  0.000000e+00
    outer loop
      vertex -1.570623e-03 -2.493092e-05  0.000000e+00
      vertex -1.570623e-03 -2.493092e-05 -0.000000e+00
      vertex -3.124177e-03  1.319145e-07 -0.000000e+00
    endloop
  endfacet
  facet normal  0.000000e+00 -0.000000e+00 -1.000000e+00
    outer loop
      vertex -1.569020e-03  7.505623e-05  0.000000e+00
      vertex  7.956739e-07  4.999367e-05  0.000000e+00
      vertex -1.570623e-03 -2.493092e-05  0.000000e+00
    endloop
  endfacet
  facet normal  0.000000e+00  0.000000e+00 -1.000000e+00
    outer loop
      vertex  7.956739e-07  4.999367e-05  0.000000e+00
      vertex -7.956739e-07 -4.999367e-05  0.000000e+00
      vertex -1.570623e-03 -2.493092e-05  0.000000e+00
    endloop
  endfacet
  facet normal  0.000000e+00  0.000000e+00  1.000000e+00
    outer loop
      vertex -1.569020e-03  7.505623e-05 -0.000000e+00
      vertex -1.570623e-03 -2.493092e-05 -0.000000e+00
      vertex  7.956739e-07  4.999367e-05 -0.000000e+00
    endloop
  endfacet
  facet normal  0.000000e+00  0.000000e+00  1.000000e+00
    outer loop
      vertex  7.956739e-07  4.999367e-05 -0.000000e+00
      vertex -1.570623e-03 -2.493092e-05 -0.000000e+00
      vertex -7.956739e-07 -4.999367e-05 -0.000000e+00
    endloop
  endfacet
  facet normal  0.000000e+00  0.000000e+00  0.000000e+00
    outer loop
      vertex -1.569020e-03  7.505623e-05  0.000000e+00
      vertex -1.569020e-03  7.505623e-05 -0.000000e+00
      vertex  7.956739e-07  4.999367e-05 -0.000000e+00
    endloop
  endfacet
  facet normal  0.000000e+00  0.000000e+00  0.000000e+00
    outer loop
      vertex -1.569020e-03  7.505623e-05  0.000000e+00
      vertex  7.956739e-07  4.999367e-05 -0.000000e+00
      vertex  7.956739e-07  4.999367e-05  0.000000e+00
    endloop
  endfacet
  facet normal  0.000000e+00  0.000000e+00  0.000000e+00
    outer loop
      vertex -1.570623e-03 -2.493092e-05  0.000000e+00
      vertex -7.956739e-07 -4.999367e-05  0.000000e+00
      vertex -1.570623e-03 -2.493092e-05 -0.000000e+00
    endloop
  endfacet
  facet normal  0.000000e+00  0.000000e+00  0.000000e+00
    outer loop
      vertex -7.956739e-07 -4.999367e-05  0.000000e+00
      vertex -7.956739e-07 -4.999367e-05 -0.000000e+00
      vertex -1.570623e-03 -2.493092e-05 -0.000000e+00
    endloop
  endfacet
  facet normal  0.000000e+00  0.000000e+00  0.000000e+00
    outer loop
      vertex  4.753026e-06  1.004977e-02  0.000000e+00
      vertex -4.753026e-06  9.950226e-03  0.000000e+00
      vertex  4.753026e-06  1.004977e-02 -0.000000e+00
    endloop
  endfacet
  facet normal  0.000000e+00  0.000000e+00  0.000000e+00
    outer loop
      vertex  4.753026e-06  1.004977e-02 -0.000000e+00
      vertex -4.753026e-06  9.950226e-03  0.000000e+00
      vertex -4.753026e-06  9.950226e-03 -0.000000e+00
    endloop
  endfacet
  facet normal  0.000000e+00  0.000000e+00  0.000000e+00
    outer loop
      vertex  7.956739e-07  4.999367e-05  0.000000e+00
      vertex  7.956739e-07  4.999367e-05 -0.000000e+00
      vertex -7.956739e-07 -4.999367e-05  0.000000e+00
    endloop
  endfacet
  facet normal  0.000000e+00  0.000000e+00  0.000000e+00
    outer loop
      vertex  7.956739e-07  4.999367e-05 -0.000000e+00
      vertex -7.956739e-07 -4.999367e-05 -0.000000e+00
      vertex -7.956739e-07 -4.999367e-05  0.000000e+00
    endloop
  endfacet
endsolid spiral_ribbon
